[2026-05-10 16:53:43.164] [GetTemp--2147478764]:i2c write failed
[2026-05-10 16:53:43.166] 1350,80,97,0.0
[2026-05-10 16:53:43.268] [GetTemp--2147478764]:i2c write failed
[2026-05-10 16:53:43.268] 1351,80,97,0.0
[2026-05-10 16:53:43.363] [GetTemp--2147478764]:i2c write failed
[2026-05-10 16:53:43.366] 1352,80,97,0.0
[2026-05-10 16:53:43.388] HR=90 SpO2=98 (raw:89/98 valid:1/1 sqi:1)
[2026-05-10 16:53:43.465] [GetTemp--2147478764]:i2c write failed
[2026-05-10 16:53:43.466] 1353,80,98,0.0
[2026-05-10 16:53:43.574] [GetTemp--2147478764]:i2c write failed
[2026-05-10 16:53:43.575] 1354,80,98,0.0
[2026-05-10 16:53:43.874] [GetTemp--2147478764]:i2c write failed
[2026-05-10 16:53:43.875] 1355,80,98,0.0
[2026-05-10 16:53:43.982] [GetTemp--2147478764]:i2c write failed
[2026-05-10 16:53:43.982] 1356,80,98,0.0
[2026-05-10 16:53:44.072] [GetTemp--2147478764]:i2c write failed
[2026-05-10 16:53:44.077] 1357,80,98,0.0
[2026-05-10 16:53:44.173] [GetTemp--2147478764]:i2c write failed
[2026-05-10 16:53:44.177] 1358,80,98,0.0
[2026-05-10 16:53:44.273] [GetTemp--2147478764]:i2c write failed
[2026-05-10 16:53:44.276] 1359,80,98,0.0
[2026-05-10 16:53:44.503] HR=90 SpO2=98 (raw:89/97 valid:1/1 sqi:1)
[2026-05-10 16:53:44.596] [GetTemp--2147478764]:i2c write failed
[2026-05-10 16:53:44.598] 1360,80,98,0.0
[2026-05-10 16:53:44.690] [GetTemp--2147478764]:i2c write failed
[2026-05-10 16:53:44.690] 1361,80,98,0.0
[2026-05-10 16:53:44.786] [GetTemp--2147478764]:i2c write failed
[2026-05-10 16:53:44.788] 1362,80,98,0.0
[2026-05-10 16:53:44.882] [GetTemp--2147478764]:i2c write failed
[2026-05-10 16:53:44.887] 1363,80,98,0.0
[2026-05-10 16:53:44.983] [GetTemp--2147478764]:i2c write failed
[2026-05-10 16:53:44.988] 1364,80,98,0.0
[2026-05-10 16:53:45.294] [GetTemp--2147478764]:i2c write failed
[2026-05-10 16:53:45.296] 1365,80,98,0.0
[2026-05-10 16:53:45.394] [GetTemp--2147478764]:i2c write failed
[2026-05-10 16:53:45.396] 1366,80,98,0.0
[2026-05-10 16:53:45.497] [GetTemp--2147478764]:i2c write failed
[2026-05-10 16:53:45.497] 1367,80,98,0.0
[2026-05-10 16:53:45.592] [GetTemp--2147478764]:i2c write failed
[2026-05-10 16:53:45.608] 1368,80,98,0.0
[2026-05-10 16:53:45.685] HR=90 SpO2=98 (raw:92/97 valid:1/1 sqi:1)
[2026-05-10 16:53:45.692] [GetTemp--2147478764]:i2c write failed
[2026-05-10 16:53:45.694] 1369,80,98,0.0
[2026-05-10 16:53:46.003] [GetTemp--2147478764]:i2c write failed
[2026-05-10 16:53:46.009] 1370,80,98,0.0
[2026-05-10 16:53:46.106] [GetTemp--2147478764]:i2c write failed
[2026-05-10 16:53:46.106] 1371,80,98,0.0
[2026-05-10 16:53:46.202] [GetTemp--2147478764]:i2c write failed
[2026-05-10 16:53:46.208] 1372,80,98,0.0
[2026-05-10 16:53:46.307] [GetTemp--2147478764]:i2c write failed
[2026-05-10 16:53:46.308] 1373,80,98,0.0
[2026-05-10 16:53:46.414] [GetTemp--2147478764]:i2c write failed
[2026-05-10 16:53:46.416] 1374,80,98,0.0
[2026-05-10 16:53:46.715] [GetTemp--2147478764]:i2c write failed
[2026-05-10 16:53:46.716] 1375,80,98,0.0
[2026-05-10 16:53:46.785] HR=90 SpO2=98 (raw:92/98 valid:1/1 sqi:1)
[2026-05-10 16:53:46.811] [GetTemp--2147478764]:i2c write failed
[2026-05-10 16:53:46.815] 1376,80,98,0.0
[2026-05-10 16:53:46.915] [GetTemp--2147478764]:i2c write failed
[2026-05-10 16:53:46.915] 1377,80,98,0.0
[2026-05-10 16:53:47.015] [GetTemp--2147478764]:i2c write failed
[2026-05-10 16:53:47.015] 1378,80,98,0.0
[2026-05-10 16:53:47.115] [GetTemp--2147478764]:i2c write failed
[2026-05-10 16:53:47.116] 1379,80,98,0.0
[2026-05-10 16:53:47.431] [GetTemp--2147478764]:i2c write failed
[2026-05-10 16:53:47.432] 1380,80,98,0.0
[2026-05-10 16:53:47.525] [GetTemp--2147478764]:i2c write failed
[2026-05-10 16:53:47.526] 1381,80,98,0.0
[2026-05-10 16:53:47.633] [GetTemp--2147478764]:i2c write failed
[2026-05-10 16:53:47.635] 1382,80,98,0.0
[2026-05-10 16:53:47.723] [GetTemp--2147478764]:i2c write failed
[2026-05-10 16:53:47.727] 1383,80,98,0.0
[2026-05-10 16:53:47.815] HR=89 SpO2=98 (raw:88/98 valid:1/1 sqi:1)
[2026-05-10 16:53:47.821] [GetTemp--2147478764]:i2c write failed
[2026-05-10 16:53:47.825] 1384,79,98,0.0
[2026-05-10 16:53:48.136] [GetTemp--2147478764]:i2c write failed
[2026-05-10 16:53:48.136] 1385,79,98,0.0
[2026-05-10 16:53:48.247] [GetTemp--2147478764]:i2c write failed
[2026-05-10 16:53:48.248] 1386,79,98,0.0
[2026-05-10 16:53:48.344] [GetTemp--2147478764]:i2c write failed
[2026-05-10 16:53:48.347] 1387,79,98,0.0
[2026-05-10 16:53:48.432] [GetTemp--2147478764]:i2c write failed
[2026-05-10 16:53:48.447] 1388,79,98,0.0
[2026-05-10 16:53:48.542] [GetTemp--2147478764]:i2c write failed
[2026-05-10 16:53:48.543] 1389,79,98,0.0
[2026-05-10 16:53:48.844] [GetTemp--2147478764]:i2c write failed
[2026-05-10 16:53:48.847] 1390,79,98,0.0
[2026-05-10 16:53:48.906] HR=92 SpO2=98 (raw:93/98 valid:1/1 sqi:1)
[2026-05-10 16:53:48.944] [GetTemp--2147478764]:i2c write failed
[2026-05-10 16:53:48.945] 1391,82,98,0.0
[2026-05-10 16:53:49.044] [GetTemp--2147478764]:i2c write failed
[2026-05-10 16:53:49.044] 1392,82,98,0.0
[2026-05-10 16:53:49.144] [GetTemp--2147478764]:i2c write failed
[2026-05-10 16:53:49.148] 1393,82,98,0.0
[2026-05-10 16:53:49.244] [GetTemp--2147478764]:i2c write failed
[2026-05-10 16:53:49.244] 1394,82,98,0.0
[2026-05-10 16:53:49.554] [GetTemp--2147478764]:i2c write failed
[2026-05-10 16:53:49.558] 1395,82,98,0.0
[2026-05-10 16:53:49.663] [GetTemp--2147478764]:i2c write failed
[2026-05-10 16:53:49.664] 1396,82,98,0.0
[2026-05-10 16:53:49.757] [GetTemp--2147478764]:i2c write failed
[2026-05-10 16:53:49.758] 1397,82,98,0.0
[2026-05-10 16:53:49.857] [GetTemp--2147478764]:i2c write failed
[2026-05-10 16:53:49.858] 1398,82,98,0.0
[2026-05-10 16:53:49.953] [GetTemp--2147478764]:i2c write failed
[2026-05-10 16:53:49.968] 1399,82,98,0.0
[2026-05-10 16:53:50.182] HR=92 SpO2=98 (raw:93/98 valid:1/1 sqi:1)
[2026-05-10 16:53:50.274] [GetTemp--2147478764]:i2c write failed
[2026-05-10 16:53:50.275] 1400,82,98,0.0
[2026-05-10 16:53:50.362] [GetTemp--2147478764]:i2c write failed
[2026-05-10 16:53:50.377] 1401,82,98,0.0
[2026-05-10 16:53:50.475] [GetTemp--2147478764]:i2c write failed
[2026-05-10 16:53:50.475] 1402,82,98,0.0
[2026-05-10 16:53:50.568] [GetTemp--2147478764]:i2c write failed
[2026-05-10 16:53:50.569] 1403,82,98,0.0
[2026-05-10 16:53:50.676] [GetTemp--2147478764]:i2c write failed
[2026-05-10 16:53:50.678] 1404,82,98,0.0
[2026-05-10 16:53:50.977] [GetTemp--2147478764]:i2c write failed
[2026-05-10 16:53:50.979] 1405,82,98,0.0
[2026-05-10 16:53:51.078] [GetTemp--2147478764]:i2c write failed
[2026-05-10 16:53:51.080] 1406,82,98,0.0
[2026-05-10 16:53:51.173] [GetTemp--2147478764]:i2c write failed
[2026-05-10 16:53:51.177] 1407,82,98,0.0
[2026-05-10 16:53:51.198] HR=92 SpO2=98 (raw:88/98 valid:1/1 sqi:1)
[2026-05-10 16:53:51.278] [GetTemp--2147478764]:i2c write failed
[2026-05-10 16:53:51.279] 1408,82,98,0.0
[2026-05-10 16:53:51.378] [GetTemp--2147478764]:i2c write failed
[2026-05-10 16:53:51.379] 1409,82,98,0.0
[2026-05-10 16:53:51.685] [GetTemp--2147478764]:i2c write failed
[2026-05-10 16:53:51.686] 1410,82,98,0.0
[2026-05-10 16:53:51.786] [GetTemp--2147478764]:i2c write failed
[2026-05-10 16:53:51.787] 1411,82,98,0.0
[2026-05-10 16:53:51.885] [GetTemp--2147478764]:i2c write failed
[2026-05-10 16:53:51.887] 1412,82,98,0.0
[2026-05-10 16:53:51.986] [GetTemp--2147478764]:i2c write failed
[2026-05-10 16:53:51.987] 1413,82,98,0.0
[2026-05-10 16:53:52.086] [GetTemp--2147478764]:i2c write failed
[2026-05-10 16:53:52.087] 1414,82,98,0.0
[2026-05-10 16:53:52.319] HR=93 SpO2=98 (raw:93/98 valid:1/1 sqi:1)
[2026-05-10 16:53:52.394] [GetTemp--2147478764]:i2c write failed
[2026-05-10 16:53:52.398] 1415,83,98,0.0
[2026-05-10 16:53:52.503] [GetTemp--2147478764]:i2c write failed
[2026-05-10 16:53:52.505] 1416,83,98,0.0
[2026-05-10 16:53:52.598] [GetTemp--2147478764]:i2c write failed
[2026-05-10 16:53:52.599] 1417,83,98,0.0
[2026-05-10 16:53:52.706] [GetTemp--2147478764]:i2c write failed
[2026-05-10 16:53:52.708] 1418,83,98,0.0
[2026-05-10 16:53:52.798] [GetTemp--2147478764]:i2c write failed
[2026-05-10 16:53:52.799] 1419,83,98,0.0
[2026-05-10 16:53:53.102] [GetTemp--2147478764]:i2c write failed
[2026-05-10 16:53:53.105] 1420,83,98,0.0
[2026-05-10 16:53:53.203] [GetTemp--2147478764]:i2c write failed
[2026-05-10 16:53:53.208] 1421,83,98,0.0
[2026-05-10 16:53:53.305] [GetTemp--2147478764]:i2c write failed
[2026-05-10 16:53:53.307] 1422,83,98,0.0
[2026-05-10 16:53:53.330] HR=93 SpO2=98 (raw:95/98 valid:1/1 sqi:1)
[2026-05-10 16:53:53.405] [GetTemp--2147478764]:i2c write failed
[2026-05-10 16:53:53.408] 1423,83,98,0.0
[2026-05-10 16:53:53.504] [GetTemp--2147478764]:i2c write failed
[2026-05-10 16:53:53.505] 1424,83,98,0.0
[2026-05-10 16:53:53.815] [GetTemp--2147478764]:i2c write failed
[2026-05-10 16:53:53.815] 1425,83,98,0.0
[2026-05-10 16:53:53.915] [GetTemp--2147478764]:i2c write failed
[2026-05-10 16:53:53.915] 1426,83,98,0.0
[2026-05-10 16:53:54.015] [GetTemp--2147478764]:i2c write failed
[2026-05-10 16:53:54.015] 1427,83,98,0.0
[2026-05-10 16:53:54.115] [GetTemp--2147478764]:i2c write failed
[2026-05-10 16:53:54.115] 1428,83,98,0.0
[2026-05-10 16:53:54.219] [GetTemp--2147478764]:i2c write failed
[2026-05-10 16:53:54.219] 1429,83,98,0.0
[2026-05-10 16:53:54.533] [GetTemp--2147478764]:i2c write failed
[2026-05-10 16:53:54.535] 1430,83,98,0.0
[2026-05-10 16:53:54.595] HR=93 SpO2=98 (raw:96/97 valid:1/1 sqi:1)
[2026-05-10 16:53:54.622] [GetTemp--2147478764]:i2c write failed
[2026-05-10 16:53:54.626] 1431,83,98,0.0
[2026-05-10 16:53:54.736] [GetTemp--2147478764]:i2c write failed
[2026-05-10 16:53:54.736] 1432,83,98,0.0
[2026-05-10 16:53:54.823] [GetTemp--2147478764]:i2c write failed
[2026-05-10 16:53:54.832] 1433,83,98,0.0
[2026-05-10 16:53:54.923] [GetTemp--2147478764]:i2c write failed
[2026-05-10 16:53:54.925] 1434,83,98,0.0
[2026-05-10 16:53:55.236] [GetTemp--2147478764]:i2c write failed
[2026-05-10 16:53:55.237] 1435,83,98,0.0
[2026-05-10 16:53:55.336] [GetTemp--2147478764]:i2c write failed
[2026-05-10 16:53:55.337] 1436,83,98,0.0
[2026-05-10 16:53:55.436] [GetTemp--2147478764]:i2c write failed
[2026-05-10 16:53:55.436] 1437,83,98,0.0
[2026-05-10 16:53:55.543] [GetTemp--2147478764]:i2c write failed
[2026-05-10 16:53:55.543] 1438,83,98,0.0
[2026-05-10 16:53:55.637] HR=93 SpO2=98 (raw:92/98 valid:1/1 sqi:1)
[2026-05-10 16:53:55.638] [GetTemp--2147478764]:i2c write failed
[2026-05-10 16:53:55.638] 1439,83,98,0.0
[2026-05-10 16:53:55.944] [GetTemp--2147478764]:i2c write failed
[2026-05-10 16:53:55.945] 1440,83,98,0.0
[2026-05-10 16:53:56.044] [GetTemp--2147478764]:i2c write failed
[2026-05-10 16:53:56.044] 1441,83,98,0.0
[2026-05-10 16:53:56.144] [GetTemp--2147478764]:i2c write failed
[2026-05-10 16:53:56.145] 1442,83,98,0.0
[2026-05-10 16:53:56.244] [GetTemp--2147478764]:i2c write failed
[2026-05-10 16:53:56.245] 1443,83,98,0.0
[2026-05-10 16:53:56.344] [GetTemp--2147478764]:i2c write failed
[2026-05-10 16:53:56.346] 1444,83,98,0.0
[2026-05-10 16:53:56.587] HR=95 SpO2=98 (raw:100/98 valid:1/1 sqi:1)
[2026-05-10 16:53:56.665] [GetTemp--2147478764]:i2c write failed
[2026-05-10 16:53:56.665] 1445,85,98,0.0
[2026-05-10 16:53:56.753] [GetTemp--2147478764]:i2c write failed
[2026-05-10 16:53:56.757] 1446,85,98,0.0
[2026-05-10 16:53:56.854] [GetTemp--2147478764]:i2c write failed
[2026-05-10 16:53:56.857] 1447,85,98,0.0
[2026-05-10 16:53:56.953] [GetTemp--2147478764]:i2c write failed
[2026-05-10 16:53:56.956] 1448,85,98,0.0
[2026-05-10 16:53:57.053] [GetTemp--2147478764]:i2c write failed
[2026-05-10 16:53:57.065] 1449,85,98,0.0
[2026-05-10 16:53:57.365] [GetTemp--2147478764]:i2c write failed
[2026-05-10 16:53:57.365] 1450,85,98,0.0
[2026-05-10 16:53:57.475] [GetTemp--2147478764]:i2c write failed
[2026-05-10 16:53:57.475] 1451,85,98,0.0
[2026-05-10 16:53:57.569] [GetTemp--2147478764]:i2c write failed
[2026-05-10 16:53:57.569] 1452,85,98,0.0
[2026-05-10 16:53:57.679] [GetTemp--2147478764]:i2c write failed
[2026-05-10 16:53:57.679] 1453,85,98,0.0
[2026-05-10 16:53:57.748] HR=96 SpO2=98 (raw:98/98 valid:1/1 sqi:1)
[2026-05-10 16:53:57.762] [GetTemp--2147478764]:i2c write failed
[2026-05-10 16:53:57.765] 1454,86,98,0.0
[2026-05-10 16:53:58.073] [GetTemp--2147478764]:i2c write failed
[2026-05-10 16:53:58.077] 1455,86,98,0.0
[2026-05-10 16:53:58.173] [GetTemp--2147478764]:i2c write failed
[2026-05-10 16:53:58.177] 1456,86,98,0.0
[2026-05-10 16:53:58.274] [GetTemp--2147478764]:i2c write failed
[2026-05-10 16:53:58.278] 1457,86,98,0.0
[2026-05-10 16:53:58.373] ReadLicenseData(), failed to get licdata string
[2026-05-10 16:53:58.380] VerifyLicense(), cannot read license data files
[2026-05-10 16:53:58.381] license_task_main() verify license invalid, reboot after 57 mins
[2026-05-10 16:53:58.386] [GetTemp--2147478764]:i2c write failed
[2026-05-10 16:53:58.390] 1458,86,98,0.0
[2026-05-10 16:53:58.491] [GetTemp--2147478764]:i2c write failed
[2026-05-10 16:53:58.492] 1459,86,98,0.0
[2026-05-10 16:53:58.794] [GetTemp--2147478764]:i2c write failed
[2026-05-10 16:53:58.796] 1460,86,98,0.0
[2026-05-10 16:53:58.894] [GetTemp--2147478764]:i2c write failed
[2026-05-10 16:53:58.898] 1461,86,98,0.0
[2026-05-10 16:53:58.994] [GetTemp--2147478764]:i2c write failed
[2026-05-10 16:53:58.997] 1462,86,98,0.0
[2026-05-10 16:53:59.016] HR=96 SpO2=98 (raw:96/98 valid:1/1 sqi:1)
[2026-05-10 16:53:59.094] [GetTemp--2147478764]:i2c write failed
[2026-05-10 16:53:59.095] 1463,86,98,0.0
[2026-05-10 16:53:59.194] [GetTemp--2147478764]:i2c write failed
[2026-05-10 16:53:59.198] 1464,86,98,0.0
[2026-05-10 16:53:59.506] [GetTemp--2147478764]:i2c write failed
[2026-05-10 16:53:59.507] 1465,86,98,0.0
[2026-05-10 16:53:59.614] [GetTemp--2147478764]:i2c write failed
[2026-05-10 16:53:59.615] 1466,86,98,0.0
[2026-05-10 16:53:59.707] [GetTemp--2147478764]:i2c write failed
[2026-05-10 16:53:59.708] 1467,86,98,0.0
[2026-05-10 16:53:59.803] [GetTemp--2147478764]:i2c write failed
[2026-05-10 16:53:59.806] 1468,86,98,0.0
[2026-05-10 16:53:59.903] [GetTemp--2147478764]:i2c write failed
[2026-05-10 16:53:59.905] 1469,86,98,0.0
[2026-05-10 16:54:00.140] HR=96 SpO2=98 (raw:95/97 valid:1/1 sqi:1)
[2026-05-10 16:54:00.215] [GetTemp--2147478764]:i2c write failed
[2026-05-10 16:54:00.215] 1470,86,98,0.0
[2026-05-10 16:54:00.318] [GetTemp--2147478764]:i2c write failed
[2026-05-10 16:54:00.319] 1471,86,98,0.0
[2026-05-10 16:54:00.420] [GetTemp--2147478764]:i2c write failed
[2026-05-10 16:54:00.420] 1472,86,98,0.0
[2026-05-10 16:54:00.514] [GetTemp--2147478764]:i2c write failed
[2026-05-10 16:54:00.517] 1473,86,98,0.0
[2026-05-10 16:54:00.623] [GetTemp--2147478764]:i2c write failed
[2026-05-10 16:54:00.624] 1474,86,98,0.0
[2026-05-10 16:54:00.931] [GetTemp--2147478764]:i2c write failed
[2026-05-10 16:54:00.933] 1475,86,98,0.0
[2026-05-10 16:54:01.028] [GetTemp--2147478764]:i2c write failed
[2026-05-10 16:54:01.028] 1476,86,98,0.0
[2026-05-10 16:54:01.124] [GetTemp--2147478764]:i2c write failed
[2026-05-10 16:54:01.132] 1477,86,98,0.0
[2026-05-10 16:54:01.149] HR=96 SpO2=98 (raw:92/98 valid:1/1 sqi:1)
[2026-05-10 16:54:01.223] [GetTemp--2147478764]:i2c write failed
[2026-05-10 16:54:01.227] 1478,86,98,0.0
[2026-05-10 16:54:01.324] [GetTemp--2147478764]:i2c write failed
[2026-05-10 16:54:01.326] 1479,86,98,0.0
[2026-05-10 16:54:01.641] [GetTemp--2147478764]:i2c write failed
[2026-05-10 16:54:01.645] 1480,86,98,0.0
[2026-05-10 16:54:01.744] [GetTemp--2147478764]:i2c write failed
[2026-05-10 16:54:01.747] 1481,86,98,0.0
[2026-05-10 16:54:01.841] [GetTemp--2147478764]:i2c write failed
[2026-05-10 16:54:01.842] 1482,86,98,0.0
[2026-05-10 16:54:01.945] [GetTemp--2147478764]:i2c write failed
[2026-05-10 16:54:01.946] 1483,86,98,0.0
[2026-05-10 16:54:02.033] [GetTemp--2147478764]:i2c write failed
[2026-05-10 16:54:02.040] 1484,86,98,0.0
[2026-05-10 16:54:02.265] HR=95 SpO2=98 (raw:92/97 valid:1/1 sqi:1)
[2026-05-10 16:54:02.344] [GetTemp--2147478764]:i2c write failed
[2026-05-10 16:54:02.346] 1485,85,98,0.0
[2026-05-10 16:54:02.444] [GetTemp--2147478764]:i2c write failed
[2026-05-10 16:54:02.446] 1486,85,98,0.0
[2026-05-10 16:54:02.555] [GetTemp--2147478764]:i2c write failed
[2026-05-10 16:54:02.558] 1487,85,98,0.0
[2026-05-10 16:54:02.648] [GetTemp--2147478764]:i2c write failed
[2026-05-10 16:54:02.651] 1488,85,98,0.0
[2026-05-10 16:54:02.756] [GetTemp--2147478764]:i2c write failed
[2026-05-10 16:54:02.758] 1489,85,98,0.0
[2026-05-10 16:54:03.056] [GetTemp--2147478764]:i2c write failed
[2026-05-10 16:54:03.056] 1490,85,98,0.0
[2026-05-10 16:54:03.153] [GetTemp--2147478764]:i2c write failed
[2026-05-10 16:54:03.157] 1491,85,98,0.0
[2026-05-10 16:54:03.257] [GetTemp--2147478764]:i2c write failed
[2026-05-10 16:54:03.259] 1492,85,98,0.0
[2026-05-10 16:54:03.357] [GetTemp--2147478764]:i2c write failed
[2026-05-10 16:54:03.361] 1493,85,98,0.0
[2026-05-10 16:54:03.444] HR=92 SpO2=98 (raw:90/99 valid:1/1 sqi:1)
[2026-05-10 16:54:03.452] [GetTemp--2147478764]:i2c write failed
[2026-05-10 16:54:03.455] 1494,82,98,0.0
[2026-05-10 16:54:03.767] [GetTemp--2147478764]:i2c write failed
[2026-05-10 16:54:03.769] 1495,82,98,0.0
[2026-05-10 16:54:03.866] [GetTemp--2147478764]:i2c write failed
[2026-05-10 16:54:03.869] 1496,82,98,0.0
[2026-05-10 16:54:03.966] [GetTemp--2147478764]:i2c write failed
[2026-05-10 16:54:03.969] 1497,82,98,0.0
[2026-05-10 16:54:04.065] [GetTemp--2147478764]:i2c write failed
[2026-05-10 16:54:04.066] 1498,82,98,0.0
[2026-05-10 16:54:04.166] [GetTemp--2147478764]:i2c write failed
[2026-05-10 16:54:04.167] 1499,82,98,0.0
[2026-05-10 16:54:04.477] [GetTemp--2147478764]:i2c write failed
[2026-05-10 16:54:04.479] 1500,82,98,0.0
[2026-05-10 16:54:04.553] HR=92 SpO2=97 (raw:90/97 valid:1/1 sqi:1)
[2026-05-10 16:54:04.572] [GetTemp--2147478764]:i2c write failed
[2026-05-10 16:54:04.576] 1501,82,97,0.0
[2026-05-10 16:54:04.679] [GetTemp--2147478764]:i2c write failed
[2026-05-10 16:54:04.681] 1502,82,97,0.0
[2026-05-10 16:54:04.774] [GetTemp--2147478764]:i2c write failed
[2026-05-10 16:54:04.776] 1503,82,97,0.0
[2026-05-10 16:54:04.877] [GetTemp--2147478764]:i2c write failed
[2026-05-10 16:54:04.880] 1504,82,97,0.0
[2026-05-10 16:54:05.183] [GetTemp--2147478764]:i2c write failed
[2026-05-10 16:54:05.190] 1505,82,97,0.0
[2026-05-10 16:54:05.289] [GetTemp--2147478764]:i2c write failed
[2026-05-10 16:54:05.293] 1506,82,97,0.0
[2026-05-10 16:54:05.390] [GetTemp--2147478764]:i2c write failed
[2026-05-10 16:54:05.392] 1507,82,97,0.0
[2026-05-10 16:54:05.487] [GetTemp--2147478764]:i2c write failed
[2026-05-10 16:54:05.490] 1508,82,97,0.0
[2026-05-10 16:54:05.581] HR=92 SpO2=97 (raw:100/97 valid:1/1 sqi:1)
[2026-05-10 16:54:05.583] [GetTemp--2147478764]:i2c write failed
[2026-05-10 16:54:05.588] 1509,82,97,0.0
[2026-05-10 16:54:05.894] [GetTemp--2147478764]:i2c write failed
[2026-05-10 16:54:05.896] 1510,82,97,0.0
[2026-05-10 16:54:06.002] [GetTemp--2147478764]:i2c write failed
[2026-05-10 16:54:06.005] 1511,82,97,0.0
[2026-05-10 16:54:06.094] [GetTemp--2147478764]:i2c write failed
[2026-05-10 16:54:06.097] 1512,82,97,0.0
[2026-05-10 16:54:06.195] [GetTemp--2147478764]:i2c write failed
[2026-05-10 16:54:06.195] 1513,82,97,0.0
[2026-05-10 16:54:06.295] [GetTemp--2147478764]:i2c write failed
[2026-05-10 16:54:06.298] 1514,82,97,0.0
[2026-05-10 16:54:06.616] [GetTemp--2147478764]:i2c write failed
[2026-05-10 16:54:06.619] 1515,82,97,0.0
[2026-05-10 16:54:06.678] HR=92 SpO2=97 (raw:105/97 valid:1/1 sqi:1)
[2026-05-10 16:54:06.702] [GetTemp--2147478764]:i2c write failed
[2026-05-10 16:54:06.706] 1516,82,97,0.0
[2026-05-10 16:54:06.804] [GetTemp--2147478764]:i2c write failed
[2026-05-10 16:54:06.808] 1517,82,97,0.0
[2026-05-10 16:54:06.903] [GetTemp--2147478764]:i2c write failed
[2026-05-10 16:54:06.907] 1518,82,97,0.0
[2026-05-10 16:54:07.004] [GetTemp--2147478764]:i2c write failed
[2026-05-10 16:54:07.007] 1519,82,97,0.0
[2026-05-10 16:54:07.321] [GetTemp--2147478764]:i2c write failed
[2026-05-10 16:54:07.323] 1520,82,97,0.0
[2026-05-10 16:54:07.413] [GetTemp--2147478764]:i2c write failed
[2026-05-10 16:54:07.417] 1521,82,97,0.0
[2026-05-10 16:54:07.523] [GetTemp--2147478764]:i2c write failed
[2026-05-10 16:54:07.524] 1522,82,97,0.0
[2026-05-10 16:54:07.616] [GetTemp--2147478764]:i2c write failed
[2026-05-10 16:54:07.618] 1523,82,97,0.0
[2026-05-10 16:54:07.715] [GetTemp--2147478764]:i2c write failed
[2026-05-10 16:54:07.716] 1524,82,97,0.0
[2026-05-10 16:54:07.945] HR=100 SpO2=97 (raw:105/98 valid:1/1 sqi:1)
[2026-05-10 16:54:08.024] [GetTemp--2147478764]:i2c write failed
[2026-05-10 16:54:08.027] 1525,90,97,0.0
[2026-05-10 16:54:08.128] [GetTemp--2147478764]:i2c write failed
[2026-05-10 16:54:08.129] 1526,90,97,0.0
[2026-05-10 16:54:08.224] [GetTemp--2147478764]:i2c write failed
[2026-05-10 16:54:08.226] 1527,90,97,0.0
[2026-05-10 16:54:08.324] [GetTemp--2147478764]:i2c write failed
[2026-05-10 16:54:08.326] 1528,90,97,0.0
[2026-05-10 16:54:08.427] [GetTemp--2147478764]:i2c write failed
[2026-05-10 16:54:08.428] 1529,90,97,0.0
[2026-05-10 16:54:08.743] [GetTemp--2147478764]:i2c write failed
[2026-05-10 16:54:08.744] 1530,90,97,0.0
[2026-05-10 16:54:08.840] [GetTemp--2147478764]:i2c write failed
[2026-05-10 16:54:08.840] 1531,90,97,0.0
[2026-05-10 16:54:08.935] [GetTemp--2147478764]:i2c write failed
[2026-05-10 16:54:08.935] 1532,90,97,0.0
[2026-05-10 16:54:08.965] HR=105 SpO2=97 (raw:111/98 valid:1/1 sqi:1)
[2026-05-10 16:54:09.036] [GetTemp--2147478764]:i2c write failed
[2026-05-10 16:54:09.036] 1533,95,97,0.0
[2026-05-10 16:54:09.133] [GetTemp--2147478764]:i2c write failed
[2026-05-10 16:54:09.140] 1534,95,97,0.0
[2026-05-10 16:54:09.457] [GetTemp--2147478764]:i2c write failed
[2026-05-10 16:54:09.460] 1535,95,97,0.0
[2026-05-10 16:54:09.550] [GetTemp--2147478764]:i2c write failed
[2026-05-10 16:54:09.550] 1536,95,97,0.0
[2026-05-10 16:54:09.644] [GetTemp--2147478764]:i2c write failed
[2026-05-10 16:54:09.645] 1537,95,97,0.0
[2026-05-10 16:54:09.745] [GetTemp--2147478764]:i2c write failed
[2026-05-10 16:54:09.747] 1538,95,97,0.0
[2026-05-10 16:54:09.845] [GetTemp--2147478764]:i2c write failed
[2026-05-10 16:54:09.847] 1539,95,97,0.0
[2026-05-10 16:54:10.073] HR=105 SpO2=98 (raw:109/98 valid:1/1 sqi:1)
[2026-05-10 16:54:10.154] [GetTemp--2147478764]:i2c write failed
[2026-05-10 16:54:10.158] 1540,95,98,0.0
[2026-05-10 16:54:10.258] [GetTemp--2147478764]:i2c write failed
[2026-05-10 16:54:10.259] 1541,95,98,0.0
[2026-05-10 16:54:10.357] [GetTemp--2147478764]:i2c write failed
[2026-05-10 16:54:10.357] 1542,95,98,0.0
[2026-05-10 16:54:10.461] [GetTemp--2147478764]:i2c write failed
[2026-05-10 16:54:10.464] 1543,95,98,0.0
[2026-05-10 16:54:10.555] [GetTemp--2147478764]:i2c write failed
[2026-05-10 16:54:10.557] 1544,95,98,0.0
[2026-05-10 16:54:10.866] [GetTemp--2147478764]:i2c write failed
[2026-05-10 16:54:10.867] 1545,95,98,0.0
[2026-05-10 16:54:10.966] [GetTemp--2147478764]:i2c write failed
[2026-05-10 16:54:10.969] 1546,95,98,0.0
[2026-05-10 16:54:11.066] [GetTemp--2147478764]:i2c write failed
[2026-05-10 16:54:11.069] 1547,95,98,0.0
[2026-05-10 16:54:11.091] HR=105 SpO2=98 (raw:100/98 valid:1/1 sqi:1)
[2026-05-10 16:54:11.171] [GetTemp--2147478764]:i2c write failed
[2026-05-10 16:54:11.175] 1548,95,98,0.0
[2026-05-10 16:54:11.270] [GetTemp--2147478764]:i2c write failed
[2026-05-10 16:54:11.271] 1549,95,98,0.0
[2026-05-10 16:54:11.586] [GetTemp--2147478764]:i2c write failed
[2026-05-10 16:54:11.588] 1550,95,98,0.0
[2026-05-10 16:54:11.680] [GetTemp--2147478764]:i2c write failed
[2026-05-10 16:54:11.683] 1551,95,98,0.0
[2026-05-10 16:54:11.775] [GetTemp--2147478764]:i2c write failed
[2026-05-10 16:54:11.776] 1552,95,98,0.0
[2026-05-10 16:54:11.873] [GetTemp--2147478764]:i2c write failed
[2026-05-10 16:54:11.878] 1553,95,98,0.0
[2026-05-10 16:54:11.974] [GetTemp--2147478764]:i2c write failed
[2026-05-10 16:54:11.976] 1554,95,98,0.0
[2026-05-10 16:54:12.286] [GetTemp--2147478764]:i2c write failed
[2026-05-10 16:54:12.286] 1555,95,98,0.0
[2026-05-10 16:54:12.358] HR=105 SpO2=98 (raw:98/97 valid:1/1 sqi:1)
[2026-05-10 16:54:12.386] [GetTemp--2147478764]:i2c write failed
[2026-05-10 16:54:12.386] 1556,95,98,0.0
[2026-05-10 16:54:12.493] [GetTemp--2147478764]:i2c write failed
[2026-05-10 16:54:12.495] 1557,95,98,0.0
[2026-05-10 16:54:12.586] [GetTemp--2147478764]:i2c write failed
[2026-05-10 16:54:12.587] 1558,95,98,0.0
[2026-05-10 16:54:12.694] [GetTemp--2147478764]:i2c write failed
[2026-05-10 16:54:12.695] 1559,95,98,0.0
[2026-05-10 16:54:12.994] [GetTemp--2147478764]:i2c write failed
[2026-05-10 16:54:12.997] 1560,95,98,0.0
[2026-05-10 16:54:13.098] [GetTemp--2147478764]:i2c write failed
[2026-05-10 16:54:13.098] 1561,95,98,0.0
[2026-05-10 16:54:13.195] [GetTemp--2147478764]:i2c write failed
[2026-05-10 16:54:13.197] 1562,95,98,0.0
[2026-05-10 16:54:13.300] [GetTemp--2147478764]:i2c write failed
[2026-05-10 16:54:13.300] 1563,95,98,0.0
[2026-05-10 16:54:13.385] HR=100 SpO2=98 (raw:98/97 valid:1/1 sqi:1)
[2026-05-10 16:54:13.392] [GetTemp--2147478764]:i2c write failed
[2026-05-10 16:54:13.395] 1564,90,98,0.0
[2026-05-10 16:54:13.703] [GetTemp--2147478764]:i2c write failed
[2026-05-10 16:54:13.706] 1565,90,98,0.0
[2026-05-10 16:54:13.806] [GetTemp--2147478764]:i2c write failed
[2026-05-10 16:54:13.807] 1566,90,98,0.0
[2026-05-10 16:54:13.903] [GetTemp--2147478764]:i2c write failed
[2026-05-10 16:54:13.905] 1567,90,98,0.0
[2026-05-10 16:54:14.013] [GetTemp--2147478764]:i2c write failed
[2026-05-10 16:54:14.013] 1568,90,98,0.0
[2026-05-10 16:54:14.115] [GetTemp--2147478764]:i2c write failed
[2026-05-10 16:54:14.115] 1569,90,98,0.0
[2026-05-10 16:54:14.414] [GetTemp--2147478764]:i2c write failed
[2026-05-10 16:54:14.417] 1570,90,98,0.0
[2026-05-10 16:54:14.491] HR=100 SpO2=97 (raw:100/97 valid:1/1 sqi:1)
[2026-05-10 16:54:14.512] [GetTemp--2147478764]:i2c write failed
[2026-05-10 16:54:14.515] 1571,90,97,0.0
[2026-05-10 16:54:14.616] [GetTemp--2147478764]:i2c write failed
[2026-05-10 16:54:14.618] 1572,90,97,0.0
[2026-05-10 16:54:14.715] [GetTemp--2147478764]:i2c write failed
[2026-05-10 16:54:14.715] 1573,90,97,0.0
[2026-05-10 16:54:14.815] [GetTemp--2147478764]:i2c write failed
[2026-05-10 16:54:14.817] 1574,90,97,0.0
[2026-05-10 16:54:15.124] [GetTemp--2147478764]:i2c write failed
[2026-05-10 16:54:15.127] 1575,90,97,0.0
[2026-05-10 16:54:15.223] [GetTemp--2147478764]:i2c write failed
[2026-05-10 16:54:15.227] 1576,90,97,0.0
[2026-05-10 16:54:15.323] [GetTemp--2147478764]:i2c write failed
[2026-05-10 16:54:15.327] 1577,90,97,0.0
[2026-05-10 16:54:15.429] [GetTemp--2147478764]:i2c write failed
[2026-05-10 16:54:15.430] 1578,90,97,0.0
[2026-05-10 16:54:15.508] HR=100 SpO2=97 (raw:100/98 valid:1/1 sqi:1)
[2026-05-10 16:54:15.522] [GetTemp--2147478764]:i2c write failed
[2026-05-10 16:54:15.524] 1579,90,97,0.0
[2026-05-10 16:54:15.840] [GetTemp--2147478764]:i2c write failed
[2026-05-10 16:54:15.841] 1580,90,97,0.0
[2026-05-10 16:54:15.936] [GetTemp--2147478764]:i2c write failed
[2026-05-10 16:54:15.936] 1581,90,97,0.0
[2026-05-10 16:54:16.036] [GetTemp--2147478764]:i2c write failed
[2026-05-10 16:54:16.038] 1582,90,97,0.0
[2026-05-10 16:54:16.136] [GetTemp--2147478764]:i2c write failed
[2026-05-10 16:54:16.137] 1583,90,97,0.0
[2026-05-10 16:54:16.242] [GetTemp--2147478764]:i2c write failed
[2026-05-10 16:54:16.244] 1584,90,97,0.0
[2026-05-10 16:54:16.549] [GetTemp--2147478764]:i2c write failed
[2026-05-10 16:54:16.550] 1585,90,97,0.0
[2026-05-10 16:54:16.657] [GetTemp--2147478764]:i2c write failed
[2026-05-10 16:54:16.658] 1586,90,97,0.0
[2026-05-10 16:54:16.749] [GetTemp--2147478764]:i2c write failed
[2026-05-10 16:54:16.750] 1587,90,97,0.0
[2026-05-10 16:54:16.768] HR=100 SpO2=97 (raw:100/98 valid:1/1 sqi:1)
[2026-05-10 16:54:16.849] [GetTemp--2147478764]:i2c write failed
[2026-05-10 16:54:16.850] 1588,90,97,0.0
[2026-05-10 16:54:16.948] [GetTemp--2147478764]:i2c write failed
[2026-05-10 16:54:16.950] 1589,90,97,0.0
[2026-05-10 16:54:17.257] [GetTemp--2147478764]:i2c write failed
[2026-05-10 16:54:17.258] 1590,90,97,0.0
[2026-05-10 16:54:17.361] [GetTemp--2147478764]:i2c write failed
[2026-05-10 16:54:17.362] 1591,90,97,0.0
[2026-05-10 16:54:17.452] [GetTemp--2147478764]:i2c write failed
[2026-05-10 16:54:17.456] 1592,90,97,0.0
[2026-05-10 16:54:17.560] [GetTemp--2147478764]:i2c write failed
[2026-05-10 16:54:17.562] 1593,90,97,0.0
[2026-05-10 16:54:17.653] [GetTemp--2147478764]:i2c write failed
[2026-05-10 16:54:17.655] 1594,90,97,0.0
[2026-05-10 16:54:17.888] HR=100 SpO2=98 (raw:100/98 valid:1/1 sqi:1)
[2026-05-10 16:54:17.973] [GetTemp--2147478764]:i2c write failed
[2026-05-10 16:54:17.975] 1595,90,98,0.0
[2026-05-10 16:54:18.065] [GetTemp--2147478764]:i2c write failed
[2026-05-10 16:54:18.066] 1596,90,98,0.0
[2026-05-10 16:54:18.176] [GetTemp--2147478764]:i2c write failed
[2026-05-10 16:54:18.176] 1597,90,98,0.0
[2026-05-10 16:54:18.273] [GetTemp--2147478764]:i2c write failed
[2026-05-10 16:54:18.273] 1598,90,98,0.0
[2026-05-10 16:54:18.364] [GetTemp--2147478764]:i2c write failed
[2026-05-10 16:54:18.364] 1599,90,98,0.0
[2026-05-10 16:54:18.686] [GetTemp--2147478764]:i2c write failed
[2026-05-10 16:54:18.687] 1600,90,98,0.0
[2026-05-10 16:54:18.773] [GetTemp--2147478764]:i2c write failed
[2026-05-10 16:54:18.777] 1601,90,98,0.0
[2026-05-10 16:54:18.877] [GetTemp--2147478764]:i2c write failed
[2026-05-10 16:54:18.879] 1602,90,98,0.0
[2026-05-10 16:54:18.901] HR=100 SpO2=98 (raw:98/99 valid:1/1 sqi:1)
[2026-05-10 16:54:18.979] [GetTemp--2147478764]:i2c write failed
[2026-05-10 16:54:18.979] 1603,90,98,0.0
[2026-05-10 16:54:19.072] [GetTemp--2147478764]:i2c write failed
[2026-05-10 16:54:19.076] 1604,90,98,0.0
[2026-05-10 16:54:19.387] [GetTemp--2147478764]:i2c write failed
[2026-05-10 16:54:19.388] 1605,90,98,0.0
[2026-05-10 16:54:19.497] [GetTemp--2147478764]:i2c write failed
[2026-05-10 16:54:19.498] 1606,90,98,0.0
[2026-05-10 16:54:19.590] [GetTemp--2147478764]:i2c write failed
[2026-05-10 16:54:19.591] 1607,90,98,0.0
[2026-05-10 16:54:19.684] [GetTemp--2147478764]:i2c write failed
[2026-05-10 16:54:19.688] 1608,90,98,0.0
[2026-05-10 16:54:19.795] [GetTemp--2147478764]:i2c write failed
[2026-05-10 16:54:19.795] 1609,90,98,0.0
[2026-05-10 16:54:20.018] HR=100 SpO2=98 (raw:98/98 valid:1/1 sqi:1)
[2026-05-10 16:54:20.097] [GetTemp--2147478764]:i2c write failed
[2026-05-10 16:54:20.098] 1610,90,98,0.0
[2026-05-10 16:54:20.195] [GetTemp--2147478764]:i2c write failed
[2026-05-10 16:54:20.195] 1611,90,98,0.0
[2026-05-10 16:54:20.295] [GetTemp--2147478764]:i2c write failed
[2026-05-10 16:54:20.296] 1612,90,98,0.0
[2026-05-10 16:54:20.406] [GetTemp--2147478764]:i2c write failed
[2026-05-10 16:54:20.408] 1613,90,98,0.0
[2026-05-10 16:54:20.499] [GetTemp--2147478764]:i2c write failed
[2026-05-10 16:54:20.501] 1614,90,98,0.0
[2026-05-10 16:54:20.804] [GetTemp--2147478764]:i2c write failed
[2026-05-10 16:54:20.808] 1615,90,98,0.0
[2026-05-10 16:54:20.907] [GetTemp--2147478764]:i2c write failed
[2026-05-10 16:54:20.908] 1616,90,98,0.0
[2026-05-10 16:54:21.004] [GetTemp--2147478764]:i2c write failed
[2026-05-10 16:54:21.007] 1617,90,98,0.0
[2026-05-10 16:54:21.104] [GetTemp--2147478764]:i2c write failed
[2026-05-10 16:54:21.108] 1618,90,98,0.0
[2026-05-10 16:54:21.194] HR=98 SpO2=98 (raw:96/98 valid:1/1 sqi:1)
[2026-05-10 16:54:21.203] [GetTemp--2147478764]:i2c write failed
[2026-05-10 16:54:21.205] 1619,88,98,0.0
[2026-05-10 16:54:21.525] [GetTemp--2147478764]:i2c write failed
[2026-05-10 16:54:21.525] 1620,88,98,0.0
[2026-05-10 16:54:21.620] [GetTemp--2147478764]:i2c write failed
[2026-05-10 16:54:21.621] 1621,88,98,0.0
[2026-05-10 16:54:21.716] [GetTemp--2147478764]:i2c write failed
[2026-05-10 16:54:21.718] 1622,88,98,0.0
[2026-05-10 16:54:21.824] [GetTemp--2147478764]:i2c write failed
[2026-05-10 16:54:21.825] 1623,88,98,0.0
[2026-05-10 16:54:21.921] [GetTemp--2147478764]:i2c write failed
[2026-05-10 16:54:21.921] 1624,88,98,0.0
[2026-05-10 16:54:22.158] HR=98 SpO2=98 (raw:98/98 valid:1/1 sqi:1)
[2026-05-10 16:54:22.230] [GetTemp--2147478764]:i2c write failed
[2026-05-10 16:54:22.232] 1625,88,98,0.0
[2026-05-10 16:54:22.328] [GetTemp--2147478764]:i2c write failed
[2026-05-10 16:54:22.329] 1626,88,98,0.0
[2026-05-10 16:54:22.429] [GetTemp--2147478764]:i2c write failed
[2026-05-10 16:54:22.430] 1627,88,98,0.0
[2026-05-10 16:54:22.538] [GetTemp--2147478764]:i2c write failed
[2026-05-10 16:54:22.539] 1628,88,98,0.0
[2026-05-10 16:54:22.632] [GetTemp--2147478764]:i2c write failed
[2026-05-10 16:54:22.634] 1629,88,98,0.0
[2026-05-10 16:54:22.933] [GetTemp--2147478764]:i2c write failed
[2026-05-10 16:54:22.936] 1630,88,98,0.0
[2026-05-10 16:54:23.037] [GetTemp--2147478764]:i2c write failed
[2026-05-10 16:54:23.038] 1631,88,98,0.0
[2026-05-10 16:54:23.133] [GetTemp--2147478764]:i2c write failed
[2026-05-10 16:54:23.138] 1632,88,98,0.0
[2026-05-10 16:54:23.237] [GetTemp--2147478764]:i2c write failed
[2026-05-10 16:54:23.238] 1633,88,98,0.0
[2026-05-10 16:54:23.321] HR=98 SpO2=98 (raw:96/97 valid:1/1 sqi:1)
[2026-05-10 16:54:23.335] [GetTemp--2147478764]:i2c write failed
[2026-05-10 16:54:23.337] 1634,88,98,0.0
[2026-05-10 16:54:23.655] [GetTemp--2147478764]:i2c write failed
[2026-05-10 16:54:23.658] 1635,88,98,0.0
[2026-05-10 16:54:23.749] [GetTemp--2147478764]:i2c write failed
[2026-05-10 16:54:23.751] 1636,88,98,0.0
[2026-05-10 16:54:23.856] [GetTemp--2147478764]:i2c write failed
[2026-05-10 16:54:23.857] 1637,88,98,0.0
[2026-05-10 16:54:23.945] [GetTemp--2147478764]:i2c write failed
[2026-05-10 16:54:23.948] 1638,88,98,0.0
[2026-05-10 16:54:24.044] [GetTemp--2147478764]:i2c write failed
[2026-05-10 16:54:24.047] 1639,88,98,0.0
[2026-05-10 16:54:24.365] [GetTemp--2147478764]:i2c write failed
[2026-05-10 16:54:24.365] 1640,88,98,0.0
[2026-05-10 16:54:24.420] HR=98 SpO2=98 (raw:98/98 valid:1/1 sqi:1)
[2026-05-10 16:54:24.459] [GetTemp--2147478764]:i2c write failed
[2026-05-10 16:54:24.460] 1641,88,98,0.0
[2026-05-10 16:54:24.554] [GetTemp--2147478764]:i2c write failed
[2026-05-10 16:54:24.557] 1642,88,98,0.0
[2026-05-10 16:54:24.664] [GetTemp--2147478764]:i2c write failed
[2026-05-10 16:54:24.666] 1643,88,98,0.0
[2026-05-10 16:54:24.754] [GetTemp--2147478764]:i2c write failed
[2026-05-10 16:54:24.757] 1644,88,98,0.0
[2026-05-10 16:54:25.075] [GetTemp--2147478764]:i2c write failed
[2026-05-10 16:54:25.077] 1645,88,98,0.0
[2026-05-10 16:54:25.166] [GetTemp--2147478764]:i2c write failed
[2026-05-10 16:54:25.166] 1646,88,98,0.0
[2026-05-10 16:54:25.276] [GetTemp--2147478764]:i2c write failed
[2026-05-10 16:54:25.278] 1647,88,98,0.0
[2026-05-10 16:54:25.365] [GetTemp--2147478764]:i2c write failed
[2026-05-10 16:54:25.365] 1648,88,98,0.0
[2026-05-10 16:54:25.475] [GetTemp--2147478764]:i2c write failed
[2026-05-10 16:54:25.476] 1649,88,98,0.0
[2026-05-10 16:54:25.696] HR=98 SpO2=98 (raw:100/98 valid:1/1 sqi:1)
[2026-05-10 16:54:25.783] [GetTemp--2147478764]:i2c write failed
[2026-05-10 16:54:25.784] 1650,88,98,0.0
[2026-05-10 16:54:25.881] [GetTemp--2147478764]:i2c write failed
[2026-05-10 16:54:25.883] 1651,88,98,0.0
[2026-05-10 16:54:25.974] [GetTemp--2147478764]:i2c write failed
[2026-05-10 16:54:25.978] 1652,88,98,0.0
[2026-05-10 16:54:26.075] [GetTemp--2147478764]:i2c write failed
[2026-05-10 16:54:26.075] 1653,88,98,0.0
[2026-05-10 16:54:26.174] [GetTemp--2147478764]:i2c write failed
[2026-05-10 16:54:26.178] 1654,88,98,0.0
[2026-05-10 16:54:26.487] [GetTemp--2147478764]:i2c write failed
[2026-05-10 16:54:26.488] 1655,88,98,0.0
[2026-05-10 16:54:26.595] [GetTemp--2147478764]:i2c write failed
[2026-05-10 16:54:26.597] 1656,88,98,0.0
[2026-05-10 16:54:26.683] [GetTemp--2147478764]:i2c write failed
[2026-05-10 16:54:26.686] 1657,88,98,0.0
[2026-05-10 16:54:26.712] HR=98 SpO2=98 (raw:98/97 valid:1/1 sqi:1)
[2026-05-10 16:54:26.783] [GetTemp--2147478764]:i2c write failed
[2026-05-10 16:54:26.786] 1658,88,98,0.0
[2026-05-10 16:54:26.887] [GetTemp--2147478764]:i2c write failed
[2026-05-10 16:54:26.887] 1659,88,98,0.0
[2026-05-10 16:54:27.195] [GetTemp--2147478764]:i2c write failed
[2026-05-10 16:54:27.197] 1660,88,98,0.0
[2026-05-10 16:54:27.295] [GetTemp--2147478764]:i2c write failed
[2026-05-10 16:54:27.297] 1661,88,98,0.0
[2026-05-10 16:54:27.402] [GetTemp--2147478764]:i2c write failed
[2026-05-10 16:54:27.404] 1662,88,98,0.0
[2026-05-10 16:54:27.496] [GetTemp--2147478764]:i2c write failed
[2026-05-10 16:54:27.497] 1663,88,98,0.0
[2026-05-10 16:54:27.604] [GetTemp--2147478764]:i2c write failed
[2026-05-10 16:54:27.607] 1664,88,98,0.0
[2026-05-10 16:54:27.824] HR=98 SpO2=97 (raw:100/97 valid:1/1 sqi:1)
[2026-05-10 16:54:27.903] [GetTemp--2147478764]:i2c write failed
[2026-05-10 16:54:27.907] 1665,88,97,0.0
[2026-05-10 16:54:28.007] [GetTemp--2147478764]:i2c write failed
[2026-05-10 16:54:28.007] 1666,88,97,0.0
[2026-05-10 16:54:28.104] [GetTemp--2147478764]:i2c write failed
[2026-05-10 16:54:28.107] 1667,88,97,0.0
[2026-05-10 16:54:28.214] [GetTemp--2147478764]:i2c write failed
[2026-05-10 16:54:28.214] 1668,88,97,0.0
[2026-05-10 16:54:28.304] [GetTemp--2147478764]:i2c write failed
[2026-05-10 16:54:28.310] 1669,88,97,0.0
[2026-05-10 16:54:28.620] [GetTemp--2147478764]:i2c write failed
[2026-05-10 16:54:28.620] 1670,88,97,0.0
[2026-05-10 16:54:28.721] [GetTemp--2147478764]:i2c write failed
[2026-05-10 16:54:28.722] 1671,88,97,0.0
[2026-05-10 16:54:28.824] [GetTemp--2147478764]:i2c write failed
[2026-05-10 16:54:28.824] 1672,88,97,0.0
[2026-05-10 16:54:28.844] HR=98 SpO2=98 (raw:98/98 valid:1/1 sqi:1)
[2026-05-10 16:54:28.925] [GetTemp--2147478764]:i2c write failed
[2026-05-10 16:54:28.926] 1673,88,98,0.0
[2026-05-10 16:54:29.029] [GetTemp--2147478764]:i2c write failed
[2026-05-10 16:54:29.031] 1674,88,98,0.0
[2026-05-10 16:54:29.328] [GetTemp--2147478764]:i2c write failed
[2026-05-10 16:54:29.328] 1675,88,98,0.0
[2026-05-10 16:54:29.430] [GetTemp--2147478764]:i2c write failed
[2026-05-10 16:54:29.431] 1676,88,98,0.0
[2026-05-10 16:54:29.523] [GetTemp--2147478764]:i2c write failed
[2026-05-10 16:54:29.527] 1677,88,98,0.0
[2026-05-10 16:54:29.631] [GetTemp--2147478764]:i2c write failed
[2026-05-10 16:54:29.634] 1678,88,98,0.0
[2026-05-10 16:54:29.724] [GetTemp--2147478764]:i2c write failed
[2026-05-10 16:54:29.728] 1679,88,98,0.0
[2026-05-10 16:54:29.971] HR=98 SpO2=98 (raw:93/98 valid:1/1 sqi:1)
[2026-05-10 16:54:30.041] [GetTemp--2147478764]:i2c write failed
[2026-05-10 16:54:30.043] 1680,88,98,0.0
[2026-05-10 16:54:30.145] [GetTemp--2147478764]:i2c write failed
[2026-05-10 16:54:30.145] 1681,88,98,0.0
[2026-05-10 16:54:30.233] [GetTemp--2147478764]:i2c write failed
[2026-05-10 16:54:30.236] 1682,88,98,0.0
[2026-05-10 16:54:30.337] [GetTemp--2147478764]:i2c write failed
[2026-05-10 16:54:30.338] 1683,88,98,0.0
[2026-05-10 16:54:30.437] [GetTemp--2147478764]:i2c write failed
[2026-05-10 16:54:30.439] 1684,88,98,0.0
[2026-05-10 16:54:30.757] [GetTemp--2147478764]:i2c write failed
[2026-05-10 16:54:30.759] 1685,88,98,0.0
[2026-05-10 16:54:30.846] [GetTemp--2147478764]:i2c write failed
[2026-05-10 16:54:30.847] 1686,88,98,0.0
[2026-05-10 16:54:30.945] [GetTemp--2147478764]:i2c write failed
[2026-05-10 16:54:30.946] 1687,88,98,0.0
[2026-05-10 16:54:31.046] [GetTemp--2147478764]:i2c write failed
[2026-05-10 16:54:31.048] 1688,88,98,0.0
[2026-05-10 16:54:31.128] HR=98 SpO2=98 (raw:95/98 valid:1/1 sqi:1)
[2026-05-10 16:54:31.147] [GetTemp--2147478764]:i2c write failed
[2026-05-10 16:54:31.148] 1689,88,98,0.0
[2026-05-10 16:54:31.467] [GetTemp--2147478764]:i2c write failed
[2026-05-10 16:54:31.468] 1690,88,98,0.0
[2026-05-10 16:54:31.560] [GetTemp--2147478764]:i2c write failed
[2026-05-10 16:54:31.561] 1691,88,98,0.0
[2026-05-10 16:54:31.654] [GetTemp--2147478764]:i2c write failed
[2026-05-10 16:54:31.665] 1692,88,98,0.0
[2026-05-10 16:54:31.762] [GetTemp--2147478764]:i2c write failed
[2026-05-10 16:54:31.762] 1693,88,98,0.0
[2026-05-10 16:54:31.862] [GetTemp--2147478764]:i2c write failed
[2026-05-10 16:54:31.863] 1694,88,98,0.0
[2026-05-10 16:54:32.170] [GetTemp--2147478764]:i2c write failed
[2026-05-10 16:54:32.170] 1695,88,98,0.0
[2026-05-10 16:54:32.228] HR=95 SpO2=98 (raw:95/97 valid:1/1 sqi:1)
[2026-05-10 16:54:32.266] [GetTemp--2147478764]:i2c write failed
[2026-05-10 16:54:32.266] 1696,85,98,0.0
[2026-05-10 16:54:32.366] [GetTemp--2147478764]:i2c write failed
[2026-05-10 16:54:32.366] 1697,85,98,0.0
[2026-05-10 16:54:32.476] [GetTemp--2147478764]:i2c write failed
[2026-05-10 16:54:32.477] 1698,85,98,0.0
[2026-05-10 16:54:32.570] [GetTemp--2147478764]:i2c write failed
[2026-05-10 16:54:32.571] 1699,85,98,0.0
[2026-05-10 16:54:32.874] [GetTemp--2147478764]:i2c write failed
[2026-05-10 16:54:32.876] 1700,85,98,0.0
[2026-05-10 16:54:32.974] [GetTemp--2147478764]:i2c write failed
[2026-05-10 16:54:32.982] 1701,85,98,0.0
[2026-05-10 16:54:33.086] [GetTemp--2147478764]:i2c write failed
[2026-05-10 16:54:33.086] 1702,85,98,0.0
[2026-05-10 16:54:33.174] [GetTemp--2147478764]:i2c write failed
[2026-05-10 16:54:33.178] 1703,85,98,0.0
[2026-05-10 16:54:33.269] HR=95 SpO2=98 (raw:96/97 valid:1/1 sqi:1)
[2026-05-10 16:54:33.273] [GetTemp--2147478764]:i2c write failed
[2026-05-10 16:54:33.276] 1704,85,98,0.0
[2026-05-10 16:54:33.586] [GetTemp--2147478764]:i2c write failed
[2026-05-10 16:54:33.586] 1705,85,98,0.0
[2026-05-10 16:54:33.695] [GetTemp--2147478764]:i2c write failed
[2026-05-10 16:54:33.695] 1706,85,98,0.0
[2026-05-10 16:54:33.783] [GetTemp--2147478764]:i2c write failed
[2026-05-10 16:54:33.790] 1707,85,98,0.0
[2026-05-10 16:54:33.883] [GetTemp--2147478764]:i2c write failed
[2026-05-10 16:54:33.886] 1708,85,98,0.0
[2026-05-10 16:54:33.987] [GetTemp--2147478764]:i2c write failed
[2026-05-10 16:54:33.988] 1709,85,98,0.0
[2026-05-10 16:54:34.295] [GetTemp--2147478764]:i2c write failed
[2026-05-10 16:54:34.298] 1710,85,98,0.0
[2026-05-10 16:54:34.398] [GetTemp--2147478764]:i2c write failed
[2026-05-10 16:54:34.399] 1711,85,98,0.0
[2026-05-10 16:54:34.508] [GetTemp--2147478764]:i2c write failed
[2026-05-10 16:54:34.509] 1712,85,98,0.0
[2026-05-10 16:54:34.521] HR=95 SpO2=97 (raw:96/97 valid:1/1 sqi:1)
[2026-05-10 16:54:34.600] [GetTemp--2147478764]:i2c write failed
[2026-05-10 16:54:34.601] 1713,85,97,0.0
[2026-05-10 16:54:34.696] [GetTemp--2147478764]:i2c write failed
[2026-05-10 16:54:34.697] 1714,85,97,0.0
[2026-05-10 16:54:35.003] [GetTemp--2147478764]:i2c write failed
[2026-05-10 16:54:35.006] 1715,85,97,0.0
[2026-05-10 16:54:35.103] [GetTemp--2147478764]:i2c write failed
[2026-05-10 16:54:35.107] 1716,85,97,0.0
[2026-05-10 16:54:35.211] [GetTemp--2147478764]:i2c write failed
[2026-05-10 16:54:35.212] 1717,85,97,0.0
[2026-05-10 16:54:35.303] [GetTemp--2147478764]:i2c write failed
[2026-05-10 16:54:35.311] 1718,85,97,0.0
[2026-05-10 16:54:35.406] [GetTemp--2147478764]:i2c write failed
[2026-05-10 16:54:35.407] 1719,85,97,0.0
[2026-05-10 16:54:35.645] HR=95 SpO2=97 (raw:93/97 valid:1/1 sqi:1)
[2026-05-10 16:54:35.716] [GetTemp--2147478764]:i2c write failed
[2026-05-10 16:54:35.716] 1720,85,97,0.0
[2026-05-10 16:54:35.816] [GetTemp--2147478764]:i2c write failed
[2026-05-10 16:54:35.816] 1721,85,97,0.0
[2026-05-10 16:54:35.916] [GetTemp--2147478764]:i2c write failed
[2026-05-10 16:54:35.917] 1722,85,97,0.0
[2026-05-10 16:54:36.014] [GetTemp--2147478764]:i2c write failed
[2026-05-10 16:54:36.016] 1723,85,97,0.0
[2026-05-10 16:54:36.116] [GetTemp--2147478764]:i2c write failed
[2026-05-10 16:54:36.116] 1724,85,97,0.0
[2026-05-10 16:54:36.426] [GetTemp--2147478764]:i2c write failed
[2026-05-10 16:54:36.426] 1725,85,97,0.0
[2026-05-10 16:54:36.538] [GetTemp--2147478764]:i2c write failed
[2026-05-10 16:54:36.538] 1726,85,97,0.0
[2026-05-10 16:54:36.631] [GetTemp--2147478764]:i2c write failed
[2026-05-10 16:54:36.632] 1727,85,97,0.0
[2026-05-10 16:54:36.653] HR=95 SpO2=97 (raw:93/97 valid:1/1 sqi:1)
[2026-05-10 16:54:36.724] [GetTemp--2147478764]:i2c write failed
[2026-05-10 16:54:36.725] 1728,85,97,0.0
[2026-05-10 16:54:36.824] [GetTemp--2147478764]:i2c write failed
[2026-05-10 16:54:36.826] 1729,85,97,0.0
[2026-05-10 16:54:37.136] [GetTemp--2147478764]:i2c write failed
[2026-05-10 16:54:37.136] 1730,85,97,0.0
[2026-05-10 16:54:37.237] [GetTemp--2147478764]:i2c write failed
[2026-05-10 16:54:37.237] 1731,85,97,0.0
[2026-05-10 16:54:37.333] [GetTemp--2147478764]:i2c write failed
[2026-05-10 16:54:37.337] 1732,85,97,0.0
[2026-05-10 16:54:37.438] [GetTemp--2147478764]:i2c write failed
[2026-05-10 16:54:37.439] 1733,85,97,0.0
[2026-05-10 16:54:37.547] [GetTemp--2147478764]:i2c write failed
[2026-05-10 16:54:37.548] 1734,85,97,0.0
[2026-05-10 16:54:37.765] HR=96 SpO2=97 (raw:96/98 valid:1/1 sqi:1)
[2026-05-10 16:54:37.845] [GetTemp--2147478764]:i2c write failed
[2026-05-10 16:54:37.846] 1735,86,97,0.0
[2026-05-10 16:54:37.956] [GetTemp--2147478764]:i2c write failed
[2026-05-10 16:54:37.957] 1736,86,97,0.0
[2026-05-10 16:54:38.044] [GetTemp--2147478764]:i2c write failed
[2026-05-10 16:54:38.046] 1737,86,97,0.0
[2026-05-10 16:54:38.145] [GetTemp--2147478764]:i2c write failed
[2026-05-10 16:54:38.145] 1738,86,97,0.0
[2026-05-10 16:54:38.257] [GetTemp--2147478764]:i2c write failed
[2026-05-10 16:54:38.258] 1739,86,97,0.0
[2026-05-10 16:54:38.560] [GetTemp--2147478764]:i2c write failed
[2026-05-10 16:54:38.561] 1740,86,97,0.0
[2026-05-10 16:54:38.653] [GetTemp--2147478764]:i2c write failed
[2026-05-10 16:54:38.657] 1741,86,97,0.0
[2026-05-10 16:54:38.753] [GetTemp--2147478764]:i2c write failed
[2026-05-10 16:54:38.758] 1742,86,97,0.0
[2026-05-10 16:54:38.853] [GetTemp--2147478764]:i2c write failed
[2026-05-10 16:54:38.858] 1743,86,97,0.0
[2026-05-10 16:54:38.937] HR=96 SpO2=97 (raw:96/98 valid:1/1 sqi:1)
[2026-05-10 16:54:38.953] [GetTemp--2147478764]:i2c write failed
[2026-05-10 16:54:38.956] 1744,86,97,0.0
[2026-05-10 16:54:39.276] [GetTemp--2147478764]:i2c write failed
[2026-05-10 16:54:39.278] 1745,86,97,0.0
[2026-05-10 16:54:39.366] [GetTemp--2147478764]:i2c write failed
[2026-05-10 16:54:39.367] 1746,86,97,0.0
[2026-05-10 16:54:39.465] [GetTemp--2147478764]:i2c write failed
[2026-05-10 16:54:39.467] 1747,86,97,0.0
[2026-05-10 16:54:39.575] [GetTemp--2147478764]:i2c write failed
[2026-05-10 16:54:39.576] 1748,86,97,0.0
[2026-05-10 16:54:39.669] [GetTemp--2147478764]:i2c write failed
[2026-05-10 16:54:39.669] 1749,86,97,0.0
[2026-05-10 16:54:39.978] [GetTemp--2147478764]:i2c write failed
[2026-05-10 16:54:39.978] 1750,86,97,0.0
[2026-05-10 16:54:40.041] HR=96 SpO2=97 (raw:100/97 valid:1/1 sqi:1)
[2026-05-10 16:54:40.074] [GetTemp--2147478764]:i2c write failed
[2026-05-10 16:54:40.076] 1751,86,97,0.0
[2026-05-10 16:54:40.174] [GetTemp--2147478764]:i2c write failed
[2026-05-10 16:54:40.176] 1752,86,97,0.0
[2026-05-10 16:54:40.274] [GetTemp--2147478764]:i2c write failed
[2026-05-10 16:54:40.278] 1753,86,97,0.0
[2026-05-10 16:54:40.380] [GetTemp--2147478764]:i2c write failed
[2026-05-10 16:54:40.381] 1754,86,97,0.0
[2026-05-10 16:54:40.687] [GetTemp--2147478764]:i2c write failed
[2026-05-10 16:54:40.687] 1755,86,97,0.0
[2026-05-10 16:54:40.797] [GetTemp--2147478764]:i2c write failed
[2026-05-10 16:54:40.797] 1756,86,97,0.0
[2026-05-10 16:54:40.887] [GetTemp--2147478764]:i2c write failed
[2026-05-10 16:54:40.888] 1757,86,97,0.0
[2026-05-10 16:54:40.987] [GetTemp--2147478764]:i2c write failed
[2026-05-10 16:54:40.988] 1758,86,97,0.0
[2026-05-10 16:54:41.070] HR=96 SpO2=97 (raw:103/97 valid:1/1 sqi:1)
[2026-05-10 16:54:41.083] [GetTemp--2147478764]:i2c write failed
[2026-05-10 16:54:41.087] 1759,86,97,0.0
[2026-05-10 16:54:41.395] [GetTemp--2147478764]:i2c write failed
[2026-05-10 16:54:41.396] 1760,86,97,0.0
[2026-05-10 16:54:41.502] [GetTemp--2147478764]:i2c write failed
[2026-05-10 16:54:41.502] 1761,86,97,0.0
[2026-05-10 16:54:41.596] [GetTemp--2147478764]:i2c write failed
[2026-05-10 16:54:41.596] 1762,86,97,0.0
[2026-05-10 16:54:41.706] [GetTemp--2147478764]:i2c write failed
[2026-05-10 16:54:41.707] 1763,86,97,0.0
[2026-05-10 16:54:41.795] [GetTemp--2147478764]:i2c write failed
[2026-05-10 16:54:41.797] 1764,86,97,0.0
[2026-05-10 16:54:42.103] [GetTemp--2147478764]:i2c write failed
[2026-05-10 16:54:42.107] 1765,86,97,0.0
[2026-05-10 16:54:42.174] HR=100 SpO2=97 (raw:103/97 valid:1/1 sqi:1)
[2026-05-10 16:54:42.203] [GetTemp--2147478764]:i2c write failed
[2026-05-10 16:54:42.206] 1766,90,97,0.0
[2026-05-10 16:54:42.314] [GetTemp--2147478764]:i2c write failed
[2026-05-10 16:54:42.314] 1767,90,97,0.0
[2026-05-10 16:54:42.411] [GetTemp--2147478764]:i2c write failed
[2026-05-10 16:54:42.411] 1768,90,97,0.0
[2026-05-10 16:54:42.505] [GetTemp--2147478764]:i2c write failed
[2026-05-10 16:54:42.506] 1769,90,97,0.0
[2026-05-10 16:54:42.820] [GetTemp--2147478764]:i2c write failed
[2026-05-10 16:54:42.820] 1770,90,97,0.0
[2026-05-10 16:54:42.914] [GetTemp--2147478764]:i2c write failed
[2026-05-10 16:54:42.917] 1771,90,97,0.0
[2026-05-10 16:54:43.016] [GetTemp--2147478764]:i2c write failed
[2026-05-10 16:54:43.016] 1772,90,97,0.0
[2026-05-10 16:54:43.116] [GetTemp--2147478764]:i2c write failed
[2026-05-10 16:54:43.116] 1773,90,97,0.0
[2026-05-10 16:54:43.216] [GetTemp--2147478764]:i2c write failed
[2026-05-10 16:54:43.217] 1774,90,97,0.0
[2026-05-10 16:54:43.443] HR=103 SpO2=97 (raw:103/98 valid:1/1 sqi:1)
[2026-05-10 16:54:43.524] [GetTemp--2147478764]:i2c write failed
[2026-05-10 16:54:43.526] 1775,93,97,0.0
[2026-05-10 16:54:43.631] [GetTemp--2147478764]:i2c write failed
[2026-05-10 16:54:43.633] 1776,93,97,0.0
[2026-05-10 16:54:43.724] [GetTemp--2147478764]:i2c write failed
[2026-05-10 16:54:43.728] 1777,93,97,0.0
[2026-05-10 16:54:43.829] [GetTemp--2147478764]:i2c write failed
[2026-05-10 16:54:43.829] 1778,93,97,0.0
[2026-05-10 16:54:43.933] [GetTemp--2147478764]:i2c write failed
[2026-05-10 16:54:43.933] 1779,93,97,0.0
[2026-05-10 16:54:44.245] [GetTemp--2147478764]:i2c write failed
[2026-05-10 16:54:44.246] 1780,93,97,0.0
[2026-05-10 16:54:44.337] [GetTemp--2147478764]:i2c write failed
[2026-05-10 16:54:44.338] 1781,93,97,0.0
[2026-05-10 16:54:44.442] [GetTemp--2147478764]:i2c write failed
[2026-05-10 16:54:44.442] 1782,93,97,0.0
[2026-05-10 16:54:44.464] HR=103 SpO2=97 (raw:107/98 valid:1/1 sqi:1)
[2026-05-10 16:54:44.535] [GetTemp--2147478764]:i2c write failed
[2026-05-10 16:54:44.550] 1783,93,97,0.0
[2026-05-10 16:54:44.644] [GetTemp--2147478764]:i2c write failed
[2026-05-10 16:54:44.645] 1784,93,97,0.0
[2026-05-10 16:54:44.945] [GetTemp--2147478764]:i2c write failed
[2026-05-10 16:54:44.947] 1785,93,97,0.0
[2026-05-10 16:54:45.045] [GetTemp--2147478764]:i2c write failed
[2026-05-10 16:54:45.046] 1786,93,97,0.0
[2026-05-10 16:54:45.145] [GetTemp--2147478764]:i2c write failed
[2026-05-10 16:54:45.145] 1787,93,97,0.0
[2026-05-10 16:54:45.245] [GetTemp--2147478764]:i2c write failed
[2026-05-10 16:54:45.245] 1788,93,97,0.0
[2026-05-10 16:54:45.345] [GetTemp--2147478764]:i2c write failed
[2026-05-10 16:54:45.346] 1789,93,97,0.0
[2026-05-10 16:54:45.584] HR=103 SpO2=98 (raw:105/99 valid:1/1 sqi:1)
[2026-05-10 16:54:45.662] [GetTemp--2147478764]:i2c write failed
[2026-05-10 16:54:45.664] 1790,93,98,0.0
[2026-05-10 16:54:45.753] [GetTemp--2147478764]:i2c write failed
[2026-05-10 16:54:45.755] 1791,93,98,0.0
[2026-05-10 16:54:45.857] [GetTemp--2147478764]:i2c write failed
[2026-05-10 16:54:45.857] 1792,93,98,0.0
[2026-05-10 16:54:45.953] [GetTemp--2147478764]:i2c write failed
[2026-05-10 16:54:45.958] 1793,93,98,0.0
[2026-05-10 16:54:46.053] [GetTemp--2147478764]:i2c write failed
[2026-05-10 16:54:46.056] 1794,93,98,0.0
[2026-05-10 16:54:46.370] [GetTemp--2147478764]:i2c write failed
[2026-05-10 16:54:46.371] 1795,93,98,0.0
[2026-05-10 16:54:46.471] [GetTemp--2147478764]:i2c write failed
[2026-05-10 16:54:46.472] 1796,93,98,0.0
[2026-05-10 16:54:46.567] [GetTemp--2147478764]:i2c write failed
[2026-05-10 16:54:46.567] 1797,93,98,0.0
[2026-05-10 16:54:46.586] HR=103 SpO2=98 (raw:101/98 valid:1/1 sqi:1)
[2026-05-10 16:54:46.676] [GetTemp--2147478764]:i2c write failed
[2026-05-10 16:54:46.678] 1798,93,98,0.0
[2026-05-10 16:54:46.777] [GetTemp--2147478764]:i2c write failed
[2026-05-10 16:54:46.778] 1799,93,98,0.0
[2026-05-10 16:54:47.074] [GetTemp--2147478764]:i2c write failed
[2026-05-10 16:54:47.077] 1800,93,98,0.0
[2026-05-10 16:54:47.183] [GetTemp--2147478764]:i2c write failed
[2026-05-10 16:54:47.183] 1801,93,98,0.0
[2026-05-10 16:54:47.286] [GetTemp--2147478764]:i2c write failed
[2026-05-10 16:54:47.287] 1802,93,98,0.0
[2026-05-10 16:54:47.379] [GetTemp--2147478764]:i2c write failed
[2026-05-10 16:54:47.379] 1803,93,98,0.0
[2026-05-10 16:54:47.473] [GetTemp--2147478764]:i2c write failed
[2026-05-10 16:54:47.488] 1804,93,98,0.0
[2026-05-10 16:54:47.783] [GetTemp--2147478764]:i2c write failed
[2026-05-10 16:54:47.787] 1805,93,98,0.0
[2026-05-10 16:54:47.849] HR=105 SpO2=98 (raw:136/99 valid:1/1 sqi:1)
[2026-05-10 16:54:47.887] [GetTemp--2147478764]:i2c write failed
[2026-05-10 16:54:47.887] 1806,95,98,0.0
[2026-05-10 16:54:47.983] [GetTemp--2147478764]:i2c write failed
[2026-05-10 16:54:47.986] 1807,95,98,0.0
[2026-05-10 16:54:48.087] [GetTemp--2147478764]:i2c write failed
[2026-05-10 16:54:48.087] 1808,95,98,0.0
[2026-05-10 16:54:48.187] [GetTemp--2147478764]:i2c write failed
[2026-05-10 16:54:48.187] 1809,95,98,0.0
[2026-05-10 16:54:48.504] [GetTemp--2147478764]:i2c write failed
[2026-05-10 16:54:48.505] 1810,95,98,0.0
[2026-05-10 16:54:48.600] [GetTemp--2147478764]:i2c write failed
[2026-05-10 16:54:48.601] 1811,95,98,0.0
[2026-05-10 16:54:48.695] [GetTemp--2147478764]:i2c write failed
[2026-05-10 16:54:48.696] 1812,95,98,0.0
[2026-05-10 16:54:48.795] [GetTemp--2147478764]:i2c write failed
[2026-05-10 16:54:48.796] 1813,95,98,0.0
[2026-05-10 16:54:48.883] HR=105 SpO2=98 (raw:105/97 valid:1/1 sqi:1)
[2026-05-10 16:54:48.892] [GetTemp--2147478764]:i2c write failed
[2026-05-10 16:54:48.896] 1814,95,98,0.0
[2026-05-10 16:54:49.203] [GetTemp--2147478764]:i2c write failed
[2026-05-10 16:54:49.211] 1815,95,98,0.0
[2026-05-10 16:54:49.307] [GetTemp--2147478764]:i2c write failed
[2026-05-10 16:54:49.307] 1816,95,98,0.0
[2026-05-10 16:54:49.413] [GetTemp--2147478764]:i2c write failed
[2026-05-10 16:54:49.413] 1817,95,98,0.0
[2026-05-10 16:54:49.506] [GetTemp--2147478764]:i2c write failed
[2026-05-10 16:54:49.507] 1818,95,98,0.0
[2026-05-10 16:54:49.616] [GetTemp--2147478764]:i2c write failed
[2026-05-10 16:54:49.617] 1819,95,98,0.0
[2026-05-10 16:54:49.916] [GetTemp--2147478764]:i2c write failed
[2026-05-10 16:54:49.916] 1820,95,98,0.0
[2026-05-10 16:54:49.995] HR=105 SpO2=98 (raw:107/98 valid:1/1 sqi:1)
[2026-05-10 16:54:50.011] [GetTemp--2147478764]:i2c write failed
[2026-05-10 16:54:50.015] 1821,95,98,0.0
[2026-05-10 16:54:50.116] [GetTemp--2147478764]:i2c write failed
[2026-05-10 16:54:50.117] 1822,95,98,0.0
[2026-05-10 16:54:50.216] [GetTemp--2147478764]:i2c write failed
[2026-05-10 16:54:50.216] 1823,95,98,0.0
[2026-05-10 16:54:50.317] [GetTemp--2147478764]:i2c write failed
[2026-05-10 16:54:50.317] 1824,95,98,0.0
[2026-05-10 16:54:50.630] [GetTemp--2147478764]:i2c write failed
[2026-05-10 16:54:50.630] 1825,95,98,0.0
[2026-05-10 16:54:50.724] [GetTemp--2147478764]:i2c write failed
[2026-05-10 16:54:50.726] 1826,95,98,0.0
[2026-05-10 16:54:50.828] [GetTemp--2147478764]:i2c write failed
[2026-05-10 16:54:50.828] 1827,95,98,0.0
[2026-05-10 16:54:50.928] [GetTemp--2147478764]:i2c write failed
[2026-05-10 16:54:50.928] 1828,95,98,0.0
[2026-05-10 16:54:51.016] HR=105 SpO2=98 (raw:105/99 valid:1/1 sqi:1)
[2026-05-10 16:54:51.022] [GetTemp--2147478764]:i2c write failed
[2026-05-10 16:54:51.026] 1829,95,98,0.0
[2026-05-10 16:54:51.346] [GetTemp--2147478764]:i2c write failed
[2026-05-10 16:54:51.347] 1830,95,98,0.0
[2026-05-10 16:54:51.435] [GetTemp--2147478764]:i2c write failed
[2026-05-10 16:54:51.436] 1831,95,98,0.0
[2026-05-10 16:54:51.544] [GetTemp--2147478764]:i2c write failed
[2026-05-10 16:54:51.545] 1832,95,98,0.0
[2026-05-10 16:54:51.637] [GetTemp--2147478764]:i2c write failed
[2026-05-10 16:54:51.638] 1833,95,98,0.0
[2026-05-10 16:54:51.741] [GetTemp--2147478764]:i2c write failed
[2026-05-10 16:54:51.741] 1834,95,98,0.0
[2026-05-10 16:54:52.045] [GetTemp--2147478764]:i2c write failed
[2026-05-10 16:54:52.053] 1835,95,98,0.0
[2026-05-10 16:54:52.149] [GetTemp--2147478764]:i2c write failed
[2026-05-10 16:54:52.149] 1836,95,98,0.0
[2026-05-10 16:54:52.245] [GetTemp--2147478764]:i2c write failed
[2026-05-10 16:54:52.245] 1837,95,98,0.0
[2026-05-10 16:54:52.278] HR=105 SpO2=98 (raw:103/98 valid:1/1 sqi:1)
[2026-05-10 16:54:52.348] [GetTemp--2147478764]:i2c write failed
[2026-05-10 16:54:52.349] 1838,95,98,0.0
[2026-05-10 16:54:52.457] [GetTemp--2147478764]:i2c write failed
[2026-05-10 16:54:52.457] 1839,95,98,0.0
[2026-05-10 16:54:52.761] [GetTemp--2147478764]:i2c write failed
[2026-05-10 16:54:52.761] 1840,95,98,0.0
[2026-05-10 16:54:52.853] [GetTemp--2147478764]:i2c write failed
[2026-05-10 16:54:52.856] 1841,95,98,0.0
[2026-05-10 16:54:52.953] [GetTemp--2147478764]:i2c write failed
[2026-05-10 16:54:52.956] 1842,95,98,0.0
[2026-05-10 16:54:53.061] [GetTemp--2147478764]:i2c write failed
[2026-05-10 16:54:53.061] 1843,95,98,0.0
[2026-05-10 16:54:53.165] [GetTemp--2147478764]:i2c write failed
[2026-05-10 16:54:53.166] 1844,95,98,0.0
[2026-05-10 16:54:53.396] HR=105 SpO2=98 (raw:107/99 valid:1/1 sqi:1)
[2026-05-10 16:54:53.472] [GetTemp--2147478764]:i2c write failed
[2026-05-10 16:54:53.472] 1845,95,98,0.0
[2026-05-10 16:54:53.565] [GetTemp--2147478764]:i2c write failed
[2026-05-10 16:54:53.567] 1846,95,98,0.0
[2026-05-10 16:54:53.675] [GetTemp--2147478764]:i2c write failed
[2026-05-10 16:54:53.676] 1847,95,98,0.0
[2026-05-10 16:54:53.766] [GetTemp--2147478764]:i2c write failed
[2026-05-10 16:54:53.766] 1848,95,98,0.0
[2026-05-10 16:54:53.883] [GetTemp--2147478764]:i2c write failed
[2026-05-10 16:54:53.885] 1849,95,98,0.0
[2026-05-10 16:54:54.174] [GetTemp--2147478764]:i2c write failed
[2026-05-10 16:54:54.176] 1850,95,98,0.0
[2026-05-10 16:54:54.283] [GetTemp--2147478764]:i2c write failed
[2026-05-10 16:54:54.285] 1851,95,98,0.0
[2026-05-10 16:54:54.383] [GetTemp--2147478764]:i2c write failed
[2026-05-10 16:54:54.384] 1852,95,98,0.0
[2026-05-10 16:54:54.396] HR=105 SpO2=98 (raw:100/97 valid:1/1 sqi:1)
[2026-05-10 16:54:54.479] [GetTemp--2147478764]:i2c write failed
[2026-05-10 16:54:54.480] 1853,95,98,0.0
[2026-05-10 16:54:54.588] [GetTemp--2147478764]:i2c write failed
[2026-05-10 16:54:54.589] 1854,95,98,0.0
[2026-05-10 16:54:54.895] [GetTemp--2147478764]:i2c write failed
[2026-05-10 16:54:54.896] 1855,95,98,0.0
[2026-05-10 16:54:54.987] [GetTemp--2147478764]:i2c write failed
[2026-05-10 16:54:54.988] 1856,95,98,0.0
[2026-05-10 16:54:55.084] [GetTemp--2147478764]:i2c write failed
[2026-05-10 16:54:55.087] 1857,95,98,0.0
[2026-05-10 16:54:55.187] [GetTemp--2147478764]:i2c write failed
[2026-05-10 16:54:55.188] 1858,95,98,0.0
[2026-05-10 16:54:55.291] [GetTemp--2147478764]:i2c write failed
[2026-05-10 16:54:55.292] 1859,95,98,0.0
[2026-05-10 16:54:55.523] HR=105 SpO2=99 (raw:105/99 valid:1/1 sqi:1)
[2026-05-10 16:54:55.601] [GetTemp--2147478764]:i2c write failed
[2026-05-10 16:54:55.601] 1860,95,99,0.0
[2026-05-10 16:54:55.695] [GetTemp--2147478764]:i2c write failed
[2026-05-10 16:54:55.697] 1861,95,99,0.0
[2026-05-10 16:54:55.795] [GetTemp--2147478764]:i2c write failed
[2026-05-10 16:54:55.797] 1862,95,99,0.0
[2026-05-10 16:54:55.896] [GetTemp--2147478764]:i2c write failed
[2026-05-10 16:54:55.899] 1863,95,99,0.0
[2026-05-10 16:54:55.995] [GetTemp--2147478764]:i2c write failed
[2026-05-10 16:54:55.997] 1864,95,99,0.0
[2026-05-10 16:54:56.304] [GetTemp--2147478764]:i2c write failed
[2026-05-10 16:54:56.307] 1865,95,99,0.0
[2026-05-10 16:54:56.412] [GetTemp--2147478764]:i2c write failed
[2026-05-10 16:54:56.413] 1866,95,99,0.0
[2026-05-10 16:54:56.506] [GetTemp--2147478764]:i2c write failed
[2026-05-10 16:54:56.507] 1867,95,99,0.0
[2026-05-10 16:54:56.617] [GetTemp--2147478764]:i2c write failed
[2026-05-10 16:54:56.617] 1868,95,99,0.0
[2026-05-10 16:54:56.697] HR=105 SpO2=99 (raw:105/99 valid:1/1 sqi:1)
[2026-05-10 16:54:56.703] [GetTemp--2147478764]:i2c write failed
[2026-05-10 16:54:56.706] 1869,95,99,0.0
[2026-05-10 16:54:57.016] [GetTemp--2147478764]:i2c write failed
[2026-05-10 16:54:57.016] 1870,95,99,0.0
[2026-05-10 16:54:57.127] [GetTemp--2147478764]:i2c write failed
[2026-05-10 16:54:57.127] 1871,95,99,0.0
[2026-05-10 16:54:57.216] [GetTemp--2147478764]:i2c write failed
[2026-05-10 16:54:57.218] 1872,95,99,0.0
[2026-05-10 16:54:57.324] [GetTemp--2147478764]:i2c write failed
[2026-05-10 16:54:57.324] 1873,95,99,0.0
[2026-05-10 16:54:57.428] [GetTemp--2147478764]:i2c write failed
[2026-05-10 16:54:57.429] 1874,95,99,0.0
[2026-05-10 16:54:57.724] [GetTemp--2147478764]:i2c write failed
[2026-05-10 16:54:57.726] 1875,95,99,0.0
[2026-05-10 16:54:57.791] HR=105 SpO2=99 (raw:103/99 valid:1/1 sqi:1)
[2026-05-10 16:54:57.824] [GetTemp--2147478764]:i2c write failed
[2026-05-10 16:54:57.832] 1876,95,99,0.0
[2026-05-10 16:54:57.932] [GetTemp--2147478764]:i2c write failed
[2026-05-10 16:54:57.932] 1877,95,99,0.0
[2026-05-10 16:54:58.026] [GetTemp--2147478764]:i2c write failed
[2026-05-10 16:54:58.027] 1878,95,99,0.0
[2026-05-10 16:54:58.130] [GetTemp--2147478764]:i2c write failed
[2026-05-10 16:54:58.130] 1879,95,99,0.0
[2026-05-10 16:54:58.440] [GetTemp--2147478764]:i2c write failed
[2026-05-10 16:54:58.441] 1880,95,99,0.0
[2026-05-10 16:54:58.534] [GetTemp--2147478764]:i2c write failed
[2026-05-10 16:54:58.550] 1881,95,99,0.0
[2026-05-10 16:54:58.644] [GetTemp--2147478764]:i2c write failed
[2026-05-10 16:54:58.645] 1882,95,99,0.0
[2026-05-10 16:54:58.740] [GetTemp--2147478764]:i2c write failed
[2026-05-10 16:54:58.741] 1883,95,99,0.0
[2026-05-10 16:54:58.831] HR=105 SpO2=99 (raw:105/99 valid:1/1 sqi:1)
[2026-05-10 16:54:58.833] [GetTemp--2147478764]:i2c write failed
[2026-05-10 16:54:58.836] 1884,95,99,0.0
[2026-05-10 16:54:59.153] [GetTemp--2147478764]:i2c write failed
[2026-05-10 16:54:59.153] 1885,95,99,0.0
[2026-05-10 16:54:59.247] [GetTemp--2147478764]:i2c write failed
[2026-05-10 16:54:59.248] 1886,95,99,0.0
[2026-05-10 16:54:59.355] [GetTemp--2147478764]:i2c write failed
[2026-05-10 16:54:59.355] 1887,95,99,0.0
[2026-05-10 16:54:59.449] [GetTemp--2147478764]:i2c write failed
[2026-05-10 16:54:59.449] 1888,95,99,0.0
[2026-05-10 16:54:59.545] [GetTemp--2147478764]:i2c write failed
[2026-05-10 16:54:59.546] 1889,95,99,0.0
[2026-05-10 16:54:59.861] [GetTemp--2147478764]:i2c write failed
[2026-05-10 16:54:59.862] 1890,95,99,0.0
[2026-05-10 16:54:59.928] HR=105 SpO2=99 (raw:107/99 valid:1/1 sqi:1)
[2026-05-10 16:54:59.952] [GetTemp--2147478764]:i2c write failed
[2026-05-10 16:54:59.956] 1891,95,99,0.0
[2026-05-10 16:55:00.056] [GetTemp--2147478764]:i2c write failed
[2026-05-10 16:55:00.057] 1892,95,99,0.0
[2026-05-10 16:55:00.163] [GetTemp--2147478764]:i2c write failed
[2026-05-10 16:55:00.163] 1893,95,99,0.0
[2026-05-10 16:55:00.264] [GetTemp--2147478764]:i2c write failed
[2026-05-10 16:55:00.264] 1894,95,99,0.0
[2026-05-10 16:55:00.575] [GetTemp--2147478764]:i2c write failed
[2026-05-10 16:55:00.576] 1895,95,99,0.0
[2026-05-10 16:55:00.671] [GetTemp--2147478764]:i2c write failed
[2026-05-10 16:55:00.671] 1896,95,99,0.0
[2026-05-10 16:55:00.774] [GetTemp--2147478764]:i2c write failed
[2026-05-10 16:55:00.774] 1897,95,99,0.0
[2026-05-10 16:55:00.873] [GetTemp--2147478764]:i2c write failed
[2026-05-10 16:55:00.874] 1898,95,99,0.0
[2026-05-10 16:55:00.963] [GetTemp--2147478764]:i2c write failed
[2026-05-10 16:55:00.966] 1899,95,99,0.0
[2026-05-10 16:55:01.195] HR=105 SpO2=99 (raw:107/98 valid:1/1 sqi:1)
[2026-05-10 16:55:01.285] [GetTemp--2147478764]:i2c write failed
[2026-05-10 16:55:01.286] 1900,95,99,0.0
[2026-05-10 16:55:01.381] [GetTemp--2147478764]:i2c write failed
[2026-05-10 16:55:01.382] 1901,95,99,0.0
[2026-05-10 16:55:01.475] [GetTemp--2147478764]:i2c write failed
[2026-05-10 16:55:01.477] 1902,95,99,0.0
[2026-05-10 16:55:01.584] [GetTemp--2147478764]:i2c write failed
[2026-05-10 16:55:01.585] 1903,95,99,0.0
[2026-05-10 16:55:01.674] [GetTemp--2147478764]:i2c write failed
[2026-05-10 16:55:01.678] 1904,95,99,0.0
[2026-05-10 16:55:01.987] [GetTemp--2147478764]:i2c write failed
[2026-05-10 16:55:01.987] 1905,95,99,0.0
[2026-05-10 16:55:02.087] [GetTemp--2147478764]:i2c write failed
[2026-05-10 16:55:02.088] 1906,95,99,0.0
[2026-05-10 16:55:02.189] [GetTemp--2147478764]:i2c write failed
[2026-05-10 16:55:02.189] 1907,95,99,0.0
[2026-05-10 16:55:02.205] HR=107 SpO2=99 (raw:107/98 valid:1/1 sqi:1)
[2026-05-10 16:55:02.284] [GetTemp--2147478764]:i2c write failed
[2026-05-10 16:55:02.286] 1908,97,99,0.0
[2026-05-10 16:55:02.397] [GetTemp--2147478764]:i2c write failed
[2026-05-10 16:55:02.397] 1909,97,99,0.0
[2026-05-10 16:55:02.703] [GetTemp--2147478764]:i2c write failed
[2026-05-10 16:55:02.705] 1910,97,99,0.0
[2026-05-10 16:55:02.807] [GetTemp--2147478764]:i2c write failed
[2026-05-10 16:55:02.807] 1911,97,99,0.0
[2026-05-10 16:55:02.906] [GetTemp--2147478764]:i2c write failed
[2026-05-10 16:55:02.907] 1912,97,99,0.0
[2026-05-10 16:55:02.993] [GetTemp--2147478764]:i2c write failed
[2026-05-10 16:55:02.995] 1913,97,99,0.0
[2026-05-10 16:55:03.095] [GetTemp--2147478764]:i2c write failed
[2026-05-10 16:55:03.097] 1914,97,99,0.0
[2026-05-10 16:55:03.327] HR=107 SpO2=98 (raw:100/97 valid:1/1 sqi:1)
[2026-05-10 16:55:03.416] [GetTemp--2147478764]:i2c write failed
[2026-05-10 16:55:03.417] 1915,97,98,0.0
[2026-05-10 16:55:03.510] [GetTemp--2147478764]:i2c write failed
[2026-05-10 16:55:03.510] 1916,97,98,0.0
[2026-05-10 16:55:03.618] [GetTemp--2147478764]:i2c write failed
[2026-05-10 16:55:03.619] 1917,97,98,0.0
[2026-05-10 16:55:03.707] [GetTemp--2147478764]:i2c write failed
[2026-05-10 16:55:03.707] 1918,97,98,0.0
[2026-05-10 16:55:03.818] [GetTemp--2147478764]:i2c write failed
[2026-05-10 16:55:03.819] 1919,97,98,0.0
[2026-05-10 16:55:04.116] [GetTemp--2147478764]:i2c write failed
[2026-05-10 16:55:04.118] 1920,97,98,0.0
[2026-05-10 16:55:04.220] [GetTemp--2147478764]:i2c write failed
[2026-05-10 16:55:04.220] 1921,97,98,0.0
[2026-05-10 16:55:04.318] [GetTemp--2147478764]:i2c write failed
[2026-05-10 16:55:04.318] 1922,97,98,0.0
[2026-05-10 16:55:04.338] HR=107 SpO2=98 (raw:100/96 valid:1/1 sqi:1)
[2026-05-10 16:55:04.427] [GetTemp--2147478764]:i2c write failed
[2026-05-10 16:55:04.427] 1923,97,98,0.0
[2026-05-10 16:55:04.521] [GetTemp--2147478764]:i2c write failed
[2026-05-10 16:55:04.521] 1924,97,98,0.0
[2026-05-10 16:55:04.828] [GetTemp--2147478764]:i2c write failed
[2026-05-10 16:55:04.828] 1925,97,98,0.0
[2026-05-10 16:55:04.934] [GetTemp--2147478764]:i2c write failed
[2026-05-10 16:55:04.935] 1926,97,98,0.0
[2026-05-10 16:55:05.032] [GetTemp--2147478764]:i2c write failed
[2026-05-10 16:55:05.033] 1927,97,98,0.0
[2026-05-10 16:55:05.134] [GetTemp--2147478764]:i2c write failed
[2026-05-10 16:55:05.134] 1928,97,98,0.0
[2026-05-10 16:55:05.226] [GetTemp--2147478764]:i2c write failed
[2026-05-10 16:55:05.227] 1929,97,98,0.0
[2026-05-10 16:55:05.543] [GetTemp--2147478764]:i2c write failed
[2026-05-10 16:55:05.543] 1930,97,98,0.0
[2026-05-10 16:55:05.604] HR=101 SpO2=97 (raw:101/96 valid:1/1 sqi:1)
[2026-05-10 16:55:05.649] [GetTemp--2147478764]:i2c write failed
[2026-05-10 16:55:05.649] 1931,91,97,0.0
[2026-05-10 16:55:05.741] [GetTemp--2147478764]:i2c write failed
[2026-05-10 16:55:05.741] 1932,91,97,0.0
[2026-05-10 16:55:05.840] [GetTemp--2147478764]:i2c write failed
[2026-05-10 16:55:05.841] 1933,91,97,0.0
[2026-05-10 16:55:05.936] [GetTemp--2147478764]:i2c write failed
[2026-05-10 16:55:05.936] 1934,91,97,0.0
[2026-05-10 16:55:06.252] [GetTemp--2147478764]:i2c write failed
[2026-05-10 16:55:06.253] 1935,91,97,0.0
[2026-05-10 16:55:06.352] [GetTemp--2147478764]:i2c write failed
[2026-05-10 16:55:06.354] 1936,91,97,0.0
[2026-05-10 16:55:06.445] [GetTemp--2147478764]:i2c write failed
[2026-05-10 16:55:06.449] 1937,91,97,0.0
[2026-05-10 16:55:06.554] [GetTemp--2147478764]:i2c write failed
[2026-05-10 16:55:06.555] 1938,91,97,0.0
[2026-05-10 16:55:06.632] HR=100 SpO2=97 (raw:100/98 valid:1/1 sqi:1)
[2026-05-10 16:55:06.643] [GetTemp--2147478764]:i2c write failed
[2026-05-10 16:55:06.645] 1939,90,97,0.0
[2026-05-10 16:55:06.954] [GetTemp--2147478764]:i2c write failed
[2026-05-10 16:55:06.958] 1940,90,97,0.0
[2026-05-10 16:55:07.054] [GetTemp--2147478764]:i2c write failed
[2026-05-10 16:55:07.057] 1941,90,97,0.0
[2026-05-10 16:55:07.154] [GetTemp--2147478764]:i2c write failed
[2026-05-10 16:55:07.158] 1942,90,97,0.0
[2026-05-10 16:55:07.258] [GetTemp--2147478764]:i2c write failed
[2026-05-10 16:55:07.259] 1943,90,97,0.0
[2026-05-10 16:55:07.355] [GetTemp--2147478764]:i2c write failed
[2026-05-10 16:55:07.360] 1944,90,97,0.0
[2026-05-10 16:55:07.671] [GetTemp--2147478764]:i2c write failed
[2026-05-10 16:55:07.671] 1945,90,97,0.0
[2026-05-10 16:55:07.741] HR=100 SpO2=97 (raw:96/98 valid:1/1 sqi:1)
[2026-05-10 16:55:07.763] [GetTemp--2147478764]:i2c write failed
[2026-05-10 16:55:07.767] 1946,90,97,0.0
[2026-05-10 16:55:07.867] [GetTemp--2147478764]:i2c write failed
[2026-05-10 16:55:07.869] 1947,90,97,0.0
[2026-05-10 16:55:07.971] [GetTemp--2147478764]:i2c write failed
[2026-05-10 16:55:07.974] 1948,90,97,0.0
[2026-05-10 16:55:08.065] [GetTemp--2147478764]:i2c write failed
[2026-05-10 16:55:08.069] 1949,90,97,0.0
[2026-05-10 16:55:08.286] ReadLicenseData(), failed to get licdata string
[2026-05-10 16:55:08.289] VerifyLicense(), cannot read license data files
[2026-05-10 16:55:08.291] license_task_main() verify license invalid, reboot after 56 mins
[2026-05-10 16:55:08.385] [GetTemp--2147478764]:i2c write failed
[2026-05-10 16:55:08.386] 1950,90,97,0.0
[2026-05-10 16:55:08.495] [GetTemp--2147478764]:i2c write failed
[2026-05-10 16:55:08.495] 1951,90,97,0.0
[2026-05-10 16:55:08.589] [GetTemp--2147478764]:i2c write failed
[2026-05-10 16:55:08.590] 1952,90,97,0.0
[2026-05-10 16:55:08.687] [GetTemp--2147478764]:i2c write failed
[2026-05-10 16:55:08.688] 1953,90,97,0.0
[2026-05-10 16:55:08.779] HR=100 SpO2=98 (raw:100/98 valid:1/1 sqi:1)
[2026-05-10 16:55:08.784] [GetTemp--2147478764]:i2c write failed
[2026-05-10 16:55:08.790] 1954,90,98,0.0
[2026-05-10 16:55:09.095] [GetTemp--2147478764]:i2c write failed
[2026-05-10 16:55:09.098] 1955,90,98,0.0
[2026-05-10 16:55:09.195] [GetTemp--2147478764]:i2c write failed
[2026-05-10 16:55:09.199] 1956,90,98,0.0
[2026-05-10 16:55:09.295] [GetTemp--2147478764]:i2c write failed
[2026-05-10 16:55:09.298] 1957,90,98,0.0
[2026-05-10 16:55:09.400] [GetTemp--2147478764]:i2c write failed
[2026-05-10 16:55:09.403] 1958,90,98,0.0
[2026-05-10 16:55:09.508] [GetTemp--2147478764]:i2c write failed
[2026-05-10 16:55:09.509] 1959,90,98,0.0
[2026-05-10 16:55:09.804] [GetTemp--2147478764]:i2c write failed
[2026-05-10 16:55:09.808] 1960,90,98,0.0
[2026-05-10 16:55:09.904] [GetTemp--2147478764]:i2c write failed
[2026-05-10 16:55:09.908] 1961,90,98,0.0
[2026-05-10 16:55:10.004] [GetTemp--2147478764]:i2c write failed
[2026-05-10 16:55:10.012] 1962,90,98,0.0
[2026-05-10 16:55:10.025] HR=100 SpO2=98 (raw:103/99 valid:1/1 sqi:1)
[2026-05-10 16:55:10.104] [GetTemp--2147478764]:i2c write failed
[2026-05-10 16:55:10.108] 1963,90,98,0.0
[2026-05-10 16:55:10.207] [GetTemp--2147478764]:i2c write failed
[2026-05-10 16:55:10.208] 1964,90,98,0.0
[2026-05-10 16:55:10.522] [GetTemp--2147478764]:i2c write failed
[2026-05-10 16:55:10.522] 1965,90,98,0.0
[2026-05-10 16:55:10.616] [GetTemp--2147478764]:i2c write failed
[2026-05-10 16:55:10.616] 1966,90,98,0.0
[2026-05-10 16:55:10.716] [GetTemp--2147478764]:i2c write failed
[2026-05-10 16:55:10.717] 1967,90,98,0.0
[2026-05-10 16:55:10.816] [GetTemp--2147478764]:i2c write failed
[2026-05-10 16:55:10.817] 1968,90,98,0.0
[2026-05-10 16:55:10.917] [GetTemp--2147478764]:i2c write failed
[2026-05-10 16:55:10.917] 1969,90,98,0.0
[2026-05-10 16:55:11.150] HR=100 SpO2=98 (raw:107/99 valid:1/1 sqi:1)
[2026-05-10 16:55:11.224] [GetTemp--2147478764]:i2c write failed
[2026-05-10 16:55:11.228] 1970,90,98,0.0
[2026-05-10 16:55:11.339] [GetTemp--2147478764]:i2c write failed
[2026-05-10 16:55:11.342] 1971,90,98,0.0
[2026-05-10 16:55:11.432] [GetTemp--2147478764]:i2c write failed
[2026-05-10 16:55:11.434] 1972,90,98,0.0
[2026-05-10 16:55:11.526] [GetTemp--2147478764]:i2c write failed
[2026-05-10 16:55:11.526] 1973,90,98,0.0
[2026-05-10 16:55:11.634] [GetTemp--2147478764]:i2c write failed
[2026-05-10 16:55:11.634] 1974,90,98,0.0
[2026-05-10 16:55:11.933] [GetTemp--2147478764]:i2c write failed
[2026-05-10 16:55:11.939] 1975,90,98,0.0
[2026-05-10 16:55:12.037] [GetTemp--2147478764]:i2c write failed
[2026-05-10 16:55:12.037] 1976,90,98,0.0
[2026-05-10 16:55:12.137] [GetTemp--2147478764]:i2c write failed
[2026-05-10 16:55:12.139] 1977,90,98,0.0
[2026-05-10 16:55:12.159] HR=103 SpO2=99 (raw:109/99 valid:1/1 sqi:1)
[2026-05-10 16:55:12.237] [GetTemp--2147478764]:i2c write failed
[2026-05-10 16:55:12.238] 1978,93,99,0.0
[2026-05-10 16:55:12.350] [GetTemp--2147478764]:i2c write failed
[2026-05-10 16:55:12.351] 1979,93,99,0.0
[2026-05-10 16:55:12.645] [GetTemp--2147478764]:i2c write failed
[2026-05-10 16:55:12.646] 1980,93,99,0.0
[2026-05-10 16:55:12.746] [GetTemp--2147478764]:i2c write failed
[2026-05-10 16:55:12.747] 1981,93,99,0.0
[2026-05-10 16:55:12.844] [GetTemp--2147478764]:i2c write failed
[2026-05-10 16:55:12.850] 1982,93,99,0.0
[2026-05-10 16:55:12.946] [GetTemp--2147478764]:i2c write failed
[2026-05-10 16:55:12.949] 1983,93,99,0.0
[2026-05-10 16:55:13.045] [GetTemp--2147478764]:i2c write failed
[2026-05-10 16:55:13.049] 1984,93,99,0.0
[2026-05-10 16:55:13.274] HR=107 SpO2=99 (raw:113/98 valid:1/1 sqi:1)
[2026-05-10 16:55:13.358] [GetTemp--2147478764]:i2c write failed
[2026-05-10 16:55:13.358] 1985,97,99,0.0
[2026-05-10 16:55:13.468] [GetTemp--2147478764]:i2c write failed
[2026-05-10 16:55:13.468] 1986,97,99,0.0
[2026-05-10 16:55:13.562] [GetTemp--2147478764]:i2c write failed
[2026-05-10 16:55:13.562] 1987,97,99,0.0
[2026-05-10 16:55:13.654] [GetTemp--2147478764]:i2c write failed
[2026-05-10 16:55:13.662] 1988,97,99,0.0
[2026-05-10 16:55:13.754] [GetTemp--2147478764]:i2c write failed
[2026-05-10 16:55:13.758] 1989,97,99,0.0
[2026-05-10 16:55:14.066] [GetTemp--2147478764]:i2c write failed
[2026-05-10 16:55:14.067] 1990,97,99,0.0
[2026-05-10 16:55:14.167] [GetTemp--2147478764]:i2c write failed
[2026-05-10 16:55:14.167] 1991,97,99,0.0
[2026-05-10 16:55:14.270] [GetTemp--2147478764]:i2c write failed
[2026-05-10 16:55:14.270] 1992,97,99,0.0
[2026-05-10 16:55:14.376] [GetTemp--2147478764]:i2c write failed
[2026-05-10 16:55:14.376] 1993,97,99,0.0
[2026-05-10 16:55:14.454] HR=109 SpO2=99 (raw:109/97 valid:1/1 sqi:1)
[2026-05-10 16:55:14.464] [GetTemp--2147478764]:i2c write failed
[2026-05-10 16:55:14.467] 1994,99,99,0.0
[2026-05-10 16:55:14.775] [GetTemp--2147478764]:i2c write failed
[2026-05-10 16:55:14.778] 1995,99,99,0.0
[2026-05-10 16:55:14.874] [GetTemp--2147478764]:i2c write failed
[2026-05-10 16:55:14.877] 1996,99,99,0.0
[2026-05-10 16:55:14.975] [GetTemp--2147478764]:i2c write failed
[2026-05-10 16:55:14.980] 1997,99,99,0.0
[2026-05-10 16:55:15.075] [GetTemp--2147478764]:i2c write failed
[2026-05-10 16:55:15.078] 1998,99,99,0.0
[2026-05-10 16:55:15.174] [GetTemp--2147478764]:i2c write failed
[2026-05-10 16:55:15.179] 1999,99,99,0.0
[2026-05-10 16:55:15.484] [GetTemp--2147478764]:i2c write failed
[2026-05-10 16:55:15.487] 2000,99,99,0.0
[2026-05-10 16:55:15.564] HR=109 SpO2=98 (raw:113/97 valid:1/1 sqi:1)
[2026-05-10 16:55:15.584] [GetTemp--2147478764]:i2c write failed
[2026-05-10 16:55:15.587] 2001,99,98,0.0
[2026-05-10 16:55:15.688] [GetTemp--2147478764]:i2c write failed
[2026-05-10 16:55:15.691] 2002,99,98,0.0
[2026-05-10 16:55:15.783] [GetTemp--2147478764]:i2c write failed
[2026-05-10 16:55:15.789] 2003,99,98,0.0
[2026-05-10 16:55:15.887] [GetTemp--2147478764]:i2c write failed
[2026-05-10 16:55:15.888] 2004,99,98,0.0
[2026-05-10 16:55:16.195] [GetTemp--2147478764]:i2c write failed
[2026-05-10 16:55:16.198] 2005,99,98,0.0
[2026-05-10 16:55:16.295] [GetTemp--2147478764]:i2c write failed
[2026-05-10 16:55:16.300] 2006,99,98,0.0
[2026-05-10 16:55:16.396] [GetTemp--2147478764]:i2c write failed
[2026-05-10 16:55:16.397] 2007,99,98,0.0
[2026-05-10 16:55:16.504] [GetTemp--2147478764]:i2c write failed
[2026-05-10 16:55:16.505] 2008,99,98,0.0
[2026-05-10 16:55:16.599] HR=113 SpO2=97 (raw:113/97 valid:1/1 sqi:1)
[2026-05-10 16:55:16.599] [GetTemp--2147478764]:i2c write failed
[2026-05-10 16:55:16.599] 2009,103,97,0.0
[2026-05-10 16:55:16.904] [GetTemp--2147478764]:i2c write failed
[2026-05-10 16:55:16.909] 2010,103,97,0.0
[2026-05-10 16:55:17.004] [GetTemp--2147478764]:i2c write failed
[2026-05-10 16:55:17.008] 2011,103,97,0.0
[2026-05-10 16:55:17.104] [GetTemp--2147478764]:i2c write failed
[2026-05-10 16:55:17.108] 2012,103,97,0.0
[2026-05-10 16:55:17.204] [GetTemp--2147478764]:i2c write failed
[2026-05-10 16:55:17.212] 2013,103,97,0.0
[2026-05-10 16:55:17.304] [GetTemp--2147478764]:i2c write failed
[2026-05-10 16:55:17.309] 2014,103,97,0.0
[2026-05-10 16:55:17.554] HR=113 SpO2=97 (raw:101/97 valid:1/1 sqi:1)
[2026-05-10 16:55:17.615] [GetTemp--2147478764]:i2c write failed
[2026-05-10 16:55:17.618] 2015,103,97,0.0
[2026-05-10 16:55:17.716] [GetTemp--2147478764]:i2c write failed
[2026-05-10 16:55:17.717] 2016,103,97,0.0
[2026-05-10 16:55:17.816] [GetTemp--2147478764]:i2c write failed
[2026-05-10 16:55:17.816] 2017,103,97,0.0
[2026-05-10 16:55:17.917] [GetTemp--2147478764]:i2c write failed
[2026-05-10 16:55:17.918] 2018,103,97,0.0
[2026-05-10 16:55:18.023] [GetTemp--2147478764]:i2c write failed
[2026-05-10 16:55:18.024] 2019,103,97,0.0
[2026-05-10 16:55:18.325] [GetTemp--2147478764]:i2c write failed
[2026-05-10 16:55:18.329] 2020,103,97,0.0
[2026-05-10 16:55:18.439] [GetTemp--2147478764]:i2c write failed
[2026-05-10 16:55:18.439] 2021,103,97,0.0
[2026-05-10 16:55:18.533] [GetTemp--2147478764]:i2c write failed
[2026-05-10 16:55:18.533] 2022,103,97,0.0
[2026-05-10 16:55:18.625] [GetTemp--2147478764]:i2c write failed
[2026-05-10 16:55:18.626] 2023,103,97,0.0
[2026-05-10 16:55:18.729] [GetTemp--2147478764]:i2c write failed
[2026-05-10 16:55:18.730] 2024,103,97,0.0
[2026-05-10 16:55:18.954] HR=109 SpO2=97 (raw:88/97 valid:1/1 sqi:1)
[2026-05-10 16:55:19.037] [GetTemp--2147478764]:i2c write failed
[2026-05-10 16:55:19.038] 2025,99,97,0.0
[2026-05-10 16:55:19.137] [GetTemp--2147478764]:i2c write failed
[2026-05-10 16:55:19.138] 2026,99,97,0.0
[2026-05-10 16:55:19.236] [GetTemp--2147478764]:i2c write failed
[2026-05-10 16:55:19.239] 2027,99,97,0.0
[2026-05-10 16:55:19.336] [GetTemp--2147478764]:i2c write failed
[2026-05-10 16:55:19.338] 2028,99,97,0.0
[2026-05-10 16:55:19.444] [GetTemp--2147478764]:i2c write failed
[2026-05-10 16:55:19.445] 2029,99,97,0.0
[2026-05-10 16:55:19.745] [GetTemp--2147478764]:i2c write failed
[2026-05-10 16:55:19.747] 2030,99,97,0.0
[2026-05-10 16:55:19.845] [GetTemp--2147478764]:i2c write failed
[2026-05-10 16:55:19.847] 2031,99,97,0.0
[2026-05-10 16:55:19.945] [GetTemp--2147478764]:i2c write failed
[2026-05-10 16:55:19.948] 2032,99,97,0.0
[2026-05-10 16:55:19.969] HR=101 SpO2=97 (raw:89/97 valid:1/1 sqi:1)
[2026-05-10 16:55:20.045] [GetTemp--2147478764]:i2c write failed
[2026-05-10 16:55:20.049] 2033,91,97,0.0
[2026-05-10 16:55:20.146] [GetTemp--2147478764]:i2c write failed
[2026-05-10 16:55:20.147] 2034,91,97,0.0
[2026-05-10 16:55:20.459] [GetTemp--2147478764]:i2c write failed
[2026-05-10 16:55:20.460] 2035,91,97,0.0
[2026-05-10 16:55:20.555] [GetTemp--2147478764]:i2c write failed
[2026-05-10 16:55:20.560] 2036,91,97,0.0
[2026-05-10 16:55:20.654] [GetTemp--2147478764]:i2c write failed
[2026-05-10 16:55:20.660] 2037,91,97,0.0
[2026-05-10 16:55:20.758] [GetTemp--2147478764]:i2c write failed
[2026-05-10 16:55:20.759] 2038,91,97,0.0
[2026-05-10 16:55:20.854] [GetTemp--2147478764]:i2c write failed
[2026-05-10 16:55:20.860] 2039,91,97,0.0
[2026-05-10 16:55:21.085] HR=98 SpO2=97 (raw:90/97 valid:1/1 sqi:1)
[2026-05-10 16:55:21.166] [GetTemp--2147478764]:i2c write failed
[2026-05-10 16:55:21.167] 2040,88,97,0.0
[2026-05-10 16:55:21.266] [GetTemp--2147478764]:i2c write failed
[2026-05-10 16:55:21.267] 2041,88,97,0.0
[2026-05-10 16:55:21.370] [GetTemp--2147478764]:i2c write failed
[2026-05-10 16:55:21.370] 2042,88,97,0.0
[2026-05-10 16:55:21.478] [GetTemp--2147478764]:i2c write failed
[2026-05-10 16:55:21.478] 2043,88,97,0.0
[2026-05-10 16:55:21.572] [GetTemp--2147478764]:i2c write failed
[2026-05-10 16:55:21.572] 2044,88,97,0.0
[2026-05-10 16:55:21.875] [GetTemp--2147478764]:i2c write failed
[2026-05-10 16:55:21.884] 2045,88,97,0.0
[2026-05-10 16:55:21.975] [GetTemp--2147478764]:i2c write failed
[2026-05-10 16:55:21.991] 2046,88,97,0.0
[2026-05-10 16:55:22.075] [GetTemp--2147478764]:i2c write failed
[2026-05-10 16:55:22.076] 2047,88,97,0.0
[2026-05-10 16:55:22.104] HR=94 SpO2=97 (raw:93/97 valid:1/1 sqi:1)
[2026-05-10 16:55:22.174] [GetTemp--2147478764]:i2c write failed
[2026-05-10 16:55:22.178] 2048,84,97,0.0
[2026-05-10 16:55:22.275] [GetTemp--2147478764]:i2c write failed
[2026-05-10 16:55:22.283] 2049,84,97,0.0
[2026-05-10 16:55:22.596] [GetTemp--2147478764]:i2c write failed
[2026-05-10 16:55:22.597] 2050,84,97,0.0
[2026-05-10 16:55:22.687] [GetTemp--2147478764]:i2c write failed
[2026-05-10 16:55:22.687] 2051,84,97,0.0
[2026-05-10 16:55:22.787] [GetTemp--2147478764]:i2c write failed
[2026-05-10 16:55:22.788] 2052,84,97,0.0
[2026-05-10 16:55:22.887] [GetTemp--2147478764]:i2c write failed
[2026-05-10 16:55:22.887] 2053,84,97,0.0
[2026-05-10 16:55:22.991] [GetTemp--2147478764]:i2c write failed
[2026-05-10 16:55:22.992] 2054,84,97,0.0
[2026-05-10 16:55:23.295] [GetTemp--2147478764]:i2c write failed
[2026-05-10 16:55:23.299] 2055,84,97,0.0
[2026-05-10 16:55:23.375] HR=93 SpO2=97 (raw:93/97 valid:1/1 sqi:1)
[2026-05-10 16:55:23.394] [GetTemp--2147478764]:i2c write failed
[2026-05-10 16:55:23.396] 2056,83,97,0.0
[2026-05-10 16:55:23.499] [GetTemp--2147478764]:i2c write failed
[2026-05-10 16:55:23.499] 2057,83,97,0.0
[2026-05-10 16:55:23.608] [GetTemp--2147478764]:i2c write failed
[2026-05-10 16:55:23.608] 2058,83,97,0.0
[2026-05-10 16:55:23.695] [GetTemp--2147478764]:i2c write failed
[2026-05-10 16:55:23.698] 2059,83,97,0.0
[2026-05-10 16:55:24.004] [GetTemp--2147478764]:i2c write failed
[2026-05-10 16:55:24.010] 2060,83,97,0.0
[2026-05-10 16:55:24.104] [GetTemp--2147478764]:i2c write failed
[2026-05-10 16:55:24.113] 2061,83,97,0.0
[2026-05-10 16:55:24.204] [GetTemp--2147478764]:i2c write failed
[2026-05-10 16:55:24.211] 2062,83,97,0.0
[2026-05-10 16:55:24.305] [GetTemp--2147478764]:i2c write failed
[2026-05-10 16:55:24.307] 2063,83,97,0.0
[2026-05-10 16:55:24.399] HR=93 SpO2=97 (raw:89/97 valid:1/1 sqi:1)
[2026-05-10 16:55:24.415] [GetTemp--2147478764]:i2c write failed
[2026-05-10 16:55:24.416] 2064,83,97,0.0
[2026-05-10 16:55:24.720] [GetTemp--2147478764]:i2c write failed
[2026-05-10 16:55:24.720] 2065,83,97,0.0
[2026-05-10 16:55:24.817] [GetTemp--2147478764]:i2c write failed
[2026-05-10 16:55:24.818] 2066,83,97,0.0
[2026-05-10 16:55:24.917] [GetTemp--2147478764]:i2c write failed
[2026-05-10 16:55:24.917] 2067,83,97,0.0
[2026-05-10 16:55:25.016] [GetTemp--2147478764]:i2c write failed
[2026-05-10 16:55:25.016] 2068,83,97,0.0
[2026-05-10 16:55:25.121] [GetTemp--2147478764]:i2c write failed
[2026-05-10 16:55:25.121] 2069,83,97,0.0
[2026-05-10 16:55:25.355] HR=90 SpO2=97 (raw:86/97 valid:1/1 sqi:1)
[2026-05-10 16:55:25.432] [GetTemp--2147478764]:i2c write failed
[2026-05-10 16:55:25.433] 2070,80,97,0.0
[2026-05-10 16:55:25.525] [GetTemp--2147478764]:i2c write failed
[2026-05-10 16:55:25.529] 2071,80,97,0.0
[2026-05-10 16:55:25.633] [GetTemp--2147478764]:i2c write failed
[2026-05-10 16:55:25.633] 2072,80,97,0.0
[2026-05-10 16:55:25.725] [GetTemp--2147478764]:i2c write failed
[2026-05-10 16:55:25.728] 2073,80,97,0.0
[2026-05-10 16:55:25.833] [GetTemp--2147478764]:i2c write failed
[2026-05-10 16:55:25.833] 2074,80,97,0.0
[2026-05-10 16:55:26.138] [GetTemp--2147478764]:i2c write failed
[2026-05-10 16:55:26.138] 2075,80,97,0.0
[2026-05-10 16:55:26.237] [GetTemp--2147478764]:i2c write failed
[2026-05-10 16:55:26.238] 2076,80,97,0.0
[2026-05-10 16:55:26.344] [GetTemp--2147478764]:i2c write failed
[2026-05-10 16:55:26.345] 2077,80,97,0.0
[2026-05-10 16:55:26.437] [GetTemp--2147478764]:i2c write failed
[2026-05-10 16:55:26.437] 2078,80,97,0.0
[2026-05-10 16:55:26.531] HR=89 SpO2=97 (raw:86/97 valid:1/1 sqi:1)
[2026-05-10 16:55:26.533] [GetTemp--2147478764]:i2c write failed
[2026-05-10 16:55:26.537] 2079,79,97,0.0
[2026-05-10 16:55:26.846] [GetTemp--2147478764]:i2c write failed
[2026-05-10 16:55:26.847] 2080,79,97,0.0
[2026-05-10 16:55:26.946] [GetTemp--2147478764]:i2c write failed
[2026-05-10 16:55:26.949] 2081,79,97,0.0
[2026-05-10 16:55:27.049] [GetTemp--2147478764]:i2c write failed
[2026-05-10 16:55:27.050] 2082,79,97,0.0
[2026-05-10 16:55:27.145] [GetTemp--2147478764]:i2c write failed
[2026-05-10 16:55:27.149] 2083,79,97,0.0
[2026-05-10 16:55:27.246] [GetTemp--2147478764]:i2c write failed
[2026-05-10 16:55:27.248] 2084,79,97,0.0
[2026-05-10 16:55:27.568] [GetTemp--2147478764]:i2c write failed
[2026-05-10 16:55:27.568] 2085,79,97,0.0
[2026-05-10 16:55:27.654] [GetTemp--2147478764]:i2c write failed
[2026-05-10 16:55:27.659] 2086,79,97,0.0
[2026-05-10 16:55:27.754] [GetTemp--2147478764]:i2c write failed
[2026-05-10 16:55:27.763] 2087,79,97,0.0
[2026-05-10 16:55:27.779] HR=86 SpO2=97 (raw:86/97 valid:1/1 sqi:1)
[2026-05-10 16:55:27.854] [GetTemp--2147478764]:i2c write failed
[2026-05-10 16:55:27.857] 2088,76,97,0.0
[2026-05-10 16:55:27.954] [GetTemp--2147478764]:i2c write failed
[2026-05-10 16:55:27.958] 2089,76,97,0.0
[2026-05-10 16:55:28.271] [GetTemp--2147478764]:i2c write failed
[2026-05-10 16:55:28.271] 2090,76,97,0.0
[2026-05-10 16:55:28.373] [GetTemp--2147478764]:i2c write failed
[2026-05-10 16:55:28.374] 2091,76,97,0.0
[2026-05-10 16:55:28.466] [GetTemp--2147478764]:i2c write failed
[2026-05-10 16:55:28.467] 2092,76,97,0.0
[2026-05-10 16:55:28.576] [GetTemp--2147478764]:i2c write failed
[2026-05-10 16:55:28.577] 2093,76,97,0.0
[2026-05-10 16:55:28.666] [GetTemp--2147478764]:i2c write failed
[2026-05-10 16:55:28.667] 2094,76,97,0.0
[2026-05-10 16:55:28.899] HR=86 SpO2=97 (raw:93/97 valid:1/1 sqi:1)
[2026-05-10 16:55:28.974] [GetTemp--2147478764]:i2c write failed
[2026-05-10 16:55:28.977] 2095,76,97,0.0
[2026-05-10 16:55:29.079] [GetTemp--2147478764]:i2c write failed
[2026-05-10 16:55:29.080] 2096,76,97,0.0
[2026-05-10 16:55:29.182] [GetTemp--2147478764]:i2c write failed
[2026-05-10 16:55:29.182] 2097,76,97,0.0
[2026-05-10 16:55:29.280] [GetTemp--2147478764]:i2c write failed
[2026-05-10 16:55:29.280] 2098,76,97,0.0
[2026-05-10 16:55:29.378] [GetTemp--2147478764]:i2c write failed
[2026-05-10 16:55:29.379] 2099,76,97,0.0
[2026-05-10 16:55:29.694] [GetTemp--2147478764]:i2c write failed
[2026-05-10 16:55:29.695] 2100,76,97,0.0
[2026-05-10 16:55:29.788] [GetTemp--2147478764]:i2c write failed
[2026-05-10 16:55:29.789] 2101,76,97,0.0
[2026-05-10 16:55:29.893] [GetTemp--2147478764]:i2c write failed
[2026-05-10 16:55:29.894] 2102,76,97,0.0
[2026-05-10 16:55:29.911] HR=86 SpO2=97 (raw:93/98 valid:1/1 sqi:1)
[2026-05-10 16:55:29.995] [GetTemp--2147478764]:i2c write failed
[2026-05-10 16:55:29.995] 2103,76,97,0.0
[2026-05-10 16:55:30.083] [GetTemp--2147478764]:i2c write failed
[2026-05-10 16:55:30.087] 2104,76,97,0.0
[2026-05-10 16:55:30.402] [GetTemp--2147478764]:i2c write failed
[2026-05-10 16:55:30.402] 2105,76,97,0.0
[2026-05-10 16:55:30.494] [GetTemp--2147478764]:i2c write failed
[2026-05-10 16:55:30.512] 2106,76,97,0.0
[2026-05-10 16:55:30.603] [GetTemp--2147478764]:i2c write failed
[2026-05-10 16:55:30.604] 2107,76,97,0.0
[2026-05-10 16:55:30.696] [GetTemp--2147478764]:i2c write failed
[2026-05-10 16:55:30.712] 2108,76,97,0.0
[2026-05-10 16:55:30.798] [GetTemp--2147478764]:i2c write failed
[2026-05-10 16:55:30.798] 2109,76,97,0.0
[2026-05-10 16:55:31.024] HR=93 SpO2=97 (raw:95/98 valid:1/1 sqi:1)
[2026-05-10 16:55:31.106] [GetTemp--2147478764]:i2c write failed
[2026-05-10 16:55:31.121] 2110,83,97,0.0
[2026-05-10 16:55:31.215] [GetTemp--2147478764]:i2c write failed
[2026-05-10 16:55:31.217] 2111,83,97,0.0
[2026-05-10 16:55:31.312] [GetTemp--2147478764]:i2c write failed
[2026-05-10 16:55:31.314] 2112,83,97,0.0
[2026-05-10 16:55:31.412] [GetTemp--2147478764]:i2c write failed
[2026-05-10 16:55:31.413] 2113,83,97,0.0
[2026-05-10 16:55:31.507] [GetTemp--2147478764]:i2c write failed
[2026-05-10 16:55:31.509] 2114,83,97,0.0
[2026-05-10 16:55:31.823] [GetTemp--2147478764]:i2c write failed
[2026-05-10 16:55:31.825] 2115,83,97,0.0
[2026-05-10 16:55:31.917] [GetTemp--2147478764]:i2c write failed
[2026-05-10 16:55:31.918] 2116,83,97,0.0
[2026-05-10 16:55:32.016] [GetTemp--2147478764]:i2c write failed
[2026-05-10 16:55:32.017] 2117,83,97,0.0
[2026-05-10 16:55:32.121] [GetTemp--2147478764]:i2c write failed
[2026-05-10 16:55:32.123] 2118,83,97,0.0
[2026-05-10 16:55:32.210] HR=93 SpO2=98 (raw:95/98 valid:1/1 sqi:1)
[2026-05-10 16:55:32.214] [GetTemp--2147478764]:i2c write failed
[2026-05-10 16:55:32.217] 2119,83,98,0.0
[2026-05-10 16:55:32.535] [GetTemp--2147478764]:i2c write failed
[2026-05-10 16:55:32.536] 2120,83,98,0.0
[2026-05-10 16:55:32.629] [GetTemp--2147478764]:i2c write failed
[2026-05-10 16:55:32.629] 2121,83,98,0.0
[2026-05-10 16:55:32.735] [GetTemp--2147478764]:i2c write failed
[2026-05-10 16:55:32.738] 2122,83,98,0.0
[2026-05-10 16:55:32.829] [GetTemp--2147478764]:i2c write failed
[2026-05-10 16:55:32.831] 2123,83,98,0.0
[2026-05-10 16:55:32.933] [GetTemp--2147478764]:i2c write failed
[2026-05-10 16:55:32.934] 2124,83,98,0.0
[2026-05-10 16:55:33.238] [GetTemp--2147478764]:i2c write failed
[2026-05-10 16:55:33.241] 2125,83,98,0.0
[2026-05-10 16:55:33.309] HR=95 SpO2=98 (raw:98/97 valid:1/1 sqi:1)
[2026-05-10 16:55:33.334] [GetTemp--2147478764]:i2c write failed
[2026-05-10 16:55:33.337] 2126,85,98,0.0
[2026-05-10 16:55:33.437] [GetTemp--2147478764]:i2c write failed
[2026-05-10 16:55:33.438] 2127,85,98,0.0
[2026-05-10 16:55:33.545] [GetTemp--2147478764]:i2c write failed
[2026-05-10 16:55:33.546] 2128,85,98,0.0
[2026-05-10 16:55:33.639] [GetTemp--2147478764]:i2c write failed
[2026-05-10 16:55:33.641] 2129,85,98,0.0
[2026-05-10 16:55:33.952] [GetTemp--2147478764]:i2c write failed
[2026-05-10 16:55:33.955] 2130,85,98,0.0
[2026-05-10 16:55:34.057] [GetTemp--2147478764]:i2c write failed
[2026-05-10 16:55:34.058] 2131,85,98,0.0
[2026-05-10 16:55:34.148] [GetTemp--2147478764]:i2c write failed
[2026-05-10 16:55:34.150] 2132,85,98,0.0
[2026-05-10 16:55:34.253] [GetTemp--2147478764]:i2c write failed
[2026-05-10 16:55:34.254] 2133,85,98,0.0
[2026-05-10 16:55:34.328] HR=95 SpO2=98 (raw:95/98 valid:1/1 sqi:1)
[2026-05-10 16:55:34.341] [GetTemp--2147478764]:i2c write failed
[2026-05-10 16:55:34.347] 2134,85,98,0.0
[2026-05-10 16:55:34.654] [GetTemp--2147478764]:i2c write failed
[2026-05-10 16:55:34.658] 2135,85,98,0.0
[2026-05-10 16:55:34.766] [GetTemp--2147478764]:i2c write failed
[2026-05-10 16:55:34.766] 2136,85,98,0.0
[2026-05-10 16:55:34.867] [GetTemp--2147478764]:i2c write failed
[2026-05-10 16:55:34.868] 2137,85,98,0.0
[2026-05-10 16:55:34.963] [GetTemp--2147478764]:i2c write failed
[2026-05-10 16:55:34.966] 2138,85,98,0.0
[2026-05-10 16:55:35.054] [GetTemp--2147478764]:i2c write failed
[2026-05-10 16:55:35.057] 2139,85,98,0.0
[2026-05-10 16:55:35.378] [GetTemp--2147478764]:i2c write failed
[2026-05-10 16:55:35.380] 2140,85,98,0.0
[2026-05-10 16:55:35.430] HR=95 SpO2=98 (raw:96/97 valid:1/1 sqi:1)
[2026-05-10 16:55:35.477] [GetTemp--2147478764]:i2c write failed
[2026-05-10 16:55:35.478] 2141,85,98,0.0
[2026-05-10 16:55:35.571] [GetTemp--2147478764]:i2c write failed
[2026-05-10 16:55:35.571] 2142,85,98,0.0
[2026-05-10 16:55:35.664] [GetTemp--2147478764]:i2c write failed
[2026-05-10 16:55:35.680] 2143,85,98,0.0
[2026-05-10 16:55:35.765] [GetTemp--2147478764]:i2c write failed
[2026-05-10 16:55:35.768] 2144,85,98,0.0
[2026-05-10 16:55:36.079] [GetTemp--2147478764]:i2c write failed
[2026-05-10 16:55:36.080] 2145,85,98,0.0
[2026-05-10 16:55:36.184] [GetTemp--2147478764]:i2c write failed
[2026-05-10 16:55:36.186] 2146,85,98,0.0
[2026-05-10 16:55:36.278] [GetTemp--2147478764]:i2c write failed
[2026-05-10 16:55:36.280] 2147,85,98,0.0
[2026-05-10 16:55:36.375] [GetTemp--2147478764]:i2c write failed
[2026-05-10 16:55:36.377] 2148,85,98,0.0
[2026-05-10 16:55:36.479] [GetTemp--2147478764]:i2c write failed
[2026-05-10 16:55:36.481] 2149,85,98,0.0
[2026-05-10 16:55:36.714] HR=95 SpO2=97 (raw:95/97 valid:1/1 sqi:1)
[2026-05-10 16:55:36.788] [GetTemp--2147478764]:i2c write failed
[2026-05-10 16:55:36.789] 2150,85,97,0.0
[2026-05-10 16:55:36.899] [GetTemp--2147478764]:i2c write failed
[2026-05-10 16:55:36.900] 2151,85,97,0.0
[2026-05-10 16:55:36.995] [GetTemp--2147478764]:i2c write failed
[2026-05-10 16:55:36.996] 2152,85,97,0.0
[2026-05-10 16:55:37.091] [GetTemp--2147478764]:i2c write failed
[2026-05-10 16:55:37.092] 2153,85,97,0.0
[2026-05-10 16:55:37.188] [GetTemp--2147478764]:i2c write failed
[2026-05-10 16:55:37.189] 2154,85,97,0.0
[2026-05-10 16:55:37.503] [GetTemp--2147478764]:i2c write failed
[2026-05-10 16:55:37.504] 2155,85,97,0.0
[2026-05-10 16:55:37.598] [GetTemp--2147478764]:i2c write failed
[2026-05-10 16:55:37.598] 2156,85,97,0.0
[2026-05-10 16:55:37.705] [GetTemp--2147478764]:i2c write failed
[2026-05-10 16:55:37.706] 2157,85,97,0.0
[2026-05-10 16:55:37.720] HR=96 SpO2=97 (raw:98/97 valid:1/1 sqi:1)
[2026-05-10 16:55:37.794] [GetTemp--2147478764]:i2c write failed
[2026-05-10 16:55:37.797] 2158,86,97,0.0
[2026-05-10 16:55:37.905] [GetTemp--2147478764]:i2c write failed
[2026-05-10 16:55:37.906] 2159,86,97,0.0
[2026-05-10 16:55:38.212] [GetTemp--2147478764]:i2c write failed
[2026-05-10 16:55:38.212] 2160,86,97,0.0
[2026-05-10 16:55:38.311] [GetTemp--2147478764]:i2c write failed
[2026-05-10 16:55:38.313] 2161,86,97,0.0
[2026-05-10 16:55:38.410] [GetTemp--2147478764]:i2c write failed
[2026-05-10 16:55:38.410] 2162,86,97,0.0
[2026-05-10 16:55:38.505] [GetTemp--2147478764]:i2c write failed
[2026-05-10 16:55:38.507] 2163,86,97,0.0
[2026-05-10 16:55:38.614] [GetTemp--2147478764]:i2c write failed
[2026-05-10 16:55:38.616] 2164,86,97,0.0
[2026-05-10 16:55:38.840] HR=96 SpO2=97 (raw:100/97 valid:1/1 sqi:1)
[2026-05-10 16:55:38.925] [GetTemp--2147478764]:i2c write failed
[2026-05-10 16:55:38.926] 2165,86,97,0.0
[2026-05-10 16:55:39.017] [GetTemp--2147478764]:i2c write failed
[2026-05-10 16:55:39.017] 2166,86,97,0.0
[2026-05-10 16:55:39.118] [GetTemp--2147478764]:i2c write failed
[2026-05-10 16:55:39.119] 2167,86,97,0.0
[2026-05-10 16:55:39.221] [GetTemp--2147478764]:i2c write failed
[2026-05-10 16:55:39.222] 2168,86,97,0.0
[2026-05-10 16:55:39.321] [GetTemp--2147478764]:i2c write failed
[2026-05-10 16:55:39.322] 2169,86,97,0.0
[2026-05-10 16:55:39.638] [GetTemp--2147478764]:i2c write failed
[2026-05-10 16:55:39.641] 2170,86,97,0.0
[2026-05-10 16:55:39.725] [GetTemp--2147478764]:i2c write failed
[2026-05-10 16:55:39.729] 2171,86,97,0.0
[2026-05-10 16:55:39.824] [GetTemp--2147478764]:i2c write failed
[2026-05-10 16:55:39.827] 2172,86,97,0.0
[2026-05-10 16:55:39.864] HR=98 SpO2=97 (raw:101/97 valid:1/1 sqi:1)
[2026-05-10 16:55:39.928] [GetTemp--2147478764]:i2c write failed
[2026-05-10 16:55:39.928] 2173,88,97,0.0
[2026-05-10 16:55:40.036] [GetTemp--2147478764]:i2c write failed
[2026-05-10 16:55:40.037] 2174,88,97,0.0
[2026-05-10 16:55:40.338] [GetTemp--2147478764]:i2c write failed
[2026-05-10 16:55:40.340] 2175,88,97,0.0
[2026-05-10 16:55:40.445] [GetTemp--2147478764]:i2c write failed
[2026-05-10 16:55:40.446] 2176,88,97,0.0
[2026-05-10 16:55:40.539] [GetTemp--2147478764]:i2c write failed
[2026-05-10 16:55:40.540] 2177,88,97,0.0
[2026-05-10 16:55:40.647] [GetTemp--2147478764]:i2c write failed
[2026-05-10 16:55:40.650] 2178,88,97,0.0
[2026-05-10 16:55:40.737] [GetTemp--2147478764]:i2c write failed
[2026-05-10 16:55:40.739] 2179,88,97,0.0
[2026-05-10 16:55:41.049] [GetTemp--2147478764]:i2c write failed
[2026-05-10 16:55:41.051] 2180,88,97,0.0
[2026-05-10 16:55:41.120] HR=100 SpO2=97 (raw:100/98 valid:1/1 sqi:1)
[2026-05-10 16:55:41.153] [GetTemp--2147478764]:i2c write failed
[2026-05-10 16:55:41.154] 2181,90,97,0.0
[2026-05-10 16:55:41.250] [GetTemp--2147478764]:i2c write failed
[2026-05-10 16:55:41.251] 2182,90,97,0.0
[2026-05-10 16:55:41.353] [GetTemp--2147478764]:i2c write failed
[2026-05-10 16:55:41.354] 2183,90,97,0.0
[2026-05-10 16:55:41.452] [GetTemp--2147478764]:i2c write failed
[2026-05-10 16:55:41.453] 2184,90,97,0.0
[2026-05-10 16:55:41.757] [GetTemp--2147478764]:i2c write failed
[2026-05-10 16:55:41.758] 2185,90,97,0.0
[2026-05-10 16:55:41.858] [GetTemp--2147478764]:i2c write failed
[2026-05-10 16:55:41.858] 2186,90,97,0.0
[2026-05-10 16:55:41.958] [GetTemp--2147478764]:i2c write failed
[2026-05-10 16:55:41.959] 2187,90,97,0.0
[2026-05-10 16:55:42.059] [GetTemp--2147478764]:i2c write failed
[2026-05-10 16:55:42.062] 2188,90,97,0.0
[2026-05-10 16:55:42.154] HR=100 SpO2=97 (raw:100/97 valid:1/1 sqi:1)
[2026-05-10 16:55:42.158] [GetTemp--2147478764]:i2c write failed
[2026-05-10 16:55:42.158] 2189,90,97,0.0
[2026-05-10 16:55:42.478] [GetTemp--2147478764]:i2c write failed
[2026-05-10 16:55:42.479] 2190,90,97,0.0
[2026-05-10 16:55:42.574] [GetTemp--2147478764]:i2c write failed
[2026-05-10 16:55:42.575] 2191,90,97,0.0
[2026-05-10 16:55:42.667] [GetTemp--2147478764]:i2c write failed
[2026-05-10 16:55:42.669] 2192,90,97,0.0
[2026-05-10 16:55:42.771] [GetTemp--2147478764]:i2c write failed
[2026-05-10 16:55:42.772] 2193,90,97,0.0
[2026-05-10 16:55:42.870] [GetTemp--2147478764]:i2c write failed
[2026-05-10 16:55:42.871] 2194,90,97,0.0
[2026-05-10 16:55:43.175] [GetTemp--2147478764]:i2c write failed
[2026-05-10 16:55:43.177] 2195,90,97,0.0
[2026-05-10 16:55:43.243] HR=100 SpO2=97 (raw:100/97 valid:1/1 sqi:1)
[2026-05-10 16:55:43.274] [GetTemp--2147478764]:i2c write failed
[2026-05-10 16:55:43.277] 2196,90,97,0.0
[2026-05-10 16:55:43.380] [GetTemp--2147478764]:i2c write failed
[2026-05-10 16:55:43.381] 2197,90,97,0.0
[2026-05-10 16:55:43.474] [GetTemp--2147478764]:i2c write failed
[2026-05-10 16:55:43.476] 2198,90,97,0.0
[2026-05-10 16:55:43.584] [GetTemp--2147478764]:i2c write failed
[2026-05-10 16:55:43.585] 2199,90,97,0.0
[2026-05-10 16:55:43.895] [GetTemp--2147478764]:i2c write failed
[2026-05-10 16:55:43.896] 2200,90,97,0.0
[2026-05-10 16:55:43.994] [GetTemp--2147478764]:i2c write failed
[2026-05-10 16:55:43.996] 2201,90,97,0.0
[2026-05-10 16:55:44.098] [GetTemp--2147478764]:i2c write failed
[2026-05-10 16:55:44.100] 2202,90,97,0.0
[2026-05-10 16:55:44.187] [GetTemp--2147478764]:i2c write failed
[2026-05-10 16:55:44.187] 2203,90,97,0.0
[2026-05-10 16:55:44.269] HR=100 SpO2=97 (raw:95/97 valid:1/1 sqi:1)
[2026-05-10 16:55:44.284] [GetTemp--2147478764]:i2c write failed
[2026-05-10 16:55:44.287] 2204,90,97,0.0
[2026-05-10 16:55:44.605] [GetTemp--2147478764]:i2c write failed
[2026-05-10 16:55:44.606] 2205,90,97,0.0
[2026-05-10 16:55:44.698] [GetTemp--2147478764]:i2c write failed
[2026-05-10 16:55:44.700] 2206,90,97,0.0
[2026-05-10 16:55:44.800] [GetTemp--2147478764]:i2c write failed
[2026-05-10 16:55:44.800] 2207,90,97,0.0
[2026-05-10 16:55:44.906] [GetTemp--2147478764]:i2c write failed
[2026-05-10 16:55:44.906] 2208,90,97,0.0
[2026-05-10 16:55:44.997] [GetTemp--2147478764]:i2c write failed
[2026-05-10 16:55:44.997] 2209,90,97,0.0
[2026-05-10 16:55:45.304] [GetTemp--2147478764]:i2c write failed
[2026-05-10 16:55:45.308] 2210,90,97,0.0
[2026-05-10 16:55:45.416] [GetTemp--2147478764]:i2c write failed
[2026-05-10 16:55:45.416] 2211,90,97,0.0
[2026-05-10 16:55:45.510] [GetTemp--2147478764]:i2c write failed
[2026-05-10 16:55:45.511] 2212,90,97,0.0
[2026-05-10 16:55:45.530] HR=100 SpO2=97 (raw:95/97 valid:1/1 sqi:1)
[2026-05-10 16:55:45.619] [GetTemp--2147478764]:i2c write failed
[2026-05-10 16:55:45.620] 2213,90,97,0.0
[2026-05-10 16:55:45.708] [GetTemp--2147478764]:i2c write failed
[2026-05-10 16:55:45.708] 2214,90,97,0.0
[2026-05-10 16:55:46.017] [GetTemp--2147478764]:i2c write failed
[2026-05-10 16:55:46.017] 2215,90,97,0.0
[2026-05-10 16:55:46.117] [GetTemp--2147478764]:i2c write failed
[2026-05-10 16:55:46.117] 2216,90,97,0.0
[2026-05-10 16:55:46.217] [GetTemp--2147478764]:i2c write failed
[2026-05-10 16:55:46.218] 2217,90,97,0.0
[2026-05-10 16:55:46.316] [GetTemp--2147478764]:i2c write failed
[2026-05-10 16:55:46.318] 2218,90,97,0.0
[2026-05-10 16:55:46.420] [GetTemp--2147478764]:i2c write failed
[2026-05-10 16:55:46.421] 2219,90,97,0.0
[2026-05-10 16:55:46.653] HR=95 SpO2=97 (raw:93/97 valid:1/1 sqi:1)
[2026-05-10 16:55:46.736] [GetTemp--2147478764]:i2c write failed
[2026-05-10 16:55:46.738] 2220,85,97,0.0
[2026-05-10 16:55:46.829] [GetTemp--2147478764]:i2c write failed
[2026-05-10 16:55:46.829] 2221,85,97,0.0
[2026-05-10 16:55:46.932] [GetTemp--2147478764]:i2c write failed
[2026-05-10 16:55:46.933] 2222,85,97,0.0
[2026-05-10 16:55:47.033] [GetTemp--2147478764]:i2c write failed
[2026-05-10 16:55:47.034] 2223,85,97,0.0
[2026-05-10 16:55:47.133] [GetTemp--2147478764]:i2c write failed
[2026-05-10 16:55:47.134] 2224,85,97,0.0
[2026-05-10 16:55:47.445] [GetTemp--2147478764]:i2c write failed
[2026-05-10 16:55:47.446] 2225,85,97,0.0
[2026-05-10 16:55:47.538] [GetTemp--2147478764]:i2c write failed
[2026-05-10 16:55:47.539] 2226,85,97,0.0
[2026-05-10 16:55:47.646] [GetTemp--2147478764]:i2c write failed
[2026-05-10 16:55:47.648] 2227,85,97,0.0
[2026-05-10 16:55:47.662] HR=95 SpO2=97 (raw:93/97 valid:1/1 sqi:1)
[2026-05-10 16:55:47.738] [GetTemp--2147478764]:i2c write failed
[2026-05-10 16:55:47.738] 2228,85,97,0.0
[2026-05-10 16:55:47.841] [GetTemp--2147478764]:i2c write failed
[2026-05-10 16:55:47.842] 2229,85,97,0.0
[2026-05-10 16:55:48.144] [GetTemp--2147478764]:i2c write failed
[2026-05-10 16:55:48.160] 2230,85,97,0.0
[2026-05-10 16:55:48.260] [GetTemp--2147478764]:i2c write failed
[2026-05-10 16:55:48.260] 2231,85,97,0.0
[2026-05-10 16:55:48.345] [GetTemp--2147478764]:i2c write failed
[2026-05-10 16:55:48.347] 2232,85,97,0.0
[2026-05-10 16:55:48.458] [GetTemp--2147478764]:i2c write failed
[2026-05-10 16:55:48.459] 2233,85,97,0.0
[2026-05-10 16:55:48.553] [GetTemp--2147478764]:i2c write failed
[2026-05-10 16:55:48.554] 2234,85,97,0.0
[2026-05-10 16:55:48.783] HR=95 SpO2=97 (raw:95/97 valid:1/1 sqi:1)
[2026-05-10 16:55:48.858] [GetTemp--2147478764]:i2c write failed
[2026-05-10 16:55:48.859] 2235,85,97,0.0
[2026-05-10 16:55:48.958] [GetTemp--2147478764]:i2c write failed
[2026-05-10 16:55:48.959] 2236,85,97,0.0
[2026-05-10 16:55:49.058] [GetTemp--2147478764]:i2c write failed
[2026-05-10 16:55:49.058] 2237,85,97,0.0
[2026-05-10 16:55:49.158] [GetTemp--2147478764]:i2c write failed
[2026-05-10 16:55:49.159] 2238,85,97,0.0
[2026-05-10 16:55:49.255] [GetTemp--2147478764]:i2c write failed
[2026-05-10 16:55:49.258] 2239,85,97,0.0
[2026-05-10 16:55:49.574] [GetTemp--2147478764]:i2c write failed
[2026-05-10 16:55:49.576] 2240,85,97,0.0
[2026-05-10 16:55:49.675] [GetTemp--2147478764]:i2c write failed
[2026-05-10 16:55:49.676] 2241,85,97,0.0
[2026-05-10 16:55:49.767] [GetTemp--2147478764]:i2c write failed
[2026-05-10 16:55:49.768] 2242,85,97,0.0
[2026-05-10 16:55:49.871] [GetTemp--2147478764]:i2c write failed
[2026-05-10 16:55:49.871] 2243,85,97,0.0
[2026-05-10 16:55:49.957] HR=95 SpO2=97 (raw:95/98 valid:1/1 sqi:1)
[2026-05-10 16:55:49.964] [GetTemp--2147478764]:i2c write failed
[2026-05-10 16:55:49.967] 2244,85,97,0.0
[2026-05-10 16:55:50.283] [GetTemp--2147478764]:i2c write failed
[2026-05-10 16:55:50.284] 2245,85,97,0.0
[2026-05-10 16:55:50.375] [GetTemp--2147478764]:i2c write failed
[2026-05-10 16:55:50.377] 2246,85,97,0.0
[2026-05-10 16:55:50.484] [GetTemp--2147478764]:i2c write failed
[2026-05-10 16:55:50.484] 2247,85,97,0.0
[2026-05-10 16:55:50.579] [GetTemp--2147478764]:i2c write failed
[2026-05-10 16:55:50.579] 2248,85,97,0.0
[2026-05-10 16:55:50.682] [GetTemp--2147478764]:i2c write failed
[2026-05-10 16:55:50.685] 2249,85,97,0.0
[2026-05-10 16:55:50.917] HR=95 SpO2=97 (raw:98/97 valid:1/1 sqi:1)
[2026-05-10 16:55:50.996] [GetTemp--2147478764]:i2c write failed
[2026-05-10 16:55:50.996] 2250,85,97,0.0
[2026-05-10 16:55:51.088] [GetTemp--2147478764]:i2c write failed
[2026-05-10 16:55:51.088] 2251,85,97,0.0
[2026-05-10 16:55:51.188] [GetTemp--2147478764]:i2c write failed
[2026-05-10 16:55:51.188] 2252,85,97,0.0
[2026-05-10 16:55:51.291] [GetTemp--2147478764]:i2c write failed
[2026-05-10 16:55:51.292] 2253,85,97,0.0
[2026-05-10 16:55:51.392] [GetTemp--2147478764]:i2c write failed
[2026-05-10 16:55:51.392] 2254,85,97,0.0
[2026-05-10 16:55:51.701] [GetTemp--2147478764]:i2c write failed
[2026-05-10 16:55:51.702] 2255,85,97,0.0
[2026-05-10 16:55:51.796] [GetTemp--2147478764]:i2c write failed
[2026-05-10 16:55:51.799] 2256,85,97,0.0
[2026-05-10 16:55:51.904] [GetTemp--2147478764]:i2c write failed
[2026-05-10 16:55:51.905] 2257,85,97,0.0
[2026-05-10 16:55:51.996] [GetTemp--2147478764]:i2c write failed
[2026-05-10 16:55:51.997] 2258,85,97,0.0
[2026-05-10 16:55:52.091] HR=95 SpO2=97 (raw:101/97 valid:1/1 sqi:1)
[2026-05-10 16:55:52.094] [GetTemp--2147478764]:i2c write failed
[2026-05-10 16:55:52.097] 2259,85,97,0.0
[2026-05-10 16:55:52.410] [GetTemp--2147478764]:i2c write failed
[2026-05-10 16:55:52.411] 2260,85,97,0.0
[2026-05-10 16:55:52.504] [GetTemp--2147478764]:i2c write failed
[2026-05-10 16:55:52.507] 2261,85,97,0.0
[2026-05-10 16:55:52.613] [GetTemp--2147478764]:i2c write failed
[2026-05-10 16:55:52.614] 2262,85,97,0.0
[2026-05-10 16:55:52.715] [GetTemp--2147478764]:i2c write failed
[2026-05-10 16:55:52.715] 2263,85,97,0.0
[2026-05-10 16:55:52.804] [GetTemp--2147478764]:i2c write failed
[2026-05-10 16:55:52.808] 2264,85,97,0.0
[2026-05-10 16:55:53.128] [GetTemp--2147478764]:i2c write failed
[2026-05-10 16:55:53.129] 2265,85,97,0.0
[2026-05-10 16:55:53.183] HR=98 SpO2=97 (raw:107/97 valid:1/1 sqi:1)
[2026-05-10 16:55:53.217] [GetTemp--2147478764]:i2c write failed
[2026-05-10 16:55:53.217] 2266,88,97,0.0
[2026-05-10 16:55:53.325] [GetTemp--2147478764]:i2c write failed
[2026-05-10 16:55:53.325] 2267,88,97,0.0
[2026-05-10 16:55:53.420] [GetTemp--2147478764]:i2c write failed
[2026-05-10 16:55:53.421] 2268,88,97,0.0
[2026-05-10 16:55:53.514] [GetTemp--2147478764]:i2c write failed
[2026-05-10 16:55:53.530] 2269,88,97,0.0
[2026-05-10 16:55:53.825] [GetTemp--2147478764]:i2c write failed
[2026-05-10 16:55:53.829] 2270,88,97,0.0
[2026-05-10 16:55:53.925] [GetTemp--2147478764]:i2c write failed
[2026-05-10 16:55:53.929] 2271,88,97,0.0
[2026-05-10 16:55:54.025] [GetTemp--2147478764]:i2c write failed
[2026-05-10 16:55:54.027] 2272,88,97,0.0
[2026-05-10 16:55:54.125] [GetTemp--2147478764]:i2c write failed
[2026-05-10 16:55:54.128] 2273,88,97,0.0
[2026-05-10 16:55:54.232] [GetTemp--2147478764]:i2c write failed
[2026-05-10 16:55:54.232] 2274,88,97,0.0
[2026-05-10 16:55:54.462] HR=101 SpO2=97 (raw:107/97 valid:1/1 sqi:1)
[2026-05-10 16:55:54.540] [GetTemp--2147478764]:i2c write failed
[2026-05-10 16:55:54.540] 2275,91,97,0.0
[2026-05-10 16:55:54.634] [GetTemp--2147478764]:i2c write failed
[2026-05-10 16:55:54.638] 2276,91,97,0.0
[2026-05-10 16:55:54.738] [GetTemp--2147478764]:i2c write failed
[2026-05-10 16:55:54.739] 2277,91,97,0.0
[2026-05-10 16:55:54.838] [GetTemp--2147478764]:i2c write failed
[2026-05-10 16:55:54.838] 2278,91,97,0.0
[2026-05-10 16:55:54.938] [GetTemp--2147478764]:i2c write failed
[2026-05-10 16:55:54.939] 2279,91,97,0.0
[2026-05-10 16:55:55.246] [GetTemp--2147478764]:i2c write failed
[2026-05-10 16:55:55.250] 2280,91,97,0.0
[2026-05-10 16:55:55.346] [GetTemp--2147478764]:i2c write failed
[2026-05-10 16:55:55.348] 2281,91,97,0.0
[2026-05-10 16:55:55.459] [GetTemp--2147478764]:i2c write failed
[2026-05-10 16:55:55.460] 2282,91,97,0.0
[2026-05-10 16:55:55.475] HR=107 SpO2=97 (raw:107/98 valid:1/1 sqi:1)
[2026-05-10 16:55:55.553] [GetTemp--2147478764]:i2c write failed
[2026-05-10 16:55:55.553] 2283,97,97,0.0
[2026-05-10 16:55:55.647] [GetTemp--2147478764]:i2c write failed
[2026-05-10 16:55:55.648] 2284,97,97,0.0
[2026-05-10 16:55:55.955] [GetTemp--2147478764]:i2c write failed
[2026-05-10 16:55:55.958] 2285,97,97,0.0
[2026-05-10 16:55:56.054] [GetTemp--2147478764]:i2c write failed
[2026-05-10 16:55:56.056] 2286,97,97,0.0
[2026-05-10 16:55:56.158] [GetTemp--2147478764]:i2c write failed
[2026-05-10 16:55:56.158] 2287,97,97,0.0
[2026-05-10 16:55:56.254] [GetTemp--2147478764]:i2c write failed
[2026-05-10 16:55:56.258] 2288,97,97,0.0
[2026-05-10 16:55:56.354] [GetTemp--2147478764]:i2c write failed
[2026-05-10 16:55:56.357] 2289,97,97,0.0
[2026-05-10 16:55:56.598] HR=107 SpO2=97 (raw:103/100 valid:1/1 sqi:1)
[2026-05-10 16:55:56.678] [GetTemp--2147478764]:i2c write failed
[2026-05-10 16:55:56.679] 2290,97,97,0.0
[2026-05-10 16:55:56.775] [GetTemp--2147478764]:i2c write failed
[2026-05-10 16:55:56.775] 2291,97,97,0.0
[2026-05-10 16:55:56.867] [GetTemp--2147478764]:i2c write failed
[2026-05-10 16:55:56.867] 2292,97,97,0.0
[2026-05-10 16:55:56.976] [GetTemp--2147478764]:i2c write failed
[2026-05-10 16:55:56.976] 2293,97,97,0.0
[2026-05-10 16:55:57.067] [GetTemp--2147478764]:i2c write failed
[2026-05-10 16:55:57.068] 2294,97,97,0.0
[2026-05-10 16:55:57.375] [GetTemp--2147478764]:i2c write failed
[2026-05-10 16:55:57.378] 2295,97,97,0.0
[2026-05-10 16:55:57.480] [GetTemp--2147478764]:i2c write failed
[2026-05-10 16:55:57.482] 2296,97,97,0.0
[2026-05-10 16:55:57.590] [GetTemp--2147478764]:i2c write failed
[2026-05-10 16:55:57.592] 2297,97,97,0.0
[2026-05-10 16:55:57.605] HR=107 SpO2=98 (raw:98/99 valid:1/1 sqi:1)
[2026-05-10 16:55:57.683] [GetTemp--2147478764]:i2c write failed
[2026-05-10 16:55:57.684] 2298,97,98,0.0
[2026-05-10 16:55:57.781] [GetTemp--2147478764]:i2c write failed
[2026-05-10 16:55:57.781] 2299,97,98,0.0
[2026-05-10 16:55:58.088] [GetTemp--2147478764]:i2c write failed
[2026-05-10 16:55:58.089] 2300,97,98,0.0
[2026-05-10 16:55:58.192] [GetTemp--2147478764]:i2c write failed
[2026-05-10 16:55:58.193] 2301,97,98,0.0
[2026-05-10 16:55:58.286] [GetTemp--2147478764]:i2c write failed
[2026-05-10 16:55:58.291] 2302,97,98,0.0
[2026-05-10 16:55:58.398] [GetTemp--2147478764]:i2c write failed
[2026-05-10 16:55:58.399] 2303,97,98,0.0
[2026-05-10 16:55:58.492] [GetTemp--2147478764]:i2c write failed
[2026-05-10 16:55:58.492] 2304,97,98,0.0
[2026-05-10 16:55:58.734] HR=103 SpO2=99 (raw:103/99 valid:1/1 sqi:1)
[2026-05-10 16:55:58.796] [GetTemp--2147478764]:i2c write failed
[2026-05-10 16:55:58.796] 2305,93,99,0.0
[2026-05-10 16:55:58.896] [GetTemp--2147478764]:i2c write failed
[2026-05-10 16:55:58.900] 2306,93,99,0.0
[2026-05-10 16:55:58.996] [GetTemp--2147478764]:i2c write failed
[2026-05-10 16:55:59.004] 2307,93,99,0.0
[2026-05-10 16:55:59.109] [GetTemp--2147478764]:i2c write failed
[2026-05-10 16:55:59.109] 2308,93,99,0.0
[2026-05-10 16:55:59.198] [GetTemp--2147478764]:i2c write failed
[2026-05-10 16:55:59.200] 2309,93,99,0.0
[2026-05-10 16:55:59.504] [GetTemp--2147478764]:i2c write failed
[2026-05-10 16:55:59.507] 2310,93,99,0.0
[2026-05-10 16:55:59.614] [GetTemp--2147478764]:i2c write failed
[2026-05-10 16:55:59.615] 2311,93,99,0.0
[2026-05-10 16:55:59.706] [GetTemp--2147478764]:i2c write failed
[2026-05-10 16:55:59.708] 2312,93,99,0.0
[2026-05-10 16:55:59.804] [GetTemp--2147478764]:i2c write failed
[2026-05-10 16:55:59.807] 2313,93,99,0.0
[2026-05-10 16:55:59.901] HR=103 SpO2=99 (raw:103/97 valid:1/1 sqi:1)
[2026-05-10 16:55:59.906] [GetTemp--2147478764]:i2c write failed
[2026-05-10 16:55:59.909] 2314,93,99,0.0
[2026-05-10 16:56:00.221] [GetTemp--2147478764]:i2c write failed
[2026-05-10 16:56:00.222] 2315,93,99,0.0
[2026-05-10 16:56:00.317] [GetTemp--2147478764]:i2c write failed
[2026-05-10 16:56:00.318] 2316,93,99,0.0
[2026-05-10 16:56:00.419] [GetTemp--2147478764]:i2c write failed
[2026-05-10 16:56:00.421] 2317,93,99,0.0
[2026-05-10 16:56:00.529] [GetTemp--2147478764]:i2c write failed
[2026-05-10 16:56:00.530] 2318,93,99,0.0
[2026-05-10 16:56:00.620] [GetTemp--2147478764]:i2c write failed
[2026-05-10 16:56:00.621] 2319,93,99,0.0
[2026-05-10 16:56:00.926] [GetTemp--2147478764]:i2c write failed
[2026-05-10 16:56:00.930] 2320,93,99,0.0
[2026-05-10 16:56:00.993] HR=103 SpO2=99 (raw:98/97 valid:1/1 sqi:1)
[2026-05-10 16:56:01.036] [GetTemp--2147478764]:i2c write failed
[2026-05-10 16:56:01.037] 2321,93,99,0.0
[2026-05-10 16:56:01.129] [GetTemp--2147478764]:i2c write failed
[2026-05-10 16:56:01.130] 2322,93,99,0.0
[2026-05-10 16:56:01.225] [GetTemp--2147478764]:i2c write failed
[2026-05-10 16:56:01.241] 2323,93,99,0.0
[2026-05-10 16:56:01.326] [GetTemp--2147478764]:i2c write failed
[2026-05-10 16:56:01.328] 2324,93,99,0.0
[2026-05-10 16:56:01.646] [GetTemp--2147478764]:i2c write failed
[2026-05-10 16:56:01.647] 2325,93,99,0.0
[2026-05-10 16:56:01.736] [GetTemp--2147478764]:i2c write failed
[2026-05-10 16:56:01.739] 2326,93,99,0.0
[2026-05-10 16:56:01.845] [GetTemp--2147478764]:i2c write failed
[2026-05-10 16:56:01.848] 2327,93,99,0.0
[2026-05-10 16:56:01.942] [GetTemp--2147478764]:i2c write failed
[2026-05-10 16:56:01.944] 2328,93,99,0.0
[2026-05-10 16:56:02.026] HR=98 SpO2=97 (raw:98/97 valid:1/1 sqi:1)
[2026-05-10 16:56:02.045] [GetTemp--2147478764]:i2c write failed
[2026-05-10 16:56:02.046] 2329,88,97,0.0
[2026-05-10 16:56:02.347] [GetTemp--2147478764]:i2c write failed
[2026-05-10 16:56:02.348] 2330,88,97,0.0
[2026-05-10 16:56:02.457] [GetTemp--2147478764]:i2c write failed
[2026-05-10 16:56:02.457] 2331,88,97,0.0
[2026-05-10 16:56:02.551] [GetTemp--2147478764]:i2c write failed
[2026-05-10 16:56:02.552] 2332,88,97,0.0
[2026-05-10 16:56:02.660] [GetTemp--2147478764]:i2c write failed
[2026-05-10 16:56:02.661] 2333,88,97,0.0
[2026-05-10 16:56:02.755] [GetTemp--2147478764]:i2c write failed
[2026-05-10 16:56:02.755] 2334,88,97,0.0
[2026-05-10 16:56:03.055] [GetTemp--2147478764]:i2c write failed
[2026-05-10 16:56:03.057] 2335,88,97,0.0
[2026-05-10 16:56:03.170] [GetTemp--2147478764]:i2c write failed
[2026-05-10 16:56:03.171] 2336,88,97,0.0
[2026-05-10 16:56:03.255] [GetTemp--2147478764]:i2c write failed
[2026-05-10 16:56:03.263] 2337,88,97,0.0
[2026-05-10 16:56:03.282] HR=98 SpO2=97 (raw:93/97 valid:1/1 sqi:1)
[2026-05-10 16:56:03.359] [GetTemp--2147478764]:i2c write failed
[2026-05-10 16:56:03.360] 2338,88,97,0.0
[2026-05-10 16:56:03.458] [GetTemp--2147478764]:i2c write failed
[2026-05-10 16:56:03.459] 2339,88,97,0.0
[2026-05-10 16:56:03.772] [GetTemp--2147478764]:i2c write failed
[2026-05-10 16:56:03.775] 2340,88,97,0.0
[2026-05-10 16:56:03.880] [GetTemp--2147478764]:i2c write failed
[2026-05-10 16:56:03.881] 2341,88,97,0.0
[2026-05-10 16:56:03.968] [GetTemp--2147478764]:i2c write failed
[2026-05-10 16:56:03.968] 2342,88,97,0.0
[2026-05-10 16:56:04.071] [GetTemp--2147478764]:i2c write failed
[2026-05-10 16:56:04.072] 2343,88,97,0.0
[2026-05-10 16:56:04.168] [GetTemp--2147478764]:i2c write failed
[2026-05-10 16:56:04.169] 2344,88,97,0.0
[2026-05-10 16:56:04.403] HR=98 SpO2=97 (raw:93/97 valid:1/1 sqi:1)
[2026-05-10 16:56:04.482] [GetTemp--2147478764]:i2c write failed
[2026-05-10 16:56:04.484] 2345,88,97,0.0
[2026-05-10 16:56:04.590] [GetTemp--2147478764]:i2c write failed
[2026-05-10 16:56:04.591] 2346,88,97,0.0
[2026-05-10 16:56:04.685] [GetTemp--2147478764]:i2c write failed
[2026-05-10 16:56:04.685] 2347,88,97,0.0
[2026-05-10 16:56:04.781] [GetTemp--2147478764]:i2c write failed
[2026-05-10 16:56:04.781] 2348,88,97,0.0
[2026-05-10 16:56:04.876] [GetTemp--2147478764]:i2c write failed
[2026-05-10 16:56:04.878] 2349,88,97,0.0
[2026-05-10 16:56:05.184] [GetTemp--2147478764]:i2c write failed
[2026-05-10 16:56:05.188] 2350,88,97,0.0
[2026-05-10 16:56:05.288] [GetTemp--2147478764]:i2c write failed
[2026-05-10 16:56:05.289] 2351,88,97,0.0
[2026-05-10 16:56:05.393] [GetTemp--2147478764]:i2c write failed
[2026-05-10 16:56:05.394] 2352,88,97,0.0
[2026-05-10 16:56:05.415] HR=93 SpO2=97 (raw:92/97 valid:1/1 sqi:1)
[2026-05-10 16:56:05.487] [GetTemp--2147478764]:i2c write failed
[2026-05-10 16:56:05.489] 2353,83,97,0.0
[2026-05-10 16:56:05.595] [GetTemp--2147478764]:i2c write failed
[2026-05-10 16:56:05.595] 2354,83,97,0.0
[2026-05-10 16:56:05.896] [GetTemp--2147478764]:i2c write failed
[2026-05-10 16:56:05.898] 2355,83,97,0.0
[2026-05-10 16:56:05.995] [GetTemp--2147478764]:i2c write failed
[2026-05-10 16:56:05.997] 2356,83,97,0.0
[2026-05-10 16:56:06.101] [GetTemp--2147478764]:i2c write failed
[2026-05-10 16:56:06.101] 2357,83,97,0.0
[2026-05-10 16:56:06.196] [GetTemp--2147478764]:i2c write failed
[2026-05-10 16:56:06.197] 2358,83,97,0.0
[2026-05-10 16:56:06.297] [GetTemp--2147478764]:i2c write failed
[2026-05-10 16:56:06.298] 2359,83,97,0.0
[2026-05-10 16:56:06.532] HR=93 SpO2=97 (raw:92/97 valid:1/1 sqi:1)
[2026-05-10 16:56:06.609] [GetTemp--2147478764]:i2c write failed
[2026-05-10 16:56:06.610] 2360,83,97,0.0
[2026-05-10 16:56:06.705] [GetTemp--2147478764]:i2c write failed
[2026-05-10 16:56:06.720] 2361,83,97,0.0
[2026-05-10 16:56:06.815] [GetTemp--2147478764]:i2c write failed
[2026-05-10 16:56:06.816] 2362,83,97,0.0
[2026-05-10 16:56:06.906] [GetTemp--2147478764]:i2c write failed
[2026-05-10 16:56:06.908] 2363,83,97,0.0
[2026-05-10 16:56:07.014] [GetTemp--2147478764]:i2c write failed
[2026-05-10 16:56:07.015] 2364,83,97,0.0
[2026-05-10 16:56:07.322] [GetTemp--2147478764]:i2c write failed
[2026-05-10 16:56:07.322] 2365,83,97,0.0
[2026-05-10 16:56:07.426] [GetTemp--2147478764]:i2c write failed
[2026-05-10 16:56:07.426] 2366,83,97,0.0
[2026-05-10 16:56:07.520] [GetTemp--2147478764]:i2c write failed
[2026-05-10 16:56:07.521] 2367,83,97,0.0
[2026-05-10 16:56:07.629] [GetTemp--2147478764]:i2c write failed
[2026-05-10 16:56:07.630] 2368,83,97,0.0
[2026-05-10 16:56:07.701] HR=92 SpO2=97 (raw:90/97 valid:1/1 sqi:1)
[2026-05-10 16:56:07.712] [GetTemp--2147478764]:i2c write failed
[2026-05-10 16:56:07.718] 2369,82,97,0.0
[2026-05-10 16:56:08.030] [GetTemp--2147478764]:i2c write failed
[2026-05-10 16:56:08.030] 2370,82,97,0.0
[2026-05-10 16:56:08.129] [GetTemp--2147478764]:i2c write failed
[2026-05-10 16:56:08.129] 2371,82,97,0.0
[2026-05-10 16:56:08.236] [GetTemp--2147478764]:i2c write failed
[2026-05-10 16:56:08.236] 2372,82,97,0.0
[2026-05-10 16:56:08.337] [GetTemp--2147478764]:i2c write failed
[2026-05-10 16:56:08.338] 2373,82,97,0.0
[2026-05-10 16:56:08.427] [GetTemp--2147478764]:i2c write failed
[2026-05-10 16:56:08.428] 2374,82,97,0.0
[2026-05-10 16:56:08.739] [GetTemp--2147478764]:i2c write failed
[2026-05-10 16:56:08.740] 2375,82,97,0.0
[2026-05-10 16:56:08.808] HR=92 SpO2=97 (raw:92/97 valid:1/1 sqi:1)
[2026-05-10 16:56:08.845] [GetTemp--2147478764]:i2c write failed
[2026-05-10 16:56:08.847] 2376,82,97,0.0
[2026-05-10 16:56:08.941] [GetTemp--2147478764]:i2c write failed
[2026-05-10 16:56:08.943] 2377,82,97,0.0
[2026-05-10 16:56:09.038] [GetTemp--2147478764]:i2c write failed
[2026-05-10 16:56:09.038] 2378,82,97,0.0
[2026-05-10 16:56:09.135] [GetTemp--2147478764]:i2c write failed
[2026-05-10 16:56:09.139] 2379,82,97,0.0
[2026-05-10 16:56:09.447] [GetTemp--2147478764]:i2c write failed
[2026-05-10 16:56:09.448] 2380,82,97,0.0
[2026-05-10 16:56:09.556] [GetTemp--2147478764]:i2c write failed
[2026-05-10 16:56:09.556] 2381,82,97,0.0
[2026-05-10 16:56:09.650] [GetTemp--2147478764]:i2c write failed
[2026-05-10 16:56:09.651] 2382,82,97,0.0
[2026-05-10 16:56:09.744] [GetTemp--2147478764]:i2c write failed
[2026-05-10 16:56:09.750] 2383,82,97,0.0
[2026-05-10 16:56:09.832] HR=92 SpO2=97 (raw:93/97 valid:1/1 sqi:1)
[2026-05-10 16:56:09.850] [GetTemp--2147478764]:i2c write failed
[2026-05-10 16:56:09.850] 2384,82,97,0.0
[2026-05-10 16:56:10.160] [GetTemp--2147478764]:i2c write failed
[2026-05-10 16:56:10.160] 2385,82,97,0.0
[2026-05-10 16:56:10.259] [GetTemp--2147478764]:i2c write failed
[2026-05-10 16:56:10.259] 2386,82,97,0.0
[2026-05-10 16:56:10.370] [GetTemp--2147478764]:i2c write failed
[2026-05-10 16:56:10.372] 2387,82,97,0.0
[2026-05-10 16:56:10.465] [GetTemp--2147478764]:i2c write failed
[2026-05-10 16:56:10.466] 2388,82,97,0.0
[2026-05-10 16:56:10.559] [GetTemp--2147478764]:i2c write failed
[2026-05-10 16:56:10.559] 2389,82,97,0.0
[2026-05-10 16:56:10.876] [GetTemp--2147478764]:i2c write failed
[2026-05-10 16:56:10.876] 2390,82,97,0.0
[2026-05-10 16:56:10.935] HR=92 SpO2=97 (raw:92/97 valid:1/1 sqi:1)
[2026-05-10 16:56:10.965] [GetTemp--2147478764]:i2c write failed
[2026-05-10 16:56:10.968] 2391,82,97,0.0
[2026-05-10 16:56:11.068] [GetTemp--2147478764]:i2c write failed
[2026-05-10 16:56:11.069] 2392,82,97,0.0
[2026-05-10 16:56:11.168] [GetTemp--2147478764]:i2c write failed
[2026-05-10 16:56:11.169] 2393,82,97,0.0
[2026-05-10 16:56:11.267] [GetTemp--2147478764]:i2c write failed
[2026-05-10 16:56:11.268] 2394,82,97,0.0
[2026-05-10 16:56:11.581] [GetTemp--2147478764]:i2c write failed
[2026-05-10 16:56:11.582] 2395,82,97,0.0
[2026-05-10 16:56:11.684] [GetTemp--2147478764]:i2c write failed
[2026-05-10 16:56:11.685] 2396,82,97,0.0
[2026-05-10 16:56:11.776] [GetTemp--2147478764]:i2c write failed
[2026-05-10 16:56:11.779] 2397,82,97,0.0
[2026-05-10 16:56:11.876] [GetTemp--2147478764]:i2c write failed
[2026-05-10 16:56:11.878] 2398,82,97,0.0
[2026-05-10 16:56:11.988] [GetTemp--2147478764]:i2c write failed
[2026-05-10 16:56:11.989] 2399,82,97,0.0
[2026-05-10 16:56:12.212] HR=92 SpO2=97 (raw:86/98 valid:1/1 sqi:1)
[2026-05-10 16:56:12.290] [GetTemp--2147478764]:i2c write failed
[2026-05-10 16:56:12.292] 2400,82,97,0.0
[2026-05-10 16:56:12.394] [GetTemp--2147478764]:i2c write failed
[2026-05-10 16:56:12.396] 2401,82,97,0.0
[2026-05-10 16:56:12.488] [GetTemp--2147478764]:i2c write failed
[2026-05-10 16:56:12.490] 2402,82,97,0.0
[2026-05-10 16:56:12.597] [GetTemp--2147478764]:i2c write failed
[2026-05-10 16:56:12.598] 2403,82,97,0.0
[2026-05-10 16:56:12.700] [GetTemp--2147478764]:i2c write failed
[2026-05-10 16:56:12.700] 2404,82,97,0.0
[2026-05-10 16:56:13.009] [GetTemp--2147478764]:i2c write failed
[2026-05-10 16:56:13.009] 2405,82,97,0.0
[2026-05-10 16:56:13.106] [GetTemp--2147478764]:i2c write failed
[2026-05-10 16:56:13.107] 2406,82,97,0.0
[2026-05-10 16:56:13.205] [GetTemp--2147478764]:i2c write failed
[2026-05-10 16:56:13.206] 2407,82,97,0.0
[2026-05-10 16:56:13.225] HR=92 SpO2=97 (raw:88/97 valid:1/1 sqi:1)
[2026-05-10 16:56:13.297] [GetTemp--2147478764]:i2c write failed
[2026-05-10 16:56:13.297] 2408,82,97,0.0
[2026-05-10 16:56:13.399] [GetTemp--2147478764]:i2c write failed
[2026-05-10 16:56:13.402] 2409,82,97,0.0
[2026-05-10 16:56:13.717] [GetTemp--2147478764]:i2c write failed
[2026-05-10 16:56:13.718] 2410,82,97,0.0
[2026-05-10 16:56:13.813] [GetTemp--2147478764]:i2c write failed
[2026-05-10 16:56:13.813] 2411,82,97,0.0
[2026-05-10 16:56:13.912] [GetTemp--2147478764]:i2c write failed
[2026-05-10 16:56:13.914] 2412,82,97,0.0
[2026-05-10 16:56:14.009] [GetTemp--2147478764]:i2c write failed
[2026-05-10 16:56:14.010] 2413,82,97,0.0
[2026-05-10 16:56:14.109] [GetTemp--2147478764]:i2c write failed
[2026-05-10 16:56:14.109] 2414,82,97,0.0
[2026-05-10 16:56:14.335] HR=89 SpO2=97 (raw:89/97 valid:1/1 sqi:1)
[2026-05-10 16:56:14.421] [GetTemp--2147478764]:i2c write failed
[2026-05-10 16:56:14.422] 2415,79,97,0.0
[2026-05-10 16:56:14.529] [GetTemp--2147478764]:i2c write failed
[2026-05-10 16:56:14.529] 2416,79,97,0.0
[2026-05-10 16:56:14.623] [GetTemp--2147478764]:i2c write failed
[2026-05-10 16:56:14.625] 2417,79,97,0.0
[2026-05-10 16:56:14.730] [GetTemp--2147478764]:i2c write failed
[2026-05-10 16:56:14.731] 2418,79,97,0.0
[2026-05-10 16:56:14.821] [GetTemp--2147478764]:i2c write failed
[2026-05-10 16:56:14.821] 2419,79,97,0.0
[2026-05-10 16:56:15.132] [GetTemp--2147478764]:i2c write failed
[2026-05-10 16:56:15.133] 2420,79,97,0.0
[2026-05-10 16:56:15.232] [GetTemp--2147478764]:i2c write failed
[2026-05-10 16:56:15.233] 2421,79,97,0.0
[2026-05-10 16:56:15.325] [GetTemp--2147478764]:i2c write failed
[2026-05-10 16:56:15.334] 2422,79,97,0.0
[2026-05-10 16:56:15.347] HR=89 SpO2=97 (raw:90/97 valid:1/1 sqi:1)
[2026-05-10 16:56:15.428] [GetTemp--2147478764]:i2c write failed
[2026-05-10 16:56:15.428] 2423,79,97,0.0
[2026-05-10 16:56:15.536] [GetTemp--2147478764]:i2c write failed
[2026-05-10 16:56:15.536] 2424,79,97,0.0
[2026-05-10 16:56:15.842] [GetTemp--2147478764]:i2c write failed
[2026-05-10 16:56:15.842] 2425,79,97,0.0
[2026-05-10 16:56:15.944] [GetTemp--2147478764]:i2c write failed
[2026-05-10 16:56:15.946] 2426,79,97,0.0
[2026-05-10 16:56:16.043] [GetTemp--2147478764]:i2c write failed
[2026-05-10 16:56:16.045] 2427,79,97,0.0
[2026-05-10 16:56:16.138] [GetTemp--2147478764]:i2c write failed
[2026-05-10 16:56:16.141] 2428,79,97,0.0
[2026-05-10 16:56:16.246] [GetTemp--2147478764]:i2c write failed
[2026-05-10 16:56:16.249] 2429,79,97,0.0
[2026-05-10 16:56:16.552] [GetTemp--2147478764]:i2c write failed
[2026-05-10 16:56:16.554] 2430,79,97,0.0
[2026-05-10 16:56:16.614] HR=89 SpO2=97 (raw:92/97 valid:1/1 sqi:1)
[2026-05-10 16:56:16.644] [GetTemp--2147478764]:i2c write failed
[2026-05-10 16:56:16.649] 2431,79,97,0.0
[2026-05-10 16:56:16.750] [GetTemp--2147478764]:i2c write failed
[2026-05-10 16:56:16.750] 2432,79,97,0.0
[2026-05-10 16:56:16.851] [GetTemp--2147478764]:i2c write failed
[2026-05-10 16:56:16.851] 2433,79,97,0.0
[2026-05-10 16:56:16.950] [GetTemp--2147478764]:i2c write failed
[2026-05-10 16:56:16.950] 2434,79,97,0.0
[2026-05-10 16:56:17.258] [GetTemp--2147478764]:i2c write failed
[2026-05-10 16:56:17.260] 2435,79,97,0.0
[2026-05-10 16:56:17.363] [GetTemp--2147478764]:i2c write failed
[2026-05-10 16:56:17.365] 2436,79,97,0.0
[2026-05-10 16:56:17.459] [GetTemp--2147478764]:i2c write failed
[2026-05-10 16:56:17.459] 2437,79,97,0.0
[2026-05-10 16:56:17.566] [GetTemp--2147478764]:i2c write failed
[2026-05-10 16:56:17.567] 2438,79,97,0.0
[2026-05-10 16:56:17.644] HR=90 SpO2=97 (raw:92/97 valid:1/1 sqi:1)
[2026-05-10 16:56:17.660] [GetTemp--2147478764]:i2c write failed
[2026-05-10 16:56:17.661] 2439,80,97,0.0
[2026-05-10 16:56:17.967] [GetTemp--2147478764]:i2c write failed
[2026-05-10 16:56:17.967] 2440,80,97,0.0
[2026-05-10 16:56:18.066] [GetTemp--2147478764]:i2c write failed
[2026-05-10 16:56:18.069] 2441,80,97,0.0
[2026-05-10 16:56:18.085] ReadLicenseData(), failed to get licdata string
[2026-05-10 16:56:18.089] VerifyLicense(), cannot read license data files
[2026-05-10 16:56:18.093] license_task_main() verify license invalid, reboot after 55 mins
[2026-05-10 16:56:18.176] [GetTemp--2147478764]:i2c write failed
[2026-05-10 16:56:18.176] 2442,80,97,0.0
[2026-05-10 16:56:18.267] [GetTemp--2147478764]:i2c write failed
[2026-05-10 16:56:18.269] 2443,80,97,0.0
[2026-05-10 16:56:18.367] [GetTemp--2147478764]:i2c write failed
[2026-05-10 16:56:18.367] 2444,80,97,0.0
[2026-05-10 16:56:18.683] [GetTemp--2147478764]:i2c write failed
[2026-05-10 16:56:18.685] 2445,80,97,0.0
[2026-05-10 16:56:18.742] HR=92 SpO2=97 (raw:95/97 valid:1/1 sqi:1)
[2026-05-10 16:56:18.775] [GetTemp--2147478764]:i2c write failed
[2026-05-10 16:56:18.779] 2446,82,97,0.0
[2026-05-10 16:56:18.876] [GetTemp--2147478764]:i2c write failed
[2026-05-10 16:56:18.880] 2447,82,97,0.0
[2026-05-10 16:56:18.976] [GetTemp--2147478764]:i2c write failed
[2026-05-10 16:56:18.979] 2448,82,97,0.0
[2026-05-10 16:56:19.076] [GetTemp--2147478764]:i2c write failed
[2026-05-10 16:56:19.079] 2449,82,97,0.0
[2026-05-10 16:56:19.400] [GetTemp--2147478764]:i2c write failed
[2026-05-10 16:56:19.401] 2450,82,97,0.0
[2026-05-10 16:56:19.491] [GetTemp--2147478764]:i2c write failed
[2026-05-10 16:56:19.492] 2451,82,97,0.0
[2026-05-10 16:56:19.585] [GetTemp--2147478764]:i2c write failed
[2026-05-10 16:56:19.591] 2452,82,97,0.0
[2026-05-10 16:56:19.688] [GetTemp--2147478764]:i2c write failed
[2026-05-10 16:56:19.689] 2453,82,97,0.0
[2026-05-10 16:56:19.775] HR=92 SpO2=97 (raw:96/97 valid:1/1 sqi:1)
[2026-05-10 16:56:19.785] [GetTemp--2147478764]:i2c write failed
[2026-05-10 16:56:19.788] 2454,82,97,0.0
[2026-05-10 16:56:20.096] [GetTemp--2147478764]:i2c write failed
[2026-05-10 16:56:20.102] 2455,82,97,0.0
[2026-05-10 16:56:20.196] [GetTemp--2147478764]:i2c write failed
[2026-05-10 16:56:20.200] 2456,82,97,0.0
[2026-05-10 16:56:20.296] [GetTemp--2147478764]:i2c write failed
[2026-05-10 16:56:20.297] 2457,82,97,0.0
[2026-05-10 16:56:20.396] [GetTemp--2147478764]:i2c write failed
[2026-05-10 16:56:20.400] 2458,82,97,0.0
[2026-05-10 16:56:20.507] [GetTemp--2147478764]:i2c write failed
[2026-05-10 16:56:20.508] 2459,82,97,0.0
[2026-05-10 16:56:20.805] [GetTemp--2147478764]:i2c write failed
[2026-05-10 16:56:20.821] 2460,82,97,0.0
[2026-05-10 16:56:20.904] [GetTemp--2147478764]:i2c write failed
[2026-05-10 16:56:20.908] 2461,82,97,0.0
[2026-05-10 16:56:21.005] [GetTemp--2147478764]:i2c write failed
[2026-05-10 16:56:21.013] 2462,82,97,0.0
[2026-05-10 16:56:21.033] HR=95 SpO2=97 (raw:98/97 valid:1/1 sqi:1)
[2026-05-10 16:56:21.109] [GetTemp--2147478764]:i2c write failed
[2026-05-10 16:56:21.110] 2463,85,97,0.0
[2026-05-10 16:56:21.209] [GetTemp--2147478764]:i2c write failed
[2026-05-10 16:56:21.209] 2464,85,97,0.0
[2026-05-10 16:56:21.520] [GetTemp--2147478764]:i2c write failed
[2026-05-10 16:56:21.522] 2465,85,97,0.0
[2026-05-10 16:56:21.629] [GetTemp--2147478764]:i2c write failed
[2026-05-10 16:56:21.630] 2466,85,97,0.0
[2026-05-10 16:56:21.722] [GetTemp--2147478764]:i2c write failed
[2026-05-10 16:56:21.722] 2467,85,97,0.0
[2026-05-10 16:56:21.818] [GetTemp--2147478764]:i2c write failed
[2026-05-10 16:56:21.822] 2468,85,97,0.0
[2026-05-10 16:56:21.918] [GetTemp--2147478764]:i2c write failed
[2026-05-10 16:56:21.920] 2469,85,97,0.0
[2026-05-10 16:56:22.148] HR=96 SpO2=97 (raw:105/97 valid:1/1 sqi:1)
[2026-05-10 16:56:22.226] [GetTemp--2147478764]:i2c write failed
[2026-05-10 16:56:22.226] 2470,86,97,0.0
[2026-05-10 16:56:22.326] [GetTemp--2147478764]:i2c write failed
[2026-05-10 16:56:22.331] 2471,86,97,0.0
[2026-05-10 16:56:22.436] [GetTemp--2147478764]:i2c write failed
[2026-05-10 16:56:22.437] 2472,86,97,0.0
[2026-05-10 16:56:22.528] [GetTemp--2147478764]:i2c write failed
[2026-05-10 16:56:22.530] 2473,86,97,0.0
[2026-05-10 16:56:22.637] [GetTemp--2147478764]:i2c write failed
[2026-05-10 16:56:22.639] 2474,86,97,0.0
[2026-05-10 16:56:22.942] [GetTemp--2147478764]:i2c write failed
[2026-05-10 16:56:22.942] 2475,86,97,0.0
[2026-05-10 16:56:23.043] [GetTemp--2147478764]:i2c write failed
[2026-05-10 16:56:23.043] 2476,86,97,0.0
[2026-05-10 16:56:23.138] [GetTemp--2147478764]:i2c write failed
[2026-05-10 16:56:23.140] 2477,86,97,0.0
[2026-05-10 16:56:23.166] HR=98 SpO2=97 (raw:105/97 valid:1/1 sqi:1)
[2026-05-10 16:56:23.238] [GetTemp--2147478764]:i2c write failed
[2026-05-10 16:56:23.238] 2478,88,97,0.0
[2026-05-10 16:56:23.339] [GetTemp--2147478764]:i2c write failed
[2026-05-10 16:56:23.342] 2479,88,97,0.0
[2026-05-10 16:56:23.657] [GetTemp--2147478764]:i2c write failed
[2026-05-10 16:56:23.660] 2480,88,97,0.0
[2026-05-10 16:56:23.753] [GetTemp--2147478764]:i2c write failed
[2026-05-10 16:56:23.754] 2481,88,97,0.0
[2026-05-10 16:56:23.847] [GetTemp--2147478764]:i2c write failed
[2026-05-10 16:56:23.849] 2482,88,97,0.0
[2026-05-10 16:56:23.947] [GetTemp--2147478764]:i2c write failed
[2026-05-10 16:56:23.948] 2483,88,97,0.0
[2026-05-10 16:56:24.056] [GetTemp--2147478764]:i2c write failed
[2026-05-10 16:56:24.058] 2484,88,97,0.0
[2026-05-10 16:56:24.277] HR=103 SpO2=97 (raw:103/97 valid:1/1 sqi:1)
[2026-05-10 16:56:24.354] [GetTemp--2147478764]:i2c write failed
[2026-05-10 16:56:24.359] 2485,93,97,0.0
[2026-05-10 16:56:24.457] [GetTemp--2147478764]:i2c write failed
[2026-05-10 16:56:24.459] 2486,93,97,0.0
[2026-05-10 16:56:24.570] [GetTemp--2147478764]:i2c write failed
[2026-05-10 16:56:24.571] 2487,93,97,0.0
[2026-05-10 16:56:24.662] [GetTemp--2147478764]:i2c write failed
[2026-05-10 16:56:24.663] 2488,93,97,0.0
[2026-05-10 16:56:24.770] [GetTemp--2147478764]:i2c write failed
[2026-05-10 16:56:24.771] 2489,93,97,0.0
[2026-05-10 16:56:25.071] [GetTemp--2147478764]:i2c write failed
[2026-05-10 16:56:25.071] 2490,93,97,0.0
[2026-05-10 16:56:25.175] [GetTemp--2147478764]:i2c write failed
[2026-05-10 16:56:25.177] 2491,93,97,0.0
[2026-05-10 16:56:25.271] [GetTemp--2147478764]:i2c write failed
[2026-05-10 16:56:25.271] 2492,93,97,0.0
[2026-05-10 16:56:25.366] [GetTemp--2147478764]:i2c write failed
[2026-05-10 16:56:25.380] 2493,93,97,0.0
[2026-05-10 16:56:25.459] HR=103 SpO2=97 (raw:100/97 valid:1/1 sqi:1)
[2026-05-10 16:56:25.465] [GetTemp--2147478764]:i2c write failed
[2026-05-10 16:56:25.468] 2494,93,97,0.0
[2026-05-10 16:56:25.776] [GetTemp--2147478764]:i2c write failed
[2026-05-10 16:56:25.791] 2495,93,97,0.0
[2026-05-10 16:56:25.880] [GetTemp--2147478764]:i2c write failed
[2026-05-10 16:56:25.880] 2496,93,97,0.0
[2026-05-10 16:56:25.987] [GetTemp--2147478764]:i2c write failed
[2026-05-10 16:56:25.988] 2497,93,97,0.0
[2026-05-10 16:56:26.075] [GetTemp--2147478764]:i2c write failed
[2026-05-10 16:56:26.091] 2498,93,97,0.0
[2026-05-10 16:56:26.177] [GetTemp--2147478764]:i2c write failed
[2026-05-10 16:56:26.178] 2499,93,97,0.0
[2026-05-10 16:56:26.492] [GetTemp--2147478764]:i2c write failed
[2026-05-10 16:56:26.493] 2500,93,97,0.0
[2026-05-10 16:56:26.553] HR=103 SpO2=97 (raw:100/97 valid:1/1 sqi:1)
[2026-05-10 16:56:26.584] [GetTemp--2147478764]:i2c write failed
[2026-05-10 16:56:26.587] 2501,93,97,0.0
[2026-05-10 16:56:26.695] [GetTemp--2147478764]:i2c write failed
[2026-05-10 16:56:26.695] 2502,93,97,0.0
[2026-05-10 16:56:26.796] [GetTemp--2147478764]:i2c write failed
[2026-05-10 16:56:26.797] 2503,93,97,0.0
[2026-05-10 16:56:26.888] [GetTemp--2147478764]:i2c write failed
[2026-05-10 16:56:26.891] 2504,93,97,0.0
[2026-05-10 16:56:27.211] [GetTemp--2147478764]:i2c write failed
[2026-05-10 16:56:27.214] 2505,93,97,0.0
[2026-05-10 16:56:27.296] [GetTemp--2147478764]:i2c write failed
[2026-05-10 16:56:27.300] 2506,93,97,0.0
[2026-05-10 16:56:27.404] [GetTemp--2147478764]:i2c write failed
[2026-05-10 16:56:27.406] 2507,93,97,0.0
[2026-05-10 16:56:27.496] [GetTemp--2147478764]:i2c write failed
[2026-05-10 16:56:27.497] 2508,93,97,0.0
[2026-05-10 16:56:27.590] HR=100 SpO2=97 (raw:98/98 valid:1/1 sqi:1)
[2026-05-10 16:56:27.605] [GetTemp--2147478764]:i2c write failed
[2026-05-10 16:56:27.605] 2509,90,97,0.0
[2026-05-10 16:56:27.911] [GetTemp--2147478764]:i2c write failed
[2026-05-10 16:56:27.911] 2510,90,97,0.0
[2026-05-10 16:56:28.010] [GetTemp--2147478764]:i2c write failed
[2026-05-10 16:56:28.011] 2511,90,97,0.0
[2026-05-10 16:56:28.109] [GetTemp--2147478764]:i2c write failed
[2026-05-10 16:56:28.110] 2512,90,97,0.0
[2026-05-10 16:56:28.213] [GetTemp--2147478764]:i2c write failed
[2026-05-10 16:56:28.213] 2513,90,97,0.0
[2026-05-10 16:56:28.307] [GetTemp--2147478764]:i2c write failed
[2026-05-10 16:56:28.308] 2514,90,97,0.0
[2026-05-10 16:56:28.619] [GetTemp--2147478764]:i2c write failed
[2026-05-10 16:56:28.621] 2515,90,97,0.0
[2026-05-10 16:56:28.696] HR=100 SpO2=97 (raw:90/98 valid:1/1 sqi:1)
[2026-05-10 16:56:28.715] [GetTemp--2147478764]:i2c write failed
[2026-05-10 16:56:28.718] 2516,90,97,0.0
[2026-05-10 16:56:28.825] [GetTemp--2147478764]:i2c write failed
[2026-05-10 16:56:28.826] 2517,90,97,0.0
[2026-05-10 16:56:28.926] [GetTemp--2147478764]:i2c write failed
[2026-05-10 16:56:28.927] 2518,90,97,0.0
[2026-05-10 16:56:29.019] [GetTemp--2147478764]:i2c write failed
[2026-05-10 16:56:29.020] 2519,90,97,0.0
[2026-05-10 16:56:29.325] [GetTemp--2147478764]:i2c write failed
[2026-05-10 16:56:29.328] 2520,90,97,0.0
[2026-05-10 16:56:29.434] [GetTemp--2147478764]:i2c write failed
[2026-05-10 16:56:29.435] 2521,90,97,0.0
[2026-05-10 16:56:29.529] [GetTemp--2147478764]:i2c write failed
[2026-05-10 16:56:29.530] 2522,90,97,0.0
[2026-05-10 16:56:29.637] [GetTemp--2147478764]:i2c write failed
[2026-05-10 16:56:29.638] 2523,90,97,0.0
[2026-05-10 16:56:29.735] [GetTemp--2147478764]:i2c write failed
[2026-05-10 16:56:29.736] 2524,90,97,0.0
[2026-05-10 16:56:29.962] HR=98 SpO2=98 (raw:84/99 valid:1/1 sqi:1)
[2026-05-10 16:56:30.038] [GetTemp--2147478764]:i2c write failed
[2026-05-10 16:56:30.038] 2525,88,98,0.0
[2026-05-10 16:56:30.146] [GetTemp--2147478764]:i2c write failed
[2026-05-10 16:56:30.147] 2526,88,98,0.0
[2026-05-10 16:56:30.238] [GetTemp--2147478764]:i2c write failed
[2026-05-10 16:56:30.240] 2527,88,98,0.0
[2026-05-10 16:56:30.346] [GetTemp--2147478764]:i2c write failed
[2026-05-10 16:56:30.348] 2528,88,98,0.0
[2026-05-10 16:56:30.449] [GetTemp--2147478764]:i2c write failed
[2026-05-10 16:56:30.451] 2529,88,98,0.0
[2026-05-10 16:56:30.746] [GetTemp--2147478764]:i2c write failed
[2026-05-10 16:56:30.746] 2530,88,98,0.0
[2026-05-10 16:56:30.855] [GetTemp--2147478764]:i2c write failed
[2026-05-10 16:56:30.856] 2531,88,98,0.0
[2026-05-10 16:56:30.954] [GetTemp--2147478764]:i2c write failed
[2026-05-10 16:56:30.954] 2532,88,98,0.0
[2026-05-10 16:56:30.976] HR=90 SpO2=98 (raw:84/98 valid:1/1 sqi:1)
[2026-05-10 16:56:31.050] [GetTemp--2147478764]:i2c write failed
[2026-05-10 16:56:31.051] 2533,80,98,0.0
[2026-05-10 16:56:31.151] [GetTemp--2147478764]:i2c write failed
[2026-05-10 16:56:31.152] 2534,80,98,0.0
[2026-05-10 16:56:31.460] [GetTemp--2147478764]:i2c write failed
[2026-05-10 16:56:31.462] 2535,80,98,0.0
[2026-05-10 16:56:31.555] [GetTemp--2147478764]:i2c write failed
[2026-05-10 16:56:31.558] 2536,80,98,0.0
[2026-05-10 16:56:31.659] [GetTemp--2147478764]:i2c write failed
[2026-05-10 16:56:31.659] 2537,80,98,0.0
[2026-05-10 16:56:31.755] [GetTemp--2147478764]:i2c write failed
[2026-05-10 16:56:31.759] 2538,80,98,0.0
[2026-05-10 16:56:31.861] [GetTemp--2147478764]:i2c write failed
[2026-05-10 16:56:31.864] 2539,80,98,0.0
[2026-05-10 16:56:32.089] HR=85 SpO2=98 (raw:85/97 valid:1/1 sqi:1)
[2026-05-10 16:56:32.167] [GetTemp--2147478764]:i2c write failed
[2026-05-10 16:56:32.168] 2540,75,98,0.0
[2026-05-10 16:56:32.267] [GetTemp--2147478764]:i2c write failed
[2026-05-10 16:56:32.268] 2541,75,98,0.0
[2026-05-10 16:56:32.366] [GetTemp--2147478764]:i2c write failed
[2026-05-10 16:56:32.373] 2542,75,98,0.0
[2026-05-10 16:56:32.474] [GetTemp--2147478764]:i2c write failed
[2026-05-10 16:56:32.475] 2543,75,98,0.0
[2026-05-10 16:56:32.568] [GetTemp--2147478764]:i2c write failed
[2026-05-10 16:56:32.568] 2544,75,98,0.0
[2026-05-10 16:56:32.879] [GetTemp--2147478764]:i2c write failed
[2026-05-10 16:56:32.880] 2545,75,98,0.0
[2026-05-10 16:56:32.980] [GetTemp--2147478764]:i2c write failed
[2026-05-10 16:56:32.980] 2546,75,98,0.0
[2026-05-10 16:56:33.075] [GetTemp--2147478764]:i2c write failed
[2026-05-10 16:56:33.078] 2547,75,98,0.0
[2026-05-10 16:56:33.098] HR=85 SpO2=98 (raw:89/97 valid:1/1 sqi:1)
[2026-05-10 16:56:33.175] [GetTemp--2147478764]:i2c write failed
[2026-05-10 16:56:33.178] 2548,75,98,0.0
[2026-05-10 16:56:33.281] [GetTemp--2147478764]:i2c write failed
[2026-05-10 16:56:33.281] 2549,75,98,0.0
[2026-05-10 16:56:33.589] [GetTemp--2147478764]:i2c write failed
[2026-05-10 16:56:33.590] 2550,75,98,0.0
[2026-05-10 16:56:33.688] [GetTemp--2147478764]:i2c write failed
[2026-05-10 16:56:33.688] 2551,75,98,0.0
[2026-05-10 16:56:33.788] [GetTemp--2147478764]:i2c write failed
[2026-05-10 16:56:33.788] 2552,75,98,0.0
[2026-05-10 16:56:33.888] [GetTemp--2147478764]:i2c write failed
[2026-05-10 16:56:33.888] 2553,75,98,0.0
[2026-05-10 16:56:33.988] [GetTemp--2147478764]:i2c write failed
[2026-05-10 16:56:33.988] 2554,75,98,0.0
[2026-05-10 16:56:34.296] [GetTemp--2147478764]:i2c write failed
[2026-05-10 16:56:34.298] 2555,75,98,0.0
[2026-05-10 16:56:34.366] HR=85 SpO2=97 (raw:89/97 valid:1/1 sqi:1)
[2026-05-10 16:56:34.394] [GetTemp--2147478764]:i2c write failed
[2026-05-10 16:56:34.398] 2556,75,97,0.0
[2026-05-10 16:56:34.510] [GetTemp--2147478764]:i2c write failed
[2026-05-10 16:56:34.511] 2557,75,97,0.0
[2026-05-10 16:56:34.604] [GetTemp--2147478764]:i2c write failed
[2026-05-10 16:56:34.604] 2558,75,97,0.0
[2026-05-10 16:56:34.700] [GetTemp--2147478764]:i2c write failed
[2026-05-10 16:56:34.700] 2559,75,97,0.0
[2026-05-10 16:56:35.018] [GetTemp--2147478764]:i2c write failed
[2026-05-10 16:56:35.022] 2560,75,97,0.0
[2026-05-10 16:56:35.109] [GetTemp--2147478764]:i2c write failed
[2026-05-10 16:56:35.110] 2561,75,97,0.0
[2026-05-10 16:56:35.209] [GetTemp--2147478764]:i2c write failed
[2026-05-10 16:56:35.209] 2562,75,97,0.0
[2026-05-10 16:56:35.315] [GetTemp--2147478764]:i2c write failed
[2026-05-10 16:56:35.318] 2563,75,97,0.0
[2026-05-10 16:56:35.393] HR=89 SpO2=97 (raw:90/97 valid:1/1 sqi:1)
[2026-05-10 16:56:35.404] [GetTemp--2147478764]:i2c write failed
[2026-05-10 16:56:35.408] 2564,79,97,0.0
[2026-05-10 16:56:35.715] [GetTemp--2147478764]:i2c write failed
[2026-05-10 16:56:35.718] 2565,79,97,0.0
[2026-05-10 16:56:35.817] [GetTemp--2147478764]:i2c write failed
[2026-05-10 16:56:35.820] 2566,79,97,0.0
[2026-05-10 16:56:35.917] [GetTemp--2147478764]:i2c write failed
[2026-05-10 16:56:35.918] 2567,79,97,0.0
[2026-05-10 16:56:36.017] [GetTemp--2147478764]:i2c write failed
[2026-05-10 16:56:36.019] 2568,79,97,0.0
[2026-05-10 16:56:36.119] [GetTemp--2147478764]:i2c write failed
[2026-05-10 16:56:36.119] 2569,79,97,0.0
[2026-05-10 16:56:36.440] [GetTemp--2147478764]:i2c write failed
[2026-05-10 16:56:36.443] 2570,79,97,0.0
[2026-05-10 16:56:36.503] HR=89 SpO2=97 (raw:88/98 valid:1/1 sqi:1)
[2026-05-10 16:56:36.525] [GetTemp--2147478764]:i2c write failed
[2026-05-10 16:56:36.528] 2571,79,97,0.0
[2026-05-10 16:56:36.628] [GetTemp--2147478764]:i2c write failed
[2026-05-10 16:56:36.629] 2572,79,97,0.0
[2026-05-10 16:56:36.739] [GetTemp--2147478764]:i2c write failed
[2026-05-10 16:56:36.740] 2573,79,97,0.0
[2026-05-10 16:56:36.825] [GetTemp--2147478764]:i2c write failed
[2026-05-10 16:56:36.828] 2574,79,97,0.0
[2026-05-10 16:56:37.142] [GetTemp--2147478764]:i2c write failed
[2026-05-10 16:56:37.142] 2575,79,97,0.0
[2026-05-10 16:56:37.246] [GetTemp--2147478764]:i2c write failed
[2026-05-10 16:56:37.246] 2576,79,97,0.0
[2026-05-10 16:56:37.336] [GetTemp--2147478764]:i2c write failed
[2026-05-10 16:56:37.338] 2577,79,97,0.0
[2026-05-10 16:56:37.443] [GetTemp--2147478764]:i2c write failed
[2026-05-10 16:56:37.443] 2578,79,97,0.0
[2026-05-10 16:56:37.537] HR=89 SpO2=97 (raw:88/97 valid:1/1 sqi:1)
[2026-05-10 16:56:37.538] [GetTemp--2147478764]:i2c write failed
[2026-05-10 16:56:37.538] 2579,79,97,0.0
[2026-05-10 16:56:37.850] [GetTemp--2147478764]:i2c write failed
[2026-05-10 16:56:37.850] 2580,79,97,0.0
[2026-05-10 16:56:37.950] [GetTemp--2147478764]:i2c write failed
[2026-05-10 16:56:37.950] 2581,79,97,0.0
[2026-05-10 16:56:38.047] [GetTemp--2147478764]:i2c write failed
[2026-05-10 16:56:38.048] 2582,79,97,0.0
[2026-05-10 16:56:38.151] [GetTemp--2147478764]:i2c write failed
[2026-05-10 16:56:38.151] 2583,79,97,0.0
[2026-05-10 16:56:38.247] [GetTemp--2147478764]:i2c write failed
[2026-05-10 16:56:38.248] 2584,79,97,0.0
[2026-05-10 16:56:38.570] [GetTemp--2147478764]:i2c write failed
[2026-05-10 16:56:38.572] 2585,79,97,0.0
[2026-05-10 16:56:38.664] [GetTemp--2147478764]:i2c write failed
[2026-05-10 16:56:38.665] 2586,79,97,0.0
[2026-05-10 16:56:38.759] [GetTemp--2147478764]:i2c write failed
[2026-05-10 16:56:38.759] 2587,79,97,0.0
[2026-05-10 16:56:38.783] HR=89 SpO2=97 (raw:96/97 valid:1/1 sqi:1)
[2026-05-10 16:56:38.863] [GetTemp--2147478764]:i2c write failed
[2026-05-10 16:56:38.863] 2588,79,97,0.0
[2026-05-10 16:56:38.966] [GetTemp--2147478764]:i2c write failed
[2026-05-10 16:56:38.967] 2589,79,97,0.0
[2026-05-10 16:56:39.280] [GetTemp--2147478764]:i2c write failed
[2026-05-10 16:56:39.281] 2590,79,97,0.0
[2026-05-10 16:56:39.367] [GetTemp--2147478764]:i2c write failed
[2026-05-10 16:56:39.368] 2591,79,97,0.0
[2026-05-10 16:56:39.468] [GetTemp--2147478764]:i2c write failed
[2026-05-10 16:56:39.469] 2592,79,97,0.0
[2026-05-10 16:56:39.576] [GetTemp--2147478764]:i2c write failed
[2026-05-10 16:56:39.577] 2593,79,97,0.0
[2026-05-10 16:56:39.668] [GetTemp--2147478764]:i2c write failed
[2026-05-10 16:56:39.669] 2594,79,97,0.0
[2026-05-10 16:56:39.900] HR=90 SpO2=97 (raw:96/97 valid:1/1 sqi:1)
[2026-05-10 16:56:39.977] [GetTemp--2147478764]:i2c write failed
[2026-05-10 16:56:39.981] 2595,80,97,0.0
[2026-05-10 16:56:40.076] [GetTemp--2147478764]:i2c write failed
[2026-05-10 16:56:40.079] 2596,80,97,0.0
[2026-05-10 16:56:40.177] [GetTemp--2147478764]:i2c write failed
[2026-05-10 16:56:40.179] 2597,80,97,0.0
[2026-05-10 16:56:40.278] [GetTemp--2147478764]:i2c write failed
[2026-05-10 16:56:40.280] 2598,80,97,0.0
[2026-05-10 16:56:40.376] [GetTemp--2147478764]:i2c write failed
[2026-05-10 16:56:40.378] 2599,80,97,0.0
[2026-05-10 16:56:40.697] [GetTemp--2147478764]:i2c write failed
[2026-05-10 16:56:40.699] 2600,80,97,0.0
[2026-05-10 16:56:40.788] [GetTemp--2147478764]:i2c write failed
[2026-05-10 16:56:40.789] 2601,80,97,0.0
[2026-05-10 16:56:40.888] [GetTemp--2147478764]:i2c write failed
[2026-05-10 16:56:40.888] 2602,80,97,0.0
[2026-05-10 16:56:40.907] HR=96 SpO2=97 (raw:96/97 valid:1/1 sqi:1)
[2026-05-10 16:56:40.988] [GetTemp--2147478764]:i2c write failed
[2026-05-10 16:56:40.988] 2603,86,97,0.0
[2026-05-10 16:56:41.088] [GetTemp--2147478764]:i2c write failed
[2026-05-10 16:56:41.089] 2604,86,97,0.0
[2026-05-10 16:56:41.401] [GetTemp--2147478764]:i2c write failed
[2026-05-10 16:56:41.401] 2605,86,97,0.0
[2026-05-10 16:56:41.509] [GetTemp--2147478764]:i2c write failed
[2026-05-10 16:56:41.510] 2606,86,97,0.0
[2026-05-10 16:56:41.601] [GetTemp--2147478764]:i2c write failed
[2026-05-10 16:56:41.601] 2607,86,97,0.0
[2026-05-10 16:56:41.710] [GetTemp--2147478764]:i2c write failed
[2026-05-10 16:56:41.711] 2608,86,97,0.0
[2026-05-10 16:56:41.797] [GetTemp--2147478764]:i2c write failed
[2026-05-10 16:56:41.800] 2609,86,97,0.0
[2026-05-10 16:56:42.030] HR=96 SpO2=97 (raw:95/97 valid:1/1 sqi:1)
[2026-05-10 16:56:42.105] [GetTemp--2147478764]:i2c write failed
[2026-05-10 16:56:42.109] 2610,86,97,0.0
[2026-05-10 16:56:42.209] [GetTemp--2147478764]:i2c write failed
[2026-05-10 16:56:42.210] 2611,86,97,0.0
[2026-05-10 16:56:42.310] [GetTemp--2147478764]:i2c write failed
[2026-05-10 16:56:42.311] 2612,86,97,0.0
[2026-05-10 16:56:42.409] [GetTemp--2147478764]:i2c write failed
[2026-05-10 16:56:42.409] 2613,86,97,0.0
[2026-05-10 16:56:42.519] [GetTemp--2147478764]:i2c write failed
[2026-05-10 16:56:42.520] 2614,86,97,0.0
[2026-05-10 16:56:42.818] [GetTemp--2147478764]:i2c write failed
[2026-05-10 16:56:42.820] 2615,86,97,0.0
[2026-05-10 16:56:42.926] [GetTemp--2147478764]:i2c write failed
[2026-05-10 16:56:42.926] 2616,86,97,0.0
[2026-05-10 16:56:43.030] [GetTemp--2147478764]:i2c write failed
[2026-05-10 16:56:43.030] 2617,86,97,0.0
[2026-05-10 16:56:43.129] [GetTemp--2147478764]:i2c write failed
[2026-05-10 16:56:43.130] 2618,86,97,0.0
[2026-05-10 16:56:43.205] HR=96 SpO2=97 (raw:96/97 valid:1/1 sqi:1)
[2026-05-10 16:56:43.215] [GetTemp--2147478764]:i2c write failed
[2026-05-10 16:56:43.218] 2619,86,97,0.0
[2026-05-10 16:56:43.530] [GetTemp--2147478764]:i2c write failed
[2026-05-10 16:56:43.530] 2620,86,97,0.0
[2026-05-10 16:56:43.641] [GetTemp--2147478764]:i2c write failed
[2026-05-10 16:56:43.642] 2621,86,97,0.0
[2026-05-10 16:56:43.726] [GetTemp--2147478764]:i2c write failed
[2026-05-10 16:56:43.728] 2622,86,97,0.0
[2026-05-10 16:56:43.826] [GetTemp--2147478764]:i2c write failed
[2026-05-10 16:56:43.828] 2623,86,97,0.0
[2026-05-10 16:56:43.926] [GetTemp--2147478764]:i2c write failed
[2026-05-10 16:56:43.930] 2624,86,97,0.0
[2026-05-10 16:56:44.239] [GetTemp--2147478764]:i2c write failed
[2026-05-10 16:56:44.240] 2625,86,97,0.0
[2026-05-10 16:56:44.303] HR=96 SpO2=97 (raw:100/97 valid:1/1 sqi:1)
[2026-05-10 16:56:44.338] [GetTemp--2147478764]:i2c write failed
[2026-05-10 16:56:44.339] 2626,86,97,0.0
[2026-05-10 16:56:44.446] [GetTemp--2147478764]:i2c write failed
[2026-05-10 16:56:44.447] 2627,86,97,0.0
[2026-05-10 16:56:44.540] [GetTemp--2147478764]:i2c write failed
[2026-05-10 16:56:44.540] 2628,86,97,0.0
[2026-05-10 16:56:44.648] [GetTemp--2147478764]:i2c write failed
[2026-05-10 16:56:44.649] 2629,86,97,0.0
[2026-05-10 16:56:44.947] [GetTemp--2147478764]:i2c write failed
[2026-05-10 16:56:44.949] 2630,86,97,0.0
[2026-05-10 16:56:45.047] [GetTemp--2147478764]:i2c write failed
[2026-05-10 16:56:45.048] 2631,86,97,0.0
[2026-05-10 16:56:45.151] [GetTemp--2147478764]:i2c write failed
[2026-05-10 16:56:45.152] 2632,86,97,0.0
[2026-05-10 16:56:45.251] [GetTemp--2147478764]:i2c write failed
[2026-05-10 16:56:45.251] 2633,86,97,0.0
[2026-05-10 16:56:45.345] HR=96 SpO2=97 (raw:100/97 valid:1/1 sqi:1)
[2026-05-10 16:56:45.347] [GetTemp--2147478764]:i2c write failed
[2026-05-10 16:56:45.348] 2634,86,97,0.0
[2026-05-10 16:56:45.666] [GetTemp--2147478764]:i2c write failed
[2026-05-10 16:56:45.666] 2635,86,97,0.0
[2026-05-10 16:56:45.759] [GetTemp--2147478764]:i2c write failed
[2026-05-10 16:56:45.761] 2636,86,97,0.0
[2026-05-10 16:56:45.855] [GetTemp--2147478764]:i2c write failed
[2026-05-10 16:56:45.859] 2637,86,97,0.0
[2026-05-10 16:56:45.956] [GetTemp--2147478764]:i2c write failed
[2026-05-10 16:56:45.959] 2638,86,97,0.0
[2026-05-10 16:56:46.056] [GetTemp--2147478764]:i2c write failed
[2026-05-10 16:56:46.059] 2639,86,97,0.0
[2026-05-10 16:56:46.368] [GetTemp--2147478764]:i2c write failed
[2026-05-10 16:56:46.369] 2640,86,97,0.0
[2026-05-10 16:56:46.445] HR=96 SpO2=97 (raw:96/97 valid:1/1 sqi:1)
[2026-05-10 16:56:46.465] [GetTemp--2147478764]:i2c write failed
[2026-05-10 16:56:46.468] 2641,86,97,0.0
[2026-05-10 16:56:46.569] [GetTemp--2147478764]:i2c write failed
[2026-05-10 16:56:46.569] 2642,86,97,0.0
[2026-05-10 16:56:46.677] [GetTemp--2147478764]:i2c write failed
[2026-05-10 16:56:46.678] 2643,86,97,0.0
[2026-05-10 16:56:46.770] [GetTemp--2147478764]:i2c write failed
[2026-05-10 16:56:46.772] 2644,86,97,0.0
[2026-05-10 16:56:47.080] [GetTemp--2147478764]:i2c write failed
[2026-05-10 16:56:47.082] 2645,86,97,0.0
[2026-05-10 16:56:47.176] [GetTemp--2147478764]:i2c write failed
[2026-05-10 16:56:47.178] 2646,86,97,0.0
[2026-05-10 16:56:47.284] [GetTemp--2147478764]:i2c write failed
[2026-05-10 16:56:47.285] 2647,86,97,0.0
[2026-05-10 16:56:47.376] [GetTemp--2147478764]:i2c write failed
[2026-05-10 16:56:47.378] 2648,86,97,0.0
[2026-05-10 16:56:47.476] [GetTemp--2147478764]:i2c write failed
[2026-05-10 16:56:47.492] 2649,86,97,0.0
[2026-05-10 16:56:47.711] HR=96 SpO2=97 (raw:89/99 valid:1/1 sqi:1)
[2026-05-10 16:56:47.800] [GetTemp--2147478764]:i2c write failed
[2026-05-10 16:56:47.801] 2650,86,97,0.0
[2026-05-10 16:56:47.899] [GetTemp--2147478764]:i2c write failed
[2026-05-10 16:56:47.901] 2651,86,97,0.0
[2026-05-10 16:56:47.993] [GetTemp--2147478764]:i2c write failed
[2026-05-10 16:56:47.996] 2652,86,97,0.0
[2026-05-10 16:56:48.089] [GetTemp--2147478764]:i2c write failed
[2026-05-10 16:56:48.090] 2653,86,97,0.0
[2026-05-10 16:56:48.189] [GetTemp--2147478764]:i2c write failed
[2026-05-10 16:56:48.190] 2654,86,97,0.0
[2026-05-10 16:56:48.504] [GetTemp--2147478764]:i2c write failed
[2026-05-10 16:56:48.505] 2655,86,97,0.0
[2026-05-10 16:56:48.598] [GetTemp--2147478764]:i2c write failed
[2026-05-10 16:56:48.598] 2656,86,97,0.0
[2026-05-10 16:56:48.710] [GetTemp--2147478764]:i2c write failed
[2026-05-10 16:56:48.711] 2657,86,97,0.0
[2026-05-10 16:56:48.717] HR=96 SpO2=97 (raw:82/98 valid:1/1 sqi:1)
[2026-05-10 16:56:48.797] [GetTemp--2147478764]:i2c write failed
[2026-05-10 16:56:48.798] 2658,86,97,0.0
[2026-05-10 16:56:48.905] [GetTemp--2147478764]:i2c write failed
[2026-05-10 16:56:48.907] 2659,86,97,0.0
[2026-05-10 16:56:49.205] [GetTemp--2147478764]:i2c write failed
[2026-05-10 16:56:49.209] 2660,86,97,0.0
[2026-05-10 16:56:49.314] [GetTemp--2147478764]:i2c write failed
[2026-05-10 16:56:49.314] 2661,86,97,0.0
[2026-05-10 16:56:49.413] [GetTemp--2147478764]:i2c write failed
[2026-05-10 16:56:49.414] 2662,86,97,0.0
[2026-05-10 16:56:49.507] [GetTemp--2147478764]:i2c write failed
[2026-05-10 16:56:49.510] 2663,86,97,0.0
[2026-05-10 16:56:49.616] [GetTemp--2147478764]:i2c write failed
[2026-05-10 16:56:49.617] 2664,86,97,0.0
[2026-05-10 16:56:49.839] HR=89 SpO2=97 (raw:82/96 valid:1/1 sqi:1)
[2026-05-10 16:56:49.918] [GetTemp--2147478764]:i2c write failed
[2026-05-10 16:56:49.918] 2665,79,97,0.0
[2026-05-10 16:56:50.018] [GetTemp--2147478764]:i2c write failed
[2026-05-10 16:56:50.018] 2666,79,97,0.0
[2026-05-10 16:56:50.118] [GetTemp--2147478764]:i2c write failed
[2026-05-10 16:56:50.118] 2667,79,97,0.0
[2026-05-10 16:56:50.218] [GetTemp--2147478764]:i2c write failed
[2026-05-10 16:56:50.218] 2668,79,97,0.0
[2026-05-10 16:56:50.318] [GetTemp--2147478764]:i2c write failed
[2026-05-10 16:56:50.318] 2669,79,97,0.0
[2026-05-10 16:56:50.630] [GetTemp--2147478764]:i2c write failed
[2026-05-10 16:56:50.630] 2670,79,97,0.0
[2026-05-10 16:56:50.727] [GetTemp--2147478764]:i2c write failed
[2026-05-10 16:56:50.727] 2671,79,97,0.0
[2026-05-10 16:56:50.827] [GetTemp--2147478764]:i2c write failed
[2026-05-10 16:56:50.830] 2672,79,97,0.0
[2026-05-10 16:56:50.851] HR=89 SpO2=97 (raw:93/97 valid:1/1 sqi:1)
[2026-05-10 16:56:50.925] [GetTemp--2147478764]:i2c write failed
[2026-05-10 16:56:50.925] 2673,79,97,0.0
[2026-05-10 16:56:51.026] [GetTemp--2147478764]:i2c write failed
[2026-05-10 16:56:51.026] 2674,79,97,0.0
[2026-05-10 16:56:51.347] [GetTemp--2147478764]:i2c write failed
[2026-05-10 16:56:51.348] 2675,79,97,0.0
[2026-05-10 16:56:51.448] [GetTemp--2147478764]:i2c write failed
[2026-05-10 16:56:51.449] 2676,79,97,0.0
[2026-05-10 16:56:51.542] [GetTemp--2147478764]:i2c write failed
[2026-05-10 16:56:51.543] 2677,79,97,0.0
[2026-05-10 16:56:51.635] [GetTemp--2147478764]:i2c write failed
[2026-05-10 16:56:51.638] 2678,79,97,0.0
[2026-05-10 16:56:51.739] [GetTemp--2147478764]:i2c write failed
[2026-05-10 16:56:51.741] 2679,79,97,0.0
[2026-05-10 16:56:52.058] [GetTemp--2147478764]:i2c write failed
[2026-05-10 16:56:52.059] 2680,79,97,0.0
[2026-05-10 16:56:52.114] HR=89 SpO2=97 (raw:95/97 valid:1/1 sqi:1)
[2026-05-10 16:56:52.158] [GetTemp--2147478764]:i2c write failed
[2026-05-10 16:56:52.159] 2681,79,97,0.0
[2026-05-10 16:56:52.247] [GetTemp--2147478764]:i2c write failed
[2026-05-10 16:56:52.247] 2682,79,97,0.0
[2026-05-10 16:56:52.347] [GetTemp--2147478764]:i2c write failed
[2026-05-10 16:56:52.347] 2683,79,97,0.0
[2026-05-10 16:56:52.447] [GetTemp--2147478764]:i2c write failed
[2026-05-10 16:56:52.453] 2684,79,97,0.0
[2026-05-10 16:56:52.756] [GetTemp--2147478764]:i2c write failed
[2026-05-10 16:56:52.760] 2685,79,97,0.0
[2026-05-10 16:56:52.855] [GetTemp--2147478764]:i2c write failed
[2026-05-10 16:56:52.858] 2686,79,97,0.0
[2026-05-10 16:56:52.956] [GetTemp--2147478764]:i2c write failed
[2026-05-10 16:56:52.959] 2687,79,97,0.0
[2026-05-10 16:56:53.059] [GetTemp--2147478764]:i2c write failed
[2026-05-10 16:56:53.059] 2688,79,97,0.0
[2026-05-10 16:56:53.155] HR=93 SpO2=97 (raw:95/98 valid:1/1 sqi:1)
[2026-05-10 16:56:53.155] [GetTemp--2147478764]:i2c write failed
[2026-05-10 16:56:53.159] 2689,83,97,0.0
[2026-05-10 16:56:53.468] [GetTemp--2147478764]:i2c write failed
[2026-05-10 16:56:53.469] 2690,83,97,0.0
[2026-05-10 16:56:53.577] [GetTemp--2147478764]:i2c write failed
[2026-05-10 16:56:53.578] 2691,83,97,0.0
[2026-05-10 16:56:53.669] [GetTemp--2147478764]:i2c write failed
[2026-05-10 16:56:53.670] 2692,83,97,0.0
[2026-05-10 16:56:53.768] [GetTemp--2147478764]:i2c write failed
[2026-05-10 16:56:53.768] 2693,83,97,0.0
[2026-05-10 16:56:53.869] [GetTemp--2147478764]:i2c write failed
[2026-05-10 16:56:53.870] 2694,83,97,0.0
[2026-05-10 16:56:54.187] [GetTemp--2147478764]:i2c write failed
[2026-05-10 16:56:54.187] 2695,83,97,0.0
[2026-05-10 16:56:54.251] HR=95 SpO2=97 (raw:98/98 valid:1/1 sqi:1)
[2026-05-10 16:56:54.276] [GetTemp--2147478764]:i2c write failed
[2026-05-10 16:56:54.278] 2696,85,97,0.0
[2026-05-10 16:56:54.376] [GetTemp--2147478764]:i2c write failed
[2026-05-10 16:56:54.378] 2697,85,97,0.0
[2026-05-10 16:56:54.478] [GetTemp--2147478764]:i2c write failed
[2026-05-10 16:56:54.480] 2698,85,97,0.0
[2026-05-10 16:56:54.587] [GetTemp--2147478764]:i2c write failed
[2026-05-10 16:56:54.588] 2699,85,97,0.0
[2026-05-10 16:56:54.889] [GetTemp--2147478764]:i2c write failed
[2026-05-10 16:56:54.889] 2700,85,97,0.0
[2026-05-10 16:56:54.989] [GetTemp--2147478764]:i2c write failed
[2026-05-10 16:56:54.989] 2701,85,97,0.0
[2026-05-10 16:56:55.093] [GetTemp--2147478764]:i2c write failed
[2026-05-10 16:56:55.093] 2702,85,97,0.0
[2026-05-10 16:56:55.188] [GetTemp--2147478764]:i2c write failed
[2026-05-10 16:56:55.189] 2703,85,97,0.0
[2026-05-10 16:56:55.281] HR=95 SpO2=97 (raw:101/97 valid:1/1 sqi:1)
[2026-05-10 16:56:55.285] [GetTemp--2147478764]:i2c write failed
[2026-05-10 16:56:55.288] 2704,85,97,0.0
[2026-05-10 16:56:55.605] [GetTemp--2147478764]:i2c write failed
[2026-05-10 16:56:55.606] 2705,85,97,0.0
[2026-05-10 16:56:55.699] [GetTemp--2147478764]:i2c write failed
[2026-05-10 16:56:55.700] 2706,85,97,0.0
[2026-05-10 16:56:55.797] [GetTemp--2147478764]:i2c write failed
[2026-05-10 16:56:55.799] 2707,85,97,0.0
[2026-05-10 16:56:55.897] [GetTemp--2147478764]:i2c write failed
[2026-05-10 16:56:55.901] 2708,85,97,0.0
[2026-05-10 16:56:55.997] [GetTemp--2147478764]:i2c write failed
[2026-05-10 16:56:55.999] 2709,85,97,0.0
[2026-05-10 16:56:56.306] [GetTemp--2147478764]:i2c write failed
[2026-05-10 16:56:56.309] 2710,85,97,0.0
[2026-05-10 16:56:56.419] [GetTemp--2147478764]:i2c write failed
[2026-05-10 16:56:56.420] 2711,85,97,0.0
[2026-05-10 16:56:56.514] [GetTemp--2147478764]:i2c write failed
[2026-05-10 16:56:56.515] 2712,85,97,0.0
[2026-05-10 16:56:56.527] HR=98 SpO2=97 (raw:98/97 valid:1/1 sqi:1)
[2026-05-10 16:56:56.607] [GetTemp--2147478764]:i2c write failed
[2026-05-10 16:56:56.610] 2713,88,97,0.0
[2026-05-10 16:56:56.714] [GetTemp--2147478764]:i2c write failed
[2026-05-10 16:56:56.714] 2714,88,97,0.0
[2026-05-10 16:56:57.018] [GetTemp--2147478764]:i2c write failed
[2026-05-10 16:56:57.018] 2715,88,97,0.0
[2026-05-10 16:56:57.118] [GetTemp--2147478764]:i2c write failed
[2026-05-10 16:56:57.119] 2716,88,97,0.0
[2026-05-10 16:56:57.218] [GetTemp--2147478764]:i2c write failed
[2026-05-10 16:56:57.218] 2717,88,97,0.0
[2026-05-10 16:56:57.318] [GetTemp--2147478764]:i2c write failed
[2026-05-10 16:56:57.319] 2718,88,97,0.0
[2026-05-10 16:56:57.416] [GetTemp--2147478764]:i2c write failed
[2026-05-10 16:56:57.421] 2719,88,97,0.0
[2026-05-10 16:56:57.652] HR=98 SpO2=97 (raw:93/97 valid:1/1 sqi:1)
[2026-05-10 16:56:57.731] [GetTemp--2147478764]:i2c write failed
[2026-05-10 16:56:57.731] 2720,88,97,0.0
[2026-05-10 16:56:57.826] [GetTemp--2147478764]:i2c write failed
[2026-05-10 16:56:57.830] 2721,88,97,0.0
[2026-05-10 16:56:57.928] [GetTemp--2147478764]:i2c write failed
[2026-05-10 16:56:57.930] 2722,88,97,0.0
[2026-05-10 16:56:58.027] [GetTemp--2147478764]:i2c write failed
[2026-05-10 16:56:58.028] 2723,88,97,0.0
[2026-05-10 16:56:58.127] [GetTemp--2147478764]:i2c write failed
[2026-05-10 16:56:58.129] 2724,88,97,0.0
[2026-05-10 16:56:58.444] [GetTemp--2147478764]:i2c write failed
[2026-05-10 16:56:58.445] 2725,88,97,0.0
[2026-05-10 16:56:58.537] [GetTemp--2147478764]:i2c write failed
[2026-05-10 16:56:58.538] 2726,88,97,0.0
[2026-05-10 16:56:58.647] [GetTemp--2147478764]:i2c write failed
[2026-05-10 16:56:58.648] 2727,88,97,0.0
[2026-05-10 16:56:58.659] HR=98 SpO2=97 (raw:93/97 valid:1/1 sqi:1)
[2026-05-10 16:56:58.739] [GetTemp--2147478764]:i2c write failed
[2026-05-10 16:56:58.740] 2728,88,97,0.0
[2026-05-10 16:56:58.839] [GetTemp--2147478764]:i2c write failed
[2026-05-10 16:56:58.840] 2729,88,97,0.0
[2026-05-10 16:56:59.147] [GetTemp--2147478764]:i2c write failed
[2026-05-10 16:56:59.149] 2730,88,97,0.0
[2026-05-10 16:56:59.247] [GetTemp--2147478764]:i2c write failed
[2026-05-10 16:56:59.248] 2731,88,97,0.0
[2026-05-10 16:56:59.347] [GetTemp--2147478764]:i2c write failed
[2026-05-10 16:56:59.349] 2732,88,97,0.0
[2026-05-10 16:56:59.459] [GetTemp--2147478764]:i2c write failed
[2026-05-10 16:56:59.460] 2733,88,97,0.0
[2026-05-10 16:56:59.553] [GetTemp--2147478764]:i2c write failed
[2026-05-10 16:56:59.553] 2734,88,97,0.0
[2026-05-10 16:56:59.776] HR=93 SpO2=97 (raw:93/97 valid:1/1 sqi:1)
[2026-05-10 16:56:59.858] [GetTemp--2147478764]:i2c write failed
[2026-05-10 16:56:59.859] 2735,83,97,0.0
[2026-05-10 16:56:59.955] [GetTemp--2147478764]:i2c write failed
[2026-05-10 16:56:59.959] 2736,83,97,0.0
[2026-05-10 16:57:00.064] [GetTemp--2147478764]:i2c write failed
[2026-05-10 16:57:00.064] 2737,83,97,0.0
[2026-05-10 16:57:00.155] [GetTemp--2147478764]:i2c write failed
[2026-05-10 16:57:00.159] 2738,83,97,0.0
[2026-05-10 16:57:00.258] [GetTemp--2147478764]:i2c write failed
[2026-05-10 16:57:00.260] 2739,83,97,0.0
[2026-05-10 16:57:00.566] [GetTemp--2147478764]:i2c write failed
[2026-05-10 16:57:00.568] 2740,83,97,0.0
[2026-05-10 16:57:00.675] [GetTemp--2147478764]:i2c write failed
[2026-05-10 16:57:00.677] 2741,83,97,0.0
[2026-05-10 16:57:00.769] [GetTemp--2147478764]:i2c write failed
[2026-05-10 16:57:00.770] 2742,83,97,0.0
[2026-05-10 16:57:00.868] [GetTemp--2147478764]:i2c write failed
[2026-05-10 16:57:00.869] 2743,83,97,0.0
[2026-05-10 16:57:00.953] HR=93 SpO2=97 (raw:95/97 valid:1/1 sqi:1)
[2026-05-10 16:57:00.965] [GetTemp--2147478764]:i2c write failed
[2026-05-10 16:57:00.969] 2744,83,97,0.0
[2026-05-10 16:57:01.276] [GetTemp--2147478764]:i2c write failed
[2026-05-10 16:57:01.278] 2745,83,97,0.0
[2026-05-10 16:57:01.376] [GetTemp--2147478764]:i2c write failed
[2026-05-10 16:57:01.378] 2746,83,97,0.0
[2026-05-10 16:57:01.489] [GetTemp--2147478764]:i2c write failed
[2026-05-10 16:57:01.490] 2747,83,97,0.0
[2026-05-10 16:57:01.582] [GetTemp--2147478764]:i2c write failed
[2026-05-10 16:57:01.584] 2748,83,97,0.0
[2026-05-10 16:57:01.692] [GetTemp--2147478764]:i2c write failed
[2026-05-10 16:57:01.692] 2749,83,97,0.0
[2026-05-10 16:57:01.989] [GetTemp--2147478764]:i2c write failed
[2026-05-10 16:57:01.989] 2750,83,97,0.0
[2026-05-10 16:57:02.055] HR=93 SpO2=97 (raw:85/98 valid:1/1 sqi:1)
[2026-05-10 16:57:02.089] [GetTemp--2147478764]:i2c write failed
[2026-05-10 16:57:02.089] 2751,83,97,0.0
[2026-05-10 16:57:02.189] [GetTemp--2147478764]:i2c write failed
[2026-05-10 16:57:02.189] 2752,83,97,0.0
[2026-05-10 16:57:02.289] [GetTemp--2147478764]:i2c write failed
[2026-05-10 16:57:02.290] 2753,83,97,0.0
[2026-05-10 16:57:02.389] [GetTemp--2147478764]:i2c write failed
[2026-05-10 16:57:02.389] 2754,83,97,0.0
[2026-05-10 16:57:02.701] [GetTemp--2147478764]:i2c write failed
[2026-05-10 16:57:02.702] 2755,83,97,0.0
[2026-05-10 16:57:02.806] [GetTemp--2147478764]:i2c write failed
[2026-05-10 16:57:02.807] 2756,83,97,0.0
[2026-05-10 16:57:02.906] [GetTemp--2147478764]:i2c write failed
[2026-05-10 16:57:02.907] 2757,83,97,0.0
[2026-05-10 16:57:03.010] [GetTemp--2147478764]:i2c write failed
[2026-05-10 16:57:03.011] 2758,83,97,0.0
[2026-05-10 16:57:03.089] HR=93 SpO2=97 (raw:92/98 valid:1/1 sqi:1)
[2026-05-10 16:57:03.094] [GetTemp--2147478764]:i2c write failed
[2026-05-10 16:57:03.098] 2759,83,97,0.0
[2026-05-10 16:57:03.406] [GetTemp--2147478764]:i2c write failed
[2026-05-10 16:57:03.409] 2760,83,97,0.0
[2026-05-10 16:57:03.511] [GetTemp--2147478764]:i2c write failed
[2026-05-10 16:57:03.513] 2761,83,97,0.0
[2026-05-10 16:57:03.607] [GetTemp--2147478764]:i2c write failed
[2026-05-10 16:57:03.609] 2762,83,97,0.0
[2026-05-10 16:57:03.715] [GetTemp--2147478764]:i2c write failed
[2026-05-10 16:57:03.716] 2763,83,97,0.0
[2026-05-10 16:57:03.806] [GetTemp--2147478764]:i2c write failed
[2026-05-10 16:57:03.810] 2764,83,97,0.0
[2026-05-10 16:57:04.122] [GetTemp--2147478764]:i2c write failed
[2026-05-10 16:57:04.122] 2765,83,97,0.0
[2026-05-10 16:57:04.193] HR=92 SpO2=97 (raw:90/97 valid:1/1 sqi:1)
[2026-05-10 16:57:04.215] [GetTemp--2147478764]:i2c write failed
[2026-05-10 16:57:04.218] 2766,82,97,0.0
[2026-05-10 16:57:04.318] [GetTemp--2147478764]:i2c write failed
[2026-05-10 16:57:04.318] 2767,82,97,0.0
[2026-05-10 16:57:04.420] [GetTemp--2147478764]:i2c write failed
[2026-05-10 16:57:04.420] 2768,82,97,0.0
[2026-05-10 16:57:04.529] [GetTemp--2147478764]:i2c write failed
[2026-05-10 16:57:04.530] 2769,82,97,0.0
[2026-05-10 16:57:04.827] [GetTemp--2147478764]:i2c write failed
[2026-05-10 16:57:04.828] 2770,82,97,0.0
[2026-05-10 16:57:04.926] [GetTemp--2147478764]:i2c write failed
[2026-05-10 16:57:04.929] 2771,82,97,0.0
[2026-05-10 16:57:05.026] [GetTemp--2147478764]:i2c write failed
[2026-05-10 16:57:05.029] 2772,82,97,0.0
[2026-05-10 16:57:05.127] [GetTemp--2147478764]:i2c write failed
[2026-05-10 16:57:05.130] 2773,82,97,0.0
[2026-05-10 16:57:05.227] [GetTemp--2147478764]:i2c write failed
[2026-05-10 16:57:05.230] 2774,82,97,0.0
[2026-05-10 16:57:05.466] HR=92 SpO2=97 (raw:101/97 valid:1/1 sqi:1)
[2026-05-10 16:57:05.543] [GetTemp--2147478764]:i2c write failed
[2026-05-10 16:57:05.543] 2775,82,97,0.0
[2026-05-10 16:57:05.637] [GetTemp--2147478764]:i2c write failed
[2026-05-10 16:57:05.638] 2776,82,97,0.0
[2026-05-10 16:57:05.739] [GetTemp--2147478764]:i2c write failed
[2026-05-10 16:57:05.740] 2777,82,97,0.0
[2026-05-10 16:57:05.839] [GetTemp--2147478764]:i2c write failed
[2026-05-10 16:57:05.840] 2778,82,97,0.0
[2026-05-10 16:57:05.939] [GetTemp--2147478764]:i2c write failed
[2026-05-10 16:57:05.940] 2779,82,97,0.0
[2026-05-10 16:57:06.248] [GetTemp--2147478764]:i2c write failed
[2026-05-10 16:57:06.250] 2780,82,97,0.0
[2026-05-10 16:57:06.347] [GetTemp--2147478764]:i2c write failed
[2026-05-10 16:57:06.351] 2781,82,97,0.0
[2026-05-10 16:57:06.449] [GetTemp--2147478764]:i2c write failed
[2026-05-10 16:57:06.449] 2782,82,97,0.0
[2026-05-10 16:57:06.469] HR=92 SpO2=97 (raw:101/97 valid:1/1 sqi:1)
[2026-05-10 16:57:06.556] [GetTemp--2147478764]:i2c write failed
[2026-05-10 16:57:06.556] 2783,82,97,0.0
[2026-05-10 16:57:06.650] [GetTemp--2147478764]:i2c write failed
[2026-05-10 16:57:06.651] 2784,82,97,0.0
[2026-05-10 16:57:06.955] [GetTemp--2147478764]:i2c write failed
[2026-05-10 16:57:06.960] 2785,82,97,0.0
[2026-05-10 16:57:07.055] [GetTemp--2147478764]:i2c write failed
[2026-05-10 16:57:07.059] 2786,82,97,0.0
[2026-05-10 16:57:07.156] [GetTemp--2147478764]:i2c write failed
[2026-05-10 16:57:07.161] 2787,82,97,0.0
[2026-05-10 16:57:07.256] [GetTemp--2147478764]:i2c write failed
[2026-05-10 16:57:07.264] 2788,82,97,0.0
[2026-05-10 16:57:07.356] [GetTemp--2147478764]:i2c write failed
[2026-05-10 16:57:07.359] 2789,82,97,0.0
[2026-05-10 16:57:07.599] HR=101 SpO2=97 (raw:101/97 valid:1/1 sqi:1)
[2026-05-10 16:57:07.672] [GetTemp--2147478764]:i2c write failed
[2026-05-10 16:57:07.673] 2790,91,97,0.0
[2026-05-10 16:57:07.768] [GetTemp--2147478764]:i2c write failed
[2026-05-10 16:57:07.768] 2791,91,97,0.0
[2026-05-10 16:57:07.868] [GetTemp--2147478764]:i2c write failed
[2026-05-10 16:57:07.869] 2792,91,97,0.0
[2026-05-10 16:57:07.968] [GetTemp--2147478764]:i2c write failed
[2026-05-10 16:57:07.969] 2793,91,97,0.0
[2026-05-10 16:57:08.068] [GetTemp--2147478764]:i2c write failed
[2026-05-10 16:57:08.068] 2794,91,97,0.0
[2026-05-10 16:57:08.381] [GetTemp--2147478764]:i2c write failed
[2026-05-10 16:57:08.382] 2795,91,97,0.0
[2026-05-10 16:57:08.490] [GetTemp--2147478764]:i2c write failed
[2026-05-10 16:57:08.490] 2796,91,97,0.0
[2026-05-10 16:57:08.584] [GetTemp--2147478764]:i2c write failed
[2026-05-10 16:57:08.584] 2797,91,97,0.0
[2026-05-10 16:57:08.603] HR=101 SpO2=97 (raw:100/98 valid:1/1 sqi:1)
[2026-05-10 16:57:08.677] [GetTemp--2147478764]:i2c write failed
[2026-05-10 16:57:08.678] 2798,91,97,0.0
[2026-05-10 16:57:08.776] [GetTemp--2147478764]:i2c write failed
[2026-05-10 16:57:08.782] 2799,91,97,0.0
[2026-05-10 16:57:09.089] [GetTemp--2147478764]:i2c write failed
[2026-05-10 16:57:09.090] 2800,91,97,0.0
[2026-05-10 16:57:09.189] [GetTemp--2147478764]:i2c write failed
[2026-05-10 16:57:09.190] 2801,91,97,0.0
[2026-05-10 16:57:09.288] [GetTemp--2147478764]:i2c write failed
[2026-05-10 16:57:09.289] 2802,91,97,0.0
[2026-05-10 16:57:09.389] [GetTemp--2147478764]:i2c write failed
[2026-05-10 16:57:09.390] 2803,91,97,0.0
[2026-05-10 16:57:09.497] [GetTemp--2147478764]:i2c write failed
[2026-05-10 16:57:09.497] 2804,91,97,0.0
[2026-05-10 16:57:09.798] [GetTemp--2147478764]:i2c write failed
[2026-05-10 16:57:09.801] 2805,91,97,0.0
[2026-05-10 16:57:09.868] HR=101 SpO2=97 (raw:101/97 valid:1/1 sqi:1)
[2026-05-10 16:57:09.900] [GetTemp--2147478764]:i2c write failed
[2026-05-10 16:57:09.900] 2806,91,97,0.0
[2026-05-10 16:57:09.996] [GetTemp--2147478764]:i2c write failed
[2026-05-10 16:57:10.012] 2807,91,97,0.0
[2026-05-10 16:57:10.097] [GetTemp--2147478764]:i2c write failed
[2026-05-10 16:57:10.099] 2808,91,97,0.0
[2026-05-10 16:57:10.197] [GetTemp--2147478764]:i2c write failed
[2026-05-10 16:57:10.198] 2809,91,97,0.0
[2026-05-10 16:57:10.514] [GetTemp--2147478764]:i2c write failed
[2026-05-10 16:57:10.514] 2810,91,97,0.0
[2026-05-10 16:57:10.607] [GetTemp--2147478764]:i2c write failed
[2026-05-10 16:57:10.609] 2811,91,97,0.0
[2026-05-10 16:57:10.705] [GetTemp--2147478764]:i2c write failed
[2026-05-10 16:57:10.710] 2812,91,97,0.0
[2026-05-10 16:57:10.806] [GetTemp--2147478764]:i2c write failed
[2026-05-10 16:57:10.813] 2813,91,97,0.0
[2026-05-10 16:57:10.897] HR=101 SpO2=97 (raw:101/97 valid:1/1 sqi:1)
[2026-05-10 16:57:10.905] [GetTemp--2147478764]:i2c write failed
[2026-05-10 16:57:10.909] 2814,91,97,0.0
[2026-05-10 16:57:11.218] [GetTemp--2147478764]:i2c write failed
[2026-05-10 16:57:11.218] 2815,91,97,0.0
[2026-05-10 16:57:11.318] [GetTemp--2147478764]:i2c write failed
[2026-05-10 16:57:11.318] 2816,91,97,0.0
[2026-05-10 16:57:11.427] [GetTemp--2147478764]:i2c write failed
[2026-05-10 16:57:11.427] 2817,91,97,0.0
[2026-05-10 16:57:11.520] [GetTemp--2147478764]:i2c write failed
[2026-05-10 16:57:11.521] 2818,91,97,0.0
[2026-05-10 16:57:11.629] [GetTemp--2147478764]:i2c write failed
[2026-05-10 16:57:11.629] 2819,91,97,0.0
[2026-05-10 16:57:11.927] [GetTemp--2147478764]:i2c write failed
[2026-05-10 16:57:11.930] 2820,91,97,0.0
[2026-05-10 16:57:11.998] HR=101 SpO2=97 (raw:105/97 valid:1/1 sqi:1)
[2026-05-10 16:57:12.026] [GetTemp--2147478764]:i2c write failed
[2026-05-10 16:57:12.028] 2821,91,97,0.0
[2026-05-10 16:57:12.126] [GetTemp--2147478764]:i2c write failed
[2026-05-10 16:57:12.128] 2822,91,97,0.0
[2026-05-10 16:57:12.226] [GetTemp--2147478764]:i2c write failed
[2026-05-10 16:57:12.227] 2823,91,97,0.0
[2026-05-10 16:57:12.327] [GetTemp--2147478764]:i2c write failed
[2026-05-10 16:57:12.331] 2824,91,97,0.0
[2026-05-10 16:57:12.647] [GetTemp--2147478764]:i2c write failed
[2026-05-10 16:57:12.648] 2825,91,97,0.0
[2026-05-10 16:57:12.743] [GetTemp--2147478764]:i2c write failed
[2026-05-10 16:57:12.743] 2826,91,97,0.0
[2026-05-10 16:57:12.836] [GetTemp--2147478764]:i2c write failed
[2026-05-10 16:57:12.839] 2827,91,97,0.0
[2026-05-10 16:57:12.936] [GetTemp--2147478764]:i2c write failed
[2026-05-10 16:57:12.939] 2828,91,97,0.0
[2026-05-10 16:57:13.022] HR=101 SpO2=97 (raw:103/97 valid:1/1 sqi:1)
[2026-05-10 16:57:13.035] [GetTemp--2147478764]:i2c write failed
[2026-05-10 16:57:13.041] 2829,91,97,0.0
[2026-05-10 16:57:13.347] [GetTemp--2147478764]:i2c write failed
[2026-05-10 16:57:13.348] 2830,91,97,0.0
[2026-05-10 16:57:13.447] [GetTemp--2147478764]:i2c write failed
[2026-05-10 16:57:13.448] 2831,91,97,0.0
[2026-05-10 16:57:13.555] [GetTemp--2147478764]:i2c write failed
[2026-05-10 16:57:13.555] 2832,91,97,0.0
[2026-05-10 16:57:13.648] [GetTemp--2147478764]:i2c write failed
[2026-05-10 16:57:13.648] 2833,91,97,0.0
[2026-05-10 16:57:13.748] [GetTemp--2147478764]:i2c write failed
[2026-05-10 16:57:13.751] 2834,91,97,0.0
[2026-05-10 16:57:14.056] [GetTemp--2147478764]:i2c write failed
[2026-05-10 16:57:14.059] 2835,91,97,0.0
[2026-05-10 16:57:14.156] [GetTemp--2147478764]:i2c write failed
[2026-05-10 16:57:14.164] 2836,91,97,0.0
[2026-05-10 16:57:14.256] [GetTemp--2147478764]:i2c write failed
[2026-05-10 16:57:14.259] 2837,91,97,0.0
[2026-05-10 16:57:14.280] HR=103 SpO2=97 (raw:105/98 valid:1/1 sqi:1)
[2026-05-10 16:57:14.360] [GetTemp--2147478764]:i2c write failed
[2026-05-10 16:57:14.360] 2838,93,97,0.0
[2026-05-10 16:57:14.458] [GetTemp--2147478764]:i2c write failed
[2026-05-10 16:57:14.459] 2839,93,97,0.0
[2026-05-10 16:57:14.768] [GetTemp--2147478764]:i2c write failed
[2026-05-10 16:57:14.769] 2840,93,97,0.0
[2026-05-10 16:57:14.868] [GetTemp--2147478764]:i2c write failed
[2026-05-10 16:57:14.869] 2841,93,97,0.0
[2026-05-10 16:57:14.968] [GetTemp--2147478764]:i2c write failed
[2026-05-10 16:57:14.968] 2842,93,97,0.0
[2026-05-10 16:57:15.068] [GetTemp--2147478764]:i2c write failed
[2026-05-10 16:57:15.068] 2843,93,97,0.0
[2026-05-10 16:57:15.168] [GetTemp--2147478764]:i2c write failed
[2026-05-10 16:57:15.168] 2844,93,97,0.0
[2026-05-10 16:57:15.393] HR=105 SpO2=97 (raw:105/98 valid:1/1 sqi:1)
[2026-05-10 16:57:15.478] [GetTemp--2147478764]:i2c write failed
[2026-05-10 16:57:15.480] 2845,95,97,0.0
[2026-05-10 16:57:15.587] [GetTemp--2147478764]:i2c write failed
[2026-05-10 16:57:15.588] 2846,95,97,0.0
[2026-05-10 16:57:15.680] [GetTemp--2147478764]:i2c write failed
[2026-05-10 16:57:15.680] 2847,95,97,0.0
[2026-05-10 16:57:15.787] [GetTemp--2147478764]:i2c write failed
[2026-05-10 16:57:15.789] 2848,95,97,0.0
[2026-05-10 16:57:15.876] [GetTemp--2147478764]:i2c write failed
[2026-05-10 16:57:15.892] 2849,95,97,0.0
[2026-05-10 16:57:16.193] [GetTemp--2147478764]:i2c write failed
[2026-05-10 16:57:16.193] 2850,95,97,0.0
[2026-05-10 16:57:16.289] [GetTemp--2147478764]:i2c write failed
[2026-05-10 16:57:16.289] 2851,95,97,0.0
[2026-05-10 16:57:16.398] [GetTemp--2147478764]:i2c write failed
[2026-05-10 16:57:16.399] 2852,95,97,0.0
[2026-05-10 16:57:16.412] HR=105 SpO2=97 (raw:105/97 valid:1/1 sqi:1)
[2026-05-10 16:57:16.491] [GetTemp--2147478764]:i2c write failed
[2026-05-10 16:57:16.494] 2853,95,97,0.0
[2026-05-10 16:57:16.585] [GetTemp--2147478764]:i2c write failed
[2026-05-10 16:57:16.601] 2854,95,97,0.0
[2026-05-10 16:57:16.897] [GetTemp--2147478764]:i2c write failed
[2026-05-10 16:57:16.897] 2855,95,97,0.0
[2026-05-10 16:57:16.997] [GetTemp--2147478764]:i2c write failed
[2026-05-10 16:57:17.000] 2856,95,97,0.0
[2026-05-10 16:57:17.108] [GetTemp--2147478764]:i2c write failed
[2026-05-10 16:57:17.109] 2857,95,97,0.0
[2026-05-10 16:57:17.198] [GetTemp--2147478764]:i2c write failed
[2026-05-10 16:57:17.200] 2858,95,97,0.0
[2026-05-10 16:57:17.301] [GetTemp--2147478764]:i2c write failed
[2026-05-10 16:57:17.301] 2859,95,97,0.0
[2026-05-10 16:57:17.538] HR=105 SpO2=97 (raw:105/97 valid:1/1 sqi:1)
[2026-05-10 16:57:17.616] [GetTemp--2147478764]:i2c write failed
[2026-05-10 16:57:17.617] 2860,95,97,0.0
[2026-05-10 16:57:17.705] [GetTemp--2147478764]:i2c write failed
[2026-05-10 16:57:17.710] 2861,95,97,0.0
[2026-05-10 16:57:17.806] [GetTemp--2147478764]:i2c write failed
[2026-05-10 16:57:17.810] 2862,95,97,0.0
[2026-05-10 16:57:17.905] [GetTemp--2147478764]:i2c write failed
[2026-05-10 16:57:17.909] 2863,95,97,0.0
[2026-05-10 16:57:18.010] [GetTemp--2147478764]:i2c write failed
[2026-05-10 16:57:18.010] 2864,95,97,0.0
[2026-05-10 16:57:18.318] [GetTemp--2147478764]:i2c write failed
[2026-05-10 16:57:18.320] 2865,95,97,0.0
[2026-05-10 16:57:18.429] [GetTemp--2147478764]:i2c write failed
[2026-05-10 16:57:18.430] 2866,95,97,0.0
[2026-05-10 16:57:18.522] [GetTemp--2147478764]:i2c write failed
[2026-05-10 16:57:18.523] 2867,95,97,0.0
[2026-05-10 16:57:18.616] [GetTemp--2147478764]:i2c write failed
[2026-05-10 16:57:18.619] 2868,95,97,0.0
[2026-05-10 16:57:18.705] HR=105 SpO2=97 (raw:107/97 valid:1/1 sqi:1)
[2026-05-10 16:57:18.716] [GetTemp--2147478764]:i2c write failed
[2026-05-10 16:57:18.719] 2869,95,97,0.0
[2026-05-10 16:57:19.035] [GetTemp--2147478764]:i2c write failed
[2026-05-10 16:57:19.035] 2870,95,97,0.0
[2026-05-10 16:57:19.134] [GetTemp--2147478764]:i2c write failed
[2026-05-10 16:57:19.134] 2871,95,97,0.0
[2026-05-10 16:57:19.226] [GetTemp--2147478764]:i2c write failed
[2026-05-10 16:57:19.229] 2872,95,97,0.0
[2026-05-10 16:57:19.338] [GetTemp--2147478764]:i2c write failed
[2026-05-10 16:57:19.340] 2873,95,97,0.0
[2026-05-10 16:57:19.432] [GetTemp--2147478764]:i2c write failed
[2026-05-10 16:57:19.432] 2874,95,97,0.0
[2026-05-10 16:57:19.746] [GetTemp--2147478764]:i2c write failed
[2026-05-10 16:57:19.747] 2875,95,97,0.0
[2026-05-10 16:57:19.810] HR=105 SpO2=97 (raw:103/97 valid:1/1 sqi:1)
[2026-05-10 16:57:19.837] [GetTemp--2147478764]:i2c write failed
[2026-05-10 16:57:19.840] 2876,95,97,0.0
[2026-05-10 16:57:19.943] [GetTemp--2147478764]:i2c write failed
[2026-05-10 16:57:19.945] 2877,95,97,0.0
[2026-05-10 16:57:20.048] [GetTemp--2147478764]:i2c write failed
[2026-05-10 16:57:20.049] 2878,95,97,0.0
[2026-05-10 16:57:20.139] [GetTemp--2147478764]:i2c write failed
[2026-05-10 16:57:20.139] 2879,95,97,0.0
[2026-05-10 16:57:20.452] [GetTemp--2147478764]:i2c write failed
[2026-05-10 16:57:20.452] 2880,95,97,0.0
[2026-05-10 16:57:20.547] [GetTemp--2147478764]:i2c write failed
[2026-05-10 16:57:20.549] 2881,95,97,0.0
[2026-05-10 16:57:20.652] [GetTemp--2147478764]:i2c write failed
[2026-05-10 16:57:20.652] 2882,95,97,0.0
[2026-05-10 16:57:20.748] [GetTemp--2147478764]:i2c write failed
[2026-05-10 16:57:20.749] 2883,95,97,0.0
[2026-05-10 16:57:20.839] HR=105 SpO2=97 (raw:103/97 valid:1/1 sqi:1)
[2026-05-10 16:57:20.845] [GetTemp--2147478764]:i2c write failed
[2026-05-10 16:57:20.847] 2884,95,97,0.0
[2026-05-10 16:57:21.168] [GetTemp--2147478764]:i2c write failed
[2026-05-10 16:57:21.168] 2885,95,97,0.0
[2026-05-10 16:57:21.257] [GetTemp--2147478764]:i2c write failed
[2026-05-10 16:57:21.257] 2886,95,97,0.0
[2026-05-10 16:57:21.372] [GetTemp--2147478764]:i2c write failed
[2026-05-10 16:57:21.372] 2887,95,97,0.0
[2026-05-10 16:57:21.467] [GetTemp--2147478764]:i2c write failed
[2026-05-10 16:57:21.467] 2888,95,97,0.0
[2026-05-10 16:57:21.560] [GetTemp--2147478764]:i2c write failed
[2026-05-10 16:57:21.560] 2889,95,97,0.0
[2026-05-10 16:57:21.868] [GetTemp--2147478764]:i2c write failed
[2026-05-10 16:57:21.869] 2890,95,97,0.0
[2026-05-10 16:57:21.930] HR=103 SpO2=97 (raw:103/98 valid:1/1 sqi:1)
[2026-05-10 16:57:21.979] [GetTemp--2147478764]:i2c write failed
[2026-05-10 16:57:21.980] 2891,93,97,0.0
[2026-05-10 16:57:22.079] [GetTemp--2147478764]:i2c write failed
[2026-05-10 16:57:22.080] 2892,93,97,0.0
[2026-05-10 16:57:22.172] [GetTemp--2147478764]:i2c write failed
[2026-05-10 16:57:22.172] 2893,93,97,0.0
[2026-05-10 16:57:22.273] [GetTemp--2147478764]:i2c write failed
[2026-05-10 16:57:22.276] 2894,93,97,0.0
[2026-05-10 16:57:22.591] [GetTemp--2147478764]:i2c write failed
[2026-05-10 16:57:22.592] 2895,93,97,0.0
[2026-05-10 16:57:22.685] [GetTemp--2147478764]:i2c write failed
[2026-05-10 16:57:22.685] 2896,93,97,0.0
[2026-05-10 16:57:22.776] [GetTemp--2147478764]:i2c write failed
[2026-05-10 16:57:22.792] 2897,93,97,0.0
[2026-05-10 16:57:22.880] [GetTemp--2147478764]:i2c write failed
[2026-05-10 16:57:22.880] 2898,93,97,0.0
[2026-05-10 16:57:22.976] [GetTemp--2147478764]:i2c write failed
[2026-05-10 16:57:22.980] 2899,93,97,0.0
[2026-05-10 16:57:23.210] HR=103 SpO2=97 (raw:103/98 valid:1/1 sqi:1)
[2026-05-10 16:57:23.293] [GetTemp--2147478764]:i2c write failed
[2026-05-10 16:57:23.295] 2900,93,97,0.0
[2026-05-10 16:57:23.397] [GetTemp--2147478764]:i2c write failed
[2026-05-10 16:57:23.398] 2901,93,97,0.0
[2026-05-10 16:57:23.490] [GetTemp--2147478764]:i2c write failed
[2026-05-10 16:57:23.491] 2902,93,97,0.0
[2026-05-10 16:57:23.602] [GetTemp--2147478764]:i2c write failed
[2026-05-10 16:57:23.602] 2903,93,97,0.0
[2026-05-10 16:57:23.689] [GetTemp--2147478764]:i2c write failed
[2026-05-10 16:57:23.690] 2904,93,97,0.0
[2026-05-10 16:57:23.997] [GetTemp--2147478764]:i2c write failed
[2026-05-10 16:57:24.000] 2905,93,97,0.0
[2026-05-10 16:57:24.097] [GetTemp--2147478764]:i2c write failed
[2026-05-10 16:57:24.100] 2906,93,97,0.0
[2026-05-10 16:57:24.210] [GetTemp--2147478764]:i2c write failed
[2026-05-10 16:57:24.211] 2907,93,97,0.0
[2026-05-10 16:57:24.222] HR=103 SpO2=98 (raw:103/98 valid:1/1 sqi:1)
[2026-05-10 16:57:24.297] [GetTemp--2147478764]:i2c write failed
[2026-05-10 16:57:24.306] 2908,93,98,0.0
[2026-05-10 16:57:24.398] [GetTemp--2147478764]:i2c write failed
[2026-05-10 16:57:24.401] 2909,93,98,0.0
[2026-05-10 16:57:24.714] [GetTemp--2147478764]:i2c write failed
[2026-05-10 16:57:24.714] 2910,93,98,0.0
[2026-05-10 16:57:24.806] [GetTemp--2147478764]:i2c write failed
[2026-05-10 16:57:24.810] 2911,93,98,0.0
[2026-05-10 16:57:24.910] [GetTemp--2147478764]:i2c write failed
[2026-05-10 16:57:24.910] 2912,93,98,0.0
[2026-05-10 16:57:25.006] [GetTemp--2147478764]:i2c write failed
[2026-05-10 16:57:25.015] 2913,93,98,0.0
[2026-05-10 16:57:25.106] [GetTemp--2147478764]:i2c write failed
[2026-05-10 16:57:25.110] 2914,93,98,0.0
[2026-05-10 16:57:25.348] HR=103 SpO2=98 (raw:101/99 valid:1/1 sqi:1)
[2026-05-10 16:57:25.425] [GetTemp--2147478764]:i2c write failed
[2026-05-10 16:57:25.427] 2915,93,98,0.0
[2026-05-10 16:57:25.518] [GetTemp--2147478764]:i2c write failed
[2026-05-10 16:57:25.521] 2916,93,98,0.0
[2026-05-10 16:57:25.619] [GetTemp--2147478764]:i2c write failed
[2026-05-10 16:57:25.620] 2917,93,98,0.0
[2026-05-10 16:57:25.722] [GetTemp--2147478764]:i2c write failed
[2026-05-10 16:57:25.722] 2918,93,98,0.0
[2026-05-10 16:57:25.826] [GetTemp--2147478764]:i2c write failed
[2026-05-10 16:57:25.828] 2919,93,98,0.0
[2026-05-10 16:57:26.127] [GetTemp--2147478764]:i2c write failed
[2026-05-10 16:57:26.132] 2920,93,98,0.0
[2026-05-10 16:57:26.227] [GetTemp--2147478764]:i2c write failed
[2026-05-10 16:57:26.232] 2921,93,98,0.0
[2026-05-10 16:57:26.339] [GetTemp--2147478764]:i2c write failed
[2026-05-10 16:57:26.341] 2922,93,98,0.0
[2026-05-10 16:57:26.354] HR=103 SpO2=98 (raw:93/98 valid:1/1 sqi:1)
[2026-05-10 16:57:26.430] [GetTemp--2147478764]:i2c write failed
[2026-05-10 16:57:26.430] 2923,93,98,0.0
[2026-05-10 16:57:26.537] [GetTemp--2147478764]:i2c write failed
[2026-05-10 16:57:26.539] 2924,93,98,0.0
[2026-05-10 16:57:26.847] [GetTemp--2147478764]:i2c write failed
[2026-05-10 16:57:26.847] 2925,93,98,0.0
[2026-05-10 16:57:26.936] [GetTemp--2147478764]:i2c write failed
[2026-05-10 16:57:26.939] 2926,93,98,0.0
[2026-05-10 16:57:27.039] [GetTemp--2147478764]:i2c write failed
[2026-05-10 16:57:27.040] 2927,93,98,0.0
[2026-05-10 16:57:27.139] [GetTemp--2147478764]:i2c write failed
[2026-05-10 16:57:27.139] 2928,93,98,0.0
[2026-05-10 16:57:27.239] [GetTemp--2147478764]:i2c write failed
[2026-05-10 16:57:27.239] 2929,93,98,0.0
[2026-05-10 16:57:27.558] [GetTemp--2147478764]:i2c write failed
[2026-05-10 16:57:27.559] 2930,93,98,0.0
[2026-05-10 16:57:27.620] HR=101 SpO2=98 (raw:96/100 valid:1/1 sqi:1)
[2026-05-10 16:57:27.647] [GetTemp--2147478764]:i2c write failed
[2026-05-10 16:57:27.652] 2931,91,98,0.0
[2026-05-10 16:57:27.747] [GetTemp--2147478764]:i2c write failed
[2026-05-10 16:57:27.753] 2932,91,98,0.0
[2026-05-10 16:57:27.847] [GetTemp--2147478764]:i2c write failed
[2026-05-10 16:57:27.849] 2933,91,98,0.0
[2026-05-10 16:57:27.889] ReadLicenseData(), failed to get licdata string
[2026-05-10 16:57:27.889] VerifyLicense(), cannot read license data files
[2026-05-10 16:57:27.895] license_task_main() verify license invalid, reboot after 54 mins
[2026-05-10 16:57:27.947] [GetTemp--2147478764]:i2c write failed
[2026-05-10 16:57:27.951] 2934,91,98,0.0
[2026-05-10 16:57:28.256] [GetTemp--2147478764]:i2c write failed
[2026-05-10 16:57:28.273] 2935,91,98,0.0
[2026-05-10 16:57:28.368] [GetTemp--2147478764]:i2c write failed
[2026-05-10 16:57:28.369] 2936,91,98,0.0
[2026-05-10 16:57:28.460] [GetTemp--2147478764]:i2c write failed
[2026-05-10 16:57:28.460] 2937,91,98,0.0
[2026-05-10 16:57:28.568] [GetTemp--2147478764]:i2c write failed
[2026-05-10 16:57:28.568] 2938,91,98,0.0
[2026-05-10 16:57:28.652] HR=101 SpO2=99 (raw:103/99 valid:1/1 sqi:1)
[2026-05-10 16:57:28.656] [GetTemp--2147478764]:i2c write failed
[2026-05-10 16:57:28.660] 2939,91,99,0.0
[2026-05-10 16:57:28.969] [GetTemp--2147478764]:i2c write failed
[2026-05-10 16:57:28.970] 2940,91,99,0.0
[2026-05-10 16:57:29.068] [GetTemp--2147478764]:i2c write failed
[2026-05-10 16:57:29.069] 2941,91,99,0.0
[2026-05-10 16:57:29.168] [GetTemp--2147478764]:i2c write failed
[2026-05-10 16:57:29.169] 2942,91,99,0.0
[2026-05-10 16:57:29.268] [GetTemp--2147478764]:i2c write failed
[2026-05-10 16:57:29.269] 2943,91,99,0.0
[2026-05-10 16:57:29.366] [GetTemp--2147478764]:i2c write failed
[2026-05-10 16:57:29.371] 2944,91,99,0.0
[2026-05-10 16:57:29.615] HR=101 SpO2=99 (raw:103/98 valid:1/1 sqi:1)
[2026-05-10 16:57:29.689] [GetTemp--2147478764]:i2c write failed
[2026-05-10 16:57:29.689] 2945,91,99,0.0
[2026-05-10 16:57:29.777] [GetTemp--2147478764]:i2c write failed
[2026-05-10 16:57:29.793] 2946,91,99,0.0
[2026-05-10 16:57:29.877] [GetTemp--2147478764]:i2c write failed
[2026-05-10 16:57:29.882] 2947,91,99,0.0
[2026-05-10 16:57:29.977] [GetTemp--2147478764]:i2c write failed
[2026-05-10 16:57:29.982] 2948,91,99,0.0
[2026-05-10 16:57:30.078] [GetTemp--2147478764]:i2c write failed
[2026-05-10 16:57:30.079] 2949,91,99,0.0
[2026-05-10 16:57:30.386] [GetTemp--2147478764]:i2c write failed
[2026-05-10 16:57:30.390] 2950,91,99,0.0
[2026-05-10 16:57:30.495] [GetTemp--2147478764]:i2c write failed
[2026-05-10 16:57:30.495] 2951,91,99,0.0
[2026-05-10 16:57:30.589] [GetTemp--2147478764]:i2c write failed
[2026-05-10 16:57:30.592] 2952,91,99,0.0
[2026-05-10 16:57:30.689] [GetTemp--2147478764]:i2c write failed
[2026-05-10 16:57:30.690] 2953,91,99,0.0
[2026-05-10 16:57:30.773] HR=98 SpO2=98 (raw:98/97 valid:1/1 sqi:1)
[2026-05-10 16:57:30.786] [GetTemp--2147478764]:i2c write failed
[2026-05-10 16:57:30.789] 2954,88,98,0.0
[2026-05-10 16:57:31.098] [GetTemp--2147478764]:i2c write failed
[2026-05-10 16:57:31.099] 2955,88,98,0.0
[2026-05-10 16:57:31.202] [GetTemp--2147478764]:i2c write failed
[2026-05-10 16:57:31.203] 2956,88,98,0.0
[2026-05-10 16:57:31.298] [GetTemp--2147478764]:i2c write failed
[2026-05-10 16:57:31.300] 2957,88,98,0.0
[2026-05-10 16:57:31.410] [GetTemp--2147478764]:i2c write failed
[2026-05-10 16:57:31.411] 2958,88,98,0.0
[2026-05-10 16:57:31.502] [GetTemp--2147478764]:i2c write failed
[2026-05-10 16:57:31.502] 2959,88,98,0.0
[2026-05-10 16:57:31.810] [GetTemp--2147478764]:i2c write failed
[2026-05-10 16:57:31.812] 2960,88,98,0.0
[2026-05-10 16:57:31.906] [GetTemp--2147478764]:i2c write failed
[2026-05-10 16:57:31.912] 2961,88,98,0.0
[2026-05-10 16:57:32.006] [GetTemp--2147478764]:i2c write failed
[2026-05-10 16:57:32.015] 2962,88,98,0.0
[2026-05-10 16:57:32.032] HR=101 SpO2=98 (raw:101/97 valid:1/1 sqi:1)
[2026-05-10 16:57:32.106] [GetTemp--2147478764]:i2c write failed
[2026-05-10 16:57:32.112] 2963,91,98,0.0
[2026-05-10 16:57:32.211] [GetTemp--2147478764]:i2c write failed
[2026-05-10 16:57:32.211] 2964,91,98,0.0
[2026-05-10 16:57:32.521] [GetTemp--2147478764]:i2c write failed
[2026-05-10 16:57:32.522] 2965,91,98,0.0
[2026-05-10 16:57:32.631] [GetTemp--2147478764]:i2c write failed
[2026-05-10 16:57:32.632] 2966,91,98,0.0
[2026-05-10 16:57:32.718] [GetTemp--2147478764]:i2c write failed
[2026-05-10 16:57:32.719] 2967,91,98,0.0
[2026-05-10 16:57:32.818] [GetTemp--2147478764]:i2c write failed
[2026-05-10 16:57:32.819] 2968,91,98,0.0
[2026-05-10 16:57:32.918] [GetTemp--2147478764]:i2c write failed
[2026-05-10 16:57:32.922] 2969,91,98,0.0
[2026-05-10 16:57:33.148] HR=101 SpO2=97 (raw:101/97 valid:1/1 sqi:1)
[2026-05-10 16:57:33.227] [GetTemp--2147478764]:i2c write failed
[2026-05-10 16:57:33.231] 2970,91,97,0.0
[2026-05-10 16:57:33.327] [GetTemp--2147478764]:i2c write failed
[2026-05-10 16:57:33.335] 2971,91,97,0.0
[2026-05-10 16:57:33.428] [GetTemp--2147478764]:i2c write failed
[2026-05-10 16:57:33.429] 2972,91,97,0.0
[2026-05-10 16:57:33.537] [GetTemp--2147478764]:i2c write failed
[2026-05-10 16:57:33.537] 2973,91,97,0.0
[2026-05-10 16:57:33.630] [GetTemp--2147478764]:i2c write failed
[2026-05-10 16:57:33.631] 2974,91,97,0.0
[2026-05-10 16:57:33.943] [GetTemp--2147478764]:i2c write failed
[2026-05-10 16:57:33.944] 2975,91,97,0.0
[2026-05-10 16:57:34.043] [GetTemp--2147478764]:i2c write failed
[2026-05-10 16:57:34.043] 2976,91,97,0.0
[2026-05-10 16:57:34.143] [GetTemp--2147478764]:i2c write failed
[2026-05-10 16:57:34.143] 2977,91,97,0.0
[2026-05-10 16:57:34.164] HR=101 SpO2=97 (raw:101/98 valid:1/1 sqi:1)
[2026-05-10 16:57:34.239] [GetTemp--2147478764]:i2c write failed
[2026-05-10 16:57:34.239] 2978,91,97,0.0
[2026-05-10 16:57:34.336] [GetTemp--2147478764]:i2c write failed
[2026-05-10 16:57:34.352] 2979,91,97,0.0
[2026-05-10 16:57:34.652] [GetTemp--2147478764]:i2c write failed
[2026-05-10 16:57:34.653] 2980,91,97,0.0
[2026-05-10 16:57:34.748] [GetTemp--2147478764]:i2c write failed
[2026-05-10 16:57:34.751] 2981,91,97,0.0
[2026-05-10 16:57:34.848] [GetTemp--2147478764]:i2c write failed
[2026-05-10 16:57:34.849] 2982,91,97,0.0
[2026-05-10 16:57:34.947] [GetTemp--2147478764]:i2c write failed
[2026-05-10 16:57:34.950] 2983,91,97,0.0
[2026-05-10 16:57:35.047] [GetTemp--2147478764]:i2c write failed
[2026-05-10 16:57:35.052] 2984,91,97,0.0
[2026-05-10 16:57:35.281] HR=101 SpO2=97 (raw:100/97 valid:1/1 sqi:1)
[2026-05-10 16:57:35.363] [GetTemp--2147478764]:i2c write failed
[2026-05-10 16:57:35.364] 2985,91,97,0.0
[2026-05-10 16:57:35.457] [GetTemp--2147478764]:i2c write failed
[2026-05-10 16:57:35.459] 2986,91,97,0.0
[2026-05-10 16:57:35.568] [GetTemp--2147478764]:i2c write failed
[2026-05-10 16:57:35.570] 2987,91,97,0.0
[2026-05-10 16:57:35.671] [GetTemp--2147478764]:i2c write failed
[2026-05-10 16:57:35.672] 2988,91,97,0.0
[2026-05-10 16:57:35.769] [GetTemp--2147478764]:i2c write failed
[2026-05-10 16:57:35.770] 2989,91,97,0.0
[2026-05-10 16:57:36.077] [GetTemp--2147478764]:i2c write failed
[2026-05-10 16:57:36.078] 2990,91,97,0.0
[2026-05-10 16:57:36.177] [GetTemp--2147478764]:i2c write failed
[2026-05-10 16:57:36.177] 2991,91,97,0.0
[2026-05-10 16:57:36.268] [GetTemp--2147478764]:i2c write failed
[2026-05-10 16:57:36.269] 2992,91,97,0.0
[2026-05-10 16:57:36.368] [GetTemp--2147478764]:i2c write failed
[2026-05-10 16:57:36.371] 2993,91,97,0.0
[2026-05-10 16:57:36.462] HR=101 SpO2=97 (raw:98/97 valid:1/1 sqi:1)
[2026-05-10 16:57:36.466] [GetTemp--2147478764]:i2c write failed
[2026-05-10 16:57:36.469] 2994,91,97,0.0
[2026-05-10 16:57:36.777] [GetTemp--2147478764]:i2c write failed
[2026-05-10 16:57:36.785] 2995,91,97,0.0
[2026-05-10 16:57:36.877] [GetTemp--2147478764]:i2c write failed
[2026-05-10 16:57:36.883] 2996,91,97,0.0
[2026-05-10 16:57:36.977] [GetTemp--2147478764]:i2c write failed
[2026-05-10 16:57:36.982] 2997,91,97,0.0
[2026-05-10 16:57:37.081] [GetTemp--2147478764]:i2c write failed
[2026-05-10 16:57:37.082] 2998,91,97,0.0
[2026-05-10 16:57:37.177] [GetTemp--2147478764]:i2c write failed
[2026-05-10 16:57:37.181] 2999,91,97,0.0
[2026-05-10 16:57:37.491] [GetTemp--2147478764]:i2c write failed
[2026-05-10 16:57:37.492] 3000,91,97,0.0
[2026-05-10 16:57:37.553] HR=100 SpO2=97 (raw:98/97 valid:1/1 sqi:1)
[2026-05-10 16:57:37.599] [GetTemp--2147478764]:i2c write failed
[2026-05-10 16:57:37.601] 3001,90,97,0.0
[2026-05-10 16:57:37.692] [GetTemp--2147478764]:i2c write failed
[2026-05-10 16:57:37.694] 3002,90,97,0.0
[2026-05-10 16:57:37.789] [GetTemp--2147478764]:i2c write failed
[2026-05-10 16:57:37.789] 3003,90,97,0.0
[2026-05-10 16:57:37.889] [GetTemp--2147478764]:i2c write failed
[2026-05-10 16:57:37.890] 3004,90,97,0.0
[2026-05-10 16:57:38.198] [GetTemp--2147478764]:i2c write failed
[2026-05-10 16:57:38.203] 3005,90,97,0.0
[2026-05-10 16:57:38.298] [GetTemp--2147478764]:i2c write failed
[2026-05-10 16:57:38.299] 3006,90,97,0.0
[2026-05-10 16:57:38.398] [GetTemp--2147478764]:i2c write failed
[2026-05-10 16:57:38.400] 3007,90,97,0.0
[2026-05-10 16:57:38.506] [GetTemp--2147478764]:i2c write failed
[2026-05-10 16:57:38.506] 3008,90,97,0.0
[2026-05-10 16:57:38.584] HR=98 SpO2=97 (raw:98/97 valid:1/1 sqi:1)
[2026-05-10 16:57:38.596] [GetTemp--2147478764]:i2c write failed
[2026-05-10 16:57:38.599] 3009,88,97,0.0
[2026-05-10 16:57:38.910] [GetTemp--2147478764]:i2c write failed
[2026-05-10 16:57:38.910] 3010,88,97,0.0
[2026-05-10 16:57:39.006] [GetTemp--2147478764]:i2c write failed
[2026-05-10 16:57:39.011] 3011,88,97,0.0
[2026-05-10 16:57:39.110] [GetTemp--2147478764]:i2c write failed
[2026-05-10 16:57:39.111] 3012,88,97,0.0
[2026-05-10 16:57:39.206] [GetTemp--2147478764]:i2c write failed
[2026-05-10 16:57:39.210] 3013,88,97,0.0
[2026-05-10 16:57:39.315] [GetTemp--2147478764]:i2c write failed
[2026-05-10 16:57:39.315] 3014,88,97,0.0
[2026-05-10 16:57:39.631] [GetTemp--2147478764]:i2c write failed
[2026-05-10 16:57:39.631] 3015,88,97,0.0
[2026-05-10 16:57:39.685] HR=98 SpO2=97 (raw:101/98 valid:1/1 sqi:1)
[2026-05-10 16:57:39.722] [GetTemp--2147478764]:i2c write failed
[2026-05-10 16:57:39.723] 3016,88,97,0.0
[2026-05-10 16:57:39.818] [GetTemp--2147478764]:i2c write failed
[2026-05-10 16:57:39.820] 3017,88,97,0.0
[2026-05-10 16:57:39.919] [GetTemp--2147478764]:i2c write failed
[2026-05-10 16:57:39.920] 3018,88,97,0.0
[2026-05-10 16:57:40.018] [GetTemp--2147478764]:i2c write failed
[2026-05-10 16:57:40.019] 3019,88,97,0.0
[2026-05-10 16:57:40.327] [GetTemp--2147478764]:i2c write failed
[2026-05-10 16:57:40.331] 3020,88,97,0.0
[2026-05-10 16:57:40.429] [GetTemp--2147478764]:i2c write failed
[2026-05-10 16:57:40.431] 3021,88,97,0.0
[2026-05-10 16:57:40.538] [GetTemp--2147478764]:i2c write failed
[2026-05-10 16:57:40.539] 3022,88,97,0.0
[2026-05-10 16:57:40.633] [GetTemp--2147478764]:i2c write failed
[2026-05-10 16:57:40.634] 3023,88,97,0.0
[2026-05-10 16:57:40.735] [GetTemp--2147478764]:i2c write failed
[2026-05-10 16:57:40.736] 3024,88,97,0.0
[2026-05-10 16:57:40.958] HR=98 SpO2=97 (raw:107/97 valid:1/1 sqi:1)
[2026-05-10 16:57:41.039] [GetTemp--2147478764]:i2c write failed
[2026-05-10 16:57:41.041] 3025,88,97,0.0
[2026-05-10 16:57:41.139] [GetTemp--2147478764]:i2c write failed
[2026-05-10 16:57:41.140] 3026,88,97,0.0
[2026-05-10 16:57:41.239] [GetTemp--2147478764]:i2c write failed
[2026-05-10 16:57:41.240] 3027,88,97,0.0
[2026-05-10 16:57:41.340] [GetTemp--2147478764]:i2c write failed
[2026-05-10 16:57:41.340] 3028,88,97,0.0
[2026-05-10 16:57:41.445] [GetTemp--2147478764]:i2c write failed
[2026-05-10 16:57:41.446] 3029,88,97,0.0
[2026-05-10 16:57:41.756] [GetTemp--2147478764]:i2c write failed
[2026-05-10 16:57:41.756] 3030,88,97,0.0
[2026-05-10 16:57:41.848] [GetTemp--2147478764]:i2c write failed
[2026-05-10 16:57:41.852] 3031,88,97,0.0
[2026-05-10 16:57:41.948] [GetTemp--2147478764]:i2c write failed
[2026-05-10 16:57:41.950] 3032,88,97,0.0
[2026-05-10 16:57:41.977] HR=101 SpO2=97 (raw:107/97 valid:1/1 sqi:1)
[2026-05-10 16:57:42.048] [GetTemp--2147478764]:i2c write failed
[2026-05-10 16:57:42.049] 3033,91,97,0.0
[2026-05-10 16:57:42.148] [GetTemp--2147478764]:i2c write failed
[2026-05-10 16:57:42.150] 3034,91,97,0.0
[2026-05-10 16:57:42.468] [GetTemp--2147478764]:i2c write failed
[2026-05-10 16:57:42.469] 3035,91,97,0.0
[2026-05-10 16:57:42.562] [GetTemp--2147478764]:i2c write failed
[2026-05-10 16:57:42.562] 3036,91,97,0.0
[2026-05-10 16:57:42.656] [GetTemp--2147478764]:i2c write failed
[2026-05-10 16:57:42.672] 3037,91,97,0.0
[2026-05-10 16:57:42.756] [GetTemp--2147478764]:i2c write failed
[2026-05-10 16:57:42.765] 3038,91,97,0.0
[2026-05-10 16:57:42.861] [GetTemp--2147478764]:i2c write failed
[2026-05-10 16:57:42.862] 3039,91,97,0.0
[2026-05-10 16:57:43.098] HR=107 SpO2=97 (raw:111/97 valid:1/1 sqi:1)
[2026-05-10 16:57:43.169] [GetTemp--2147478764]:i2c write failed
[2026-05-10 16:57:43.172] 3040,97,97,0.0
[2026-05-10 16:57:43.277] [GetTemp--2147478764]:i2c write failed
[2026-05-10 16:57:43.281] 3041,97,97,0.0
[2026-05-10 16:57:43.375] [GetTemp--2147478764]:i2c write failed
[2026-05-10 16:57:43.376] 3042,97,97,0.0
[2026-05-10 16:57:43.467] [GetTemp--2147478764]:i2c write failed
[2026-05-10 16:57:43.471] 3043,97,97,0.0
[2026-05-10 16:57:43.575] [GetTemp--2147478764]:i2c write failed
[2026-05-10 16:57:43.578] 3044,97,97,0.0
[2026-05-10 16:57:43.877] [GetTemp--2147478764]:i2c write failed
[2026-05-10 16:57:43.880] 3045,97,97,0.0
[2026-05-10 16:57:43.977] [GetTemp--2147478764]:i2c write failed
[2026-05-10 16:57:43.985] 3046,97,97,0.0
[2026-05-10 16:57:44.077] [GetTemp--2147478764]:i2c write failed
[2026-05-10 16:57:44.082] 3047,97,97,0.0
[2026-05-10 16:57:44.107] HR=107 SpO2=97 (raw:107/99 valid:1/1 sqi:1)
[2026-05-10 16:57:44.177] [GetTemp--2147478764]:i2c write failed
[2026-05-10 16:57:44.180] 3048,97,97,0.0
[2026-05-10 16:57:44.285] [GetTemp--2147478764]:i2c write failed
[2026-05-10 16:57:44.285] 3049,97,97,0.0
[2026-05-10 16:57:44.596] [GetTemp--2147478764]:i2c write failed
[2026-05-10 16:57:44.597] 3050,97,97,0.0
[2026-05-10 16:57:44.689] [GetTemp--2147478764]:i2c write failed
[2026-05-10 16:57:44.691] 3051,97,97,0.0
[2026-05-10 16:57:44.790] [GetTemp--2147478764]:i2c write failed
[2026-05-10 16:57:44.790] 3052,97,97,0.0
[2026-05-10 16:57:44.890] [GetTemp--2147478764]:i2c write failed
[2026-05-10 16:57:44.890] 3053,97,97,0.0
[2026-05-10 16:57:44.993] [GetTemp--2147478764]:i2c write failed
[2026-05-10 16:57:44.996] 3054,97,97,0.0
[2026-05-10 16:57:45.231] HR=107 SpO2=97 (raw:120/99 valid:1/1 sqi:1)
[2026-05-10 16:57:45.298] [GetTemp--2147478764]:i2c write failed
[2026-05-10 16:57:45.303] 3055,97,97,0.0
[2026-05-10 16:57:45.401] [GetTemp--2147478764]:i2c write failed
[2026-05-10 16:57:45.402] 3056,97,97,0.0
[2026-05-10 16:57:45.510] [GetTemp--2147478764]:i2c write failed
[2026-05-10 16:57:45.511] 3057,97,97,0.0
[2026-05-10 16:57:45.605] [GetTemp--2147478764]:i2c write failed
[2026-05-10 16:57:45.607] 3058,97,97,0.0
[2026-05-10 16:57:45.703] [GetTemp--2147478764]:i2c write failed
[2026-05-10 16:57:45.703] 3059,97,97,0.0
[2026-05-10 16:57:46.010] [GetTemp--2147478764]:i2c write failed
[2026-05-10 16:57:46.011] 3060,97,97,0.0
[2026-05-10 16:57:46.111] [GetTemp--2147478764]:i2c write failed
[2026-05-10 16:57:46.111] 3061,97,97,0.0
[2026-05-10 16:57:46.207] [GetTemp--2147478764]:i2c write failed
[2026-05-10 16:57:46.210] 3062,97,97,0.0
[2026-05-10 16:57:46.307] [GetTemp--2147478764]:i2c write failed
[2026-05-10 16:57:46.310] 3063,97,97,0.0
[2026-05-10 16:57:46.403] HR=111 SpO2=97 (raw:117/97 valid:1/1 sqi:1)
[2026-05-10 16:57:46.407] [GetTemp--2147478764]:i2c write failed
[2026-05-10 16:57:46.410] 3064,101,97,0.0
[2026-05-10 16:57:46.718] [GetTemp--2147478764]:i2c write failed
[2026-05-10 16:57:46.731] 3065,101,97,0.0
[2026-05-10 16:57:46.825] [GetTemp--2147478764]:i2c write failed
[2026-05-10 16:57:46.826] 3066,101,97,0.0
[2026-05-10 16:57:46.918] [GetTemp--2147478764]:i2c write failed
[2026-05-10 16:57:46.919] 3067,101,97,0.0
[2026-05-10 16:57:47.016] [GetTemp--2147478764]:i2c write failed
[2026-05-10 16:57:47.020] 3068,101,97,0.0
[2026-05-10 16:57:47.118] [GetTemp--2147478764]:i2c write failed
[2026-05-10 16:57:47.120] 3069,101,97,0.0
[2026-05-10 16:57:47.435] [GetTemp--2147478764]:i2c write failed
[2026-05-10 16:57:47.436] 3070,101,97,0.0
[2026-05-10 16:57:47.491] HR=111 SpO2=98 (raw:82/98 valid:1/1 sqi:1)
[2026-05-10 16:57:47.529] [GetTemp--2147478764]:i2c write failed
[2026-05-10 16:57:47.530] 3071,101,98,0.0
[2026-05-10 16:57:47.638] [GetTemp--2147478764]:i2c write failed
[2026-05-10 16:57:47.639] 3072,101,98,0.0
[2026-05-10 16:57:47.733] [GetTemp--2147478764]:i2c write failed
[2026-05-10 16:57:47.733] 3073,101,98,0.0
[2026-05-10 16:57:47.826] [GetTemp--2147478764]:i2c write failed
[2026-05-10 16:57:47.829] 3074,101,98,0.0
[2026-05-10 16:57:48.139] [GetTemp--2147478764]:i2c write failed
[2026-05-10 16:57:48.139] 3075,101,98,0.0
[2026-05-10 16:57:48.239] [GetTemp--2147478764]:i2c write failed
[2026-05-10 16:57:48.239] 3076,101,98,0.0
[2026-05-10 16:57:48.339] [GetTemp--2147478764]:i2c write failed
[2026-05-10 16:57:48.339] 3077,101,98,0.0
[2026-05-10 16:57:48.444] [GetTemp--2147478764]:i2c write failed
[2026-05-10 16:57:48.445] 3078,101,98,0.0
[2026-05-10 16:57:48.537] HR=107 SpO2=99 (raw:101/99 valid:1/1 sqi:1)
[2026-05-10 16:57:48.537] [GetTemp--2147478764]:i2c write failed
[2026-05-10 16:57:48.539] 3079,97,99,0.0
[2026-05-10 16:57:48.847] [GetTemp--2147478764]:i2c write failed
[2026-05-10 16:57:48.849] 3080,97,99,0.0
[2026-05-10 16:57:48.958] [GetTemp--2147478764]:i2c write failed
[2026-05-10 16:57:48.959] 3081,97,99,0.0
[2026-05-10 16:57:49.047] [GetTemp--2147478764]:i2c write failed
[2026-05-10 16:57:49.049] 3082,97,99,0.0
[2026-05-10 16:57:49.149] [GetTemp--2147478764]:i2c write failed
[2026-05-10 16:57:49.149] 3083,97,99,0.0
[2026-05-10 16:57:49.252] [GetTemp--2147478764]:i2c write failed
[2026-05-10 16:57:49.253] 3084,97,99,0.0
[2026-05-10 16:57:49.560] [GetTemp--2147478764]:i2c write failed
[2026-05-10 16:57:49.561] 3085,97,99,0.0
[2026-05-10 16:57:49.660] [GetTemp--2147478764]:i2c write failed
[2026-05-10 16:57:49.660] 3086,97,99,0.0
[2026-05-10 16:57:49.756] [GetTemp--2147478764]:i2c write failed
[2026-05-10 16:57:49.760] 3087,97,99,0.0
[2026-05-10 16:57:49.794] HR=101 SpO2=98 (raw:93/98 valid:1/1 sqi:1)
[2026-05-10 16:57:49.860] [GetTemp--2147478764]:i2c write failed
[2026-05-10 16:57:49.860] 3088,91,98,0.0
[2026-05-10 16:57:49.963] [GetTemp--2147478764]:i2c write failed
[2026-05-10 16:57:49.964] 3089,91,98,0.0
[2026-05-10 16:57:50.274] [GetTemp--2147478764]:i2c write failed
[2026-05-10 16:57:50.275] 3090,91,98,0.0
[2026-05-10 16:57:50.367] [GetTemp--2147478764]:i2c write failed
[2026-05-10 16:57:50.370] 3091,91,98,0.0
[2026-05-10 16:57:50.476] [GetTemp--2147478764]:i2c write failed
[2026-05-10 16:57:50.477] 3092,91,98,0.0
[2026-05-10 16:57:50.571] [GetTemp--2147478764]:i2c write failed
[2026-05-10 16:57:50.574] 3093,91,98,0.0
[2026-05-10 16:57:50.672] [GetTemp--2147478764]:i2c write failed
[2026-05-10 16:57:50.672] 3094,91,98,0.0
[2026-05-10 16:57:50.898] HR=100 SpO2=98 (raw:100/99 valid:1/1 sqi:1)
[2026-05-10 16:57:50.976] [GetTemp--2147478764]:i2c write failed
[2026-05-10 16:57:50.983] 3095,90,98,0.0
[2026-05-10 16:57:51.081] [GetTemp--2147478764]:i2c write failed
[2026-05-10 16:57:51.083] 3096,90,98,0.0
[2026-05-10 16:57:51.180] [GetTemp--2147478764]:i2c write failed
[2026-05-10 16:57:51.183] 3097,90,98,0.0
[2026-05-10 16:57:51.280] [GetTemp--2147478764]:i2c write failed
[2026-05-10 16:57:51.280] 3098,90,98,0.0
[2026-05-10 16:57:51.381] [GetTemp--2147478764]:i2c write failed
[2026-05-10 16:57:51.383] 3099,90,98,0.0
[2026-05-10 16:57:51.690] [GetTemp--2147478764]:i2c write failed
[2026-05-10 16:57:51.691] 3100,90,98,0.0
[2026-05-10 16:57:51.789] [GetTemp--2147478764]:i2c write failed
[2026-05-10 16:57:51.790] 3101,90,98,0.0
[2026-05-10 16:57:51.893] [GetTemp--2147478764]:i2c write failed
[2026-05-10 16:57:51.894] 3102,90,98,0.0
[2026-05-10 16:57:51.917] HR=96 SpO2=99 (raw:93/99 valid:1/1 sqi:1)
[2026-05-10 16:57:51.989] [GetTemp--2147478764]:i2c write failed
[2026-05-10 16:57:51.991] 3103,86,99,0.0
[2026-05-10 16:57:52.090] [GetTemp--2147478764]:i2c write failed
[2026-05-10 16:57:52.091] 3104,86,99,0.0
[2026-05-10 16:57:52.398] [GetTemp--2147478764]:i2c write failed
[2026-05-10 16:57:52.401] 3105,86,99,0.0
[2026-05-10 16:57:52.508] [GetTemp--2147478764]:i2c write failed
[2026-05-10 16:57:52.508] 3106,86,99,0.0
[2026-05-10 16:57:52.601] [GetTemp--2147478764]:i2c write failed
[2026-05-10 16:57:52.601] 3107,86,99,0.0
[2026-05-10 16:57:52.706] [GetTemp--2147478764]:i2c write failed
[2026-05-10 16:57:52.708] 3108,86,99,0.0
[2026-05-10 16:57:52.798] [GetTemp--2147478764]:i2c write failed
[2026-05-10 16:57:52.800] 3109,86,99,0.0
[2026-05-10 16:57:53.027] HR=93 SpO2=99 (raw:92/99 valid:1/1 sqi:1)
[2026-05-10 16:57:53.105] [GetTemp--2147478764]:i2c write failed
[2026-05-10 16:57:53.109] 3110,83,99,0.0
[2026-05-10 16:57:53.206] [GetTemp--2147478764]:i2c write failed
[2026-05-10 16:57:53.210] 3111,83,99,0.0
[2026-05-10 16:57:53.306] [GetTemp--2147478764]:i2c write failed
[2026-05-10 16:57:53.315] 3112,83,99,0.0
[2026-05-10 16:57:53.410] [GetTemp--2147478764]:i2c write failed
[2026-05-10 16:57:53.411] 3113,83,99,0.0
[2026-05-10 16:57:53.520] [GetTemp--2147478764]:i2c write failed
[2026-05-10 16:57:53.520] 3114,83,99,0.0
[2026-05-10 16:57:53.818] [GetTemp--2147478764]:i2c write failed
[2026-05-10 16:57:53.819] 3115,83,99,0.0
[2026-05-10 16:57:53.918] [GetTemp--2147478764]:i2c write failed
[2026-05-10 16:57:53.919] 3116,83,99,0.0
[2026-05-10 16:57:54.018] [GetTemp--2147478764]:i2c write failed
[2026-05-10 16:57:54.022] 3117,83,99,0.0
[2026-05-10 16:57:54.123] [GetTemp--2147478764]:i2c write failed
[2026-05-10 16:57:54.125] 3118,83,99,0.0
[2026-05-10 16:57:54.214] HR=93 SpO2=99 (raw:92/97 valid:1/1 sqi:1)
[2026-05-10 16:57:54.222] [GetTemp--2147478764]:i2c write failed
[2026-05-10 16:57:54.222] 3119,83,99,0.0
[2026-05-10 16:57:54.540] [GetTemp--2147478764]:i2c write failed
[2026-05-10 16:57:54.540] 3120,83,99,0.0
[2026-05-10 16:57:54.626] [GetTemp--2147478764]:i2c write failed
[2026-05-10 16:57:54.639] 3121,83,99,0.0
[2026-05-10 16:57:54.730] [GetTemp--2147478764]:i2c write failed
[2026-05-10 16:57:54.730] 3122,83,99,0.0
[2026-05-10 16:57:54.835] [GetTemp--2147478764]:i2c write failed
[2026-05-10 16:57:54.837] 3123,83,99,0.0
[2026-05-10 16:57:54.941] [GetTemp--2147478764]:i2c write failed
[2026-05-10 16:57:54.942] 3124,83,99,0.0
[2026-05-10 16:57:55.244] [GetTemp--2147478764]:i2c write failed
[2026-05-10 16:57:55.245] 3125,83,99,0.0
[2026-05-10 16:57:55.311] HR=92 SpO2=99 (raw:92/97 valid:1/1 sqi:1)
[2026-05-10 16:57:55.336] [GetTemp--2147478764]:i2c write failed
[2026-05-10 16:57:55.339] 3126,82,99,0.0
[2026-05-10 16:57:55.438] [GetTemp--2147478764]:i2c write failed
[2026-05-10 16:57:55.441] 3127,82,99,0.0
[2026-05-10 16:57:55.548] [GetTemp--2147478764]:i2c write failed
[2026-05-10 16:57:55.548] 3128,82,99,0.0
[2026-05-10 16:57:55.639] [GetTemp--2147478764]:i2c write failed
[2026-05-10 16:57:55.639] 3129,82,99,0.0
[2026-05-10 16:57:55.948] [GetTemp--2147478764]:i2c write failed
[2026-05-10 16:57:55.949] 3130,82,99,0.0
[2026-05-10 16:57:56.052] [GetTemp--2147478764]:i2c write failed
[2026-05-10 16:57:56.053] 3131,82,99,0.0
[2026-05-10 16:57:56.153] [GetTemp--2147478764]:i2c write failed
[2026-05-10 16:57:56.153] 3132,82,99,0.0
[2026-05-10 16:57:56.255] [GetTemp--2147478764]:i2c write failed
[2026-05-10 16:57:56.256] 3133,82,99,0.0
[2026-05-10 16:57:56.348] HR=92 SpO2=97 (raw:93/97 valid:1/1 sqi:1)
[2026-05-10 16:57:56.350] [GetTemp--2147478764]:i2c write failed
[2026-05-10 16:57:56.351] 3134,82,97,0.0
[2026-05-10 16:57:56.662] [GetTemp--2147478764]:i2c write failed
[2026-05-10 16:57:56.662] 3135,82,97,0.0
[2026-05-10 16:57:56.765] [GetTemp--2147478764]:i2c write failed
[2026-05-10 16:57:56.765] 3136,82,97,0.0
[2026-05-10 16:57:56.865] [GetTemp--2147478764]:i2c write failed
[2026-05-10 16:57:56.865] 3137,82,97,0.0
[2026-05-10 16:57:56.963] [GetTemp--2147478764]:i2c write failed
[2026-05-10 16:57:56.963] 3138,82,97,0.0
[2026-05-10 16:57:57.060] [GetTemp--2147478764]:i2c write failed
[2026-05-10 16:57:57.062] 3139,82,97,0.0
[2026-05-10 16:57:57.366] [GetTemp--2147478764]:i2c write failed
[2026-05-10 16:57:57.370] 3140,82,97,0.0
[2026-05-10 16:57:57.444] HR=92 SpO2=97 (raw:96/97 valid:1/1 sqi:1)
[2026-05-10 16:57:57.466] [GetTemp--2147478764]:i2c write failed
[2026-05-10 16:57:57.469] 3141,82,97,0.0
[2026-05-10 16:57:57.569] [GetTemp--2147478764]:i2c write failed
[2026-05-10 16:57:57.570] 3142,82,97,0.0
[2026-05-10 16:57:57.668] [GetTemp--2147478764]:i2c write failed
[2026-05-10 16:57:57.673] 3143,82,97,0.0
[2026-05-10 16:57:57.768] [GetTemp--2147478764]:i2c write failed
[2026-05-10 16:57:57.770] 3144,82,97,0.0
[2026-05-10 16:57:58.081] [GetTemp--2147478764]:i2c write failed
[2026-05-10 16:57:58.082] 3145,82,97,0.0
[2026-05-10 16:57:58.188] [GetTemp--2147478764]:i2c write failed
[2026-05-10 16:57:58.189] 3146,82,97,0.0
[2026-05-10 16:57:58.281] [GetTemp--2147478764]:i2c write failed
[2026-05-10 16:57:58.281] 3147,82,97,0.0
[2026-05-10 16:57:58.389] [GetTemp--2147478764]:i2c write failed
[2026-05-10 16:57:58.390] 3148,82,97,0.0
[2026-05-10 16:57:58.485] [GetTemp--2147478764]:i2c write failed
[2026-05-10 16:57:58.486] 3149,82,97,0.0
[2026-05-10 16:57:58.710] HR=93 SpO2=97 (raw:100/98 valid:1/1 sqi:1)
[2026-05-10 16:57:58.789] [GetTemp--2147478764]:i2c write failed
[2026-05-10 16:57:58.790] 3150,83,97,0.0
[2026-05-10 16:57:58.889] [GetTemp--2147478764]:i2c write failed
[2026-05-10 16:57:58.890] 3151,83,97,0.0
[2026-05-10 16:57:58.990] [GetTemp--2147478764]:i2c write failed
[2026-05-10 16:57:58.990] 3152,83,97,0.0
[2026-05-10 16:57:59.093] [GetTemp--2147478764]:i2c write failed
[2026-05-10 16:57:59.094] 3153,83,97,0.0
[2026-05-10 16:57:59.194] [GetTemp--2147478764]:i2c write failed
[2026-05-10 16:57:59.194] 3154,83,97,0.0
[2026-05-10 16:57:59.508] [GetTemp--2147478764]:i2c write failed
[2026-05-10 16:57:59.510] 3155,83,97,0.0
[2026-05-10 16:57:59.598] [GetTemp--2147478764]:i2c write failed
[2026-05-10 16:57:59.598] 3156,83,97,0.0
[2026-05-10 16:57:59.698] [GetTemp--2147478764]:i2c write failed
[2026-05-10 16:57:59.698] 3157,83,97,0.0
[2026-05-10 16:57:59.731] HR=96 SpO2=97 (raw:101/98 valid:1/1 sqi:1)
[2026-05-10 16:57:59.801] [GetTemp--2147478764]:i2c write failed
[2026-05-10 16:57:59.801] 3158,86,97,0.0
[2026-05-10 16:57:59.906] [GetTemp--2147478764]:i2c write failed
[2026-05-10 16:57:59.907] 3159,86,97,0.0
[2026-05-10 16:58:00.214] [GetTemp--2147478764]:i2c write failed
[2026-05-10 16:58:00.215] 3160,86,97,0.0
[2026-05-10 16:58:00.317] [GetTemp--2147478764]:i2c write failed
[2026-05-10 16:58:00.318] 3161,86,97,0.0
[2026-05-10 16:58:00.420] [GetTemp--2147478764]:i2c write failed
[2026-05-10 16:58:00.421] 3162,86,97,0.0
[2026-05-10 16:58:00.515] [GetTemp--2147478764]:i2c write failed
[2026-05-10 16:58:00.516] 3163,86,97,0.0
[2026-05-10 16:58:00.609] [GetTemp--2147478764]:i2c write failed
[2026-05-10 16:58:00.612] 3164,86,97,0.0
[2026-05-10 16:58:00.839] HR=100 SpO2=98 (raw:101/98 valid:1/1 sqi:1)
[2026-05-10 16:58:00.928] [GetTemp--2147478764]:i2c write failed
[2026-05-10 16:58:00.928] 3165,90,98,0.0
[2026-05-10 16:58:01.022] [GetTemp--2147478764]:i2c write failed
[2026-05-10 16:58:01.023] 3166,90,98,0.0
[2026-05-10 16:58:01.119] [GetTemp--2147478764]:i2c write failed
[2026-05-10 16:58:01.121] 3167,90,98,0.0
[2026-05-10 16:58:01.219] [GetTemp--2147478764]:i2c write failed
[2026-05-10 16:58:01.220] 3168,90,98,0.0
[2026-05-10 16:58:01.319] [GetTemp--2147478764]:i2c write failed
[2026-05-10 16:58:01.320] 3169,90,98,0.0
[2026-05-10 16:58:01.631] [GetTemp--2147478764]:i2c write failed
[2026-05-10 16:58:01.633] 3170,90,98,0.0
[2026-05-10 16:58:01.727] [GetTemp--2147478764]:i2c write failed
[2026-05-10 16:58:01.732] 3171,90,98,0.0
[2026-05-10 16:58:01.827] [GetTemp--2147478764]:i2c write failed
[2026-05-10 16:58:01.830] 3172,90,98,0.0
[2026-05-10 16:58:01.850] HR=101 SpO2=98 (raw:101/97 valid:1/1 sqi:1)
[2026-05-10 16:58:01.927] [GetTemp--2147478764]:i2c write failed
[2026-05-10 16:58:01.929] 3173,91,98,0.0
[2026-05-10 16:58:02.031] [GetTemp--2147478764]:i2c write failed
[2026-05-10 16:58:02.033] 3174,91,98,0.0
[2026-05-10 16:58:02.340] [GetTemp--2147478764]:i2c write failed
[2026-05-10 16:58:02.342] 3175,91,98,0.0
[2026-05-10 16:58:02.446] [GetTemp--2147478764]:i2c write failed
[2026-05-10 16:58:02.446] 3176,91,98,0.0
[2026-05-10 16:58:02.541] [GetTemp--2147478764]:i2c write failed
[2026-05-10 16:58:02.541] 3177,91,98,0.0
[2026-05-10 16:58:02.651] [GetTemp--2147478764]:i2c write failed
[2026-05-10 16:58:02.653] 3178,91,98,0.0
[2026-05-10 16:58:02.739] [GetTemp--2147478764]:i2c write failed
[2026-05-10 16:58:02.739] 3179,91,98,0.0
[2026-05-10 16:58:03.047] [GetTemp--2147478764]:i2c write failed
[2026-05-10 16:58:03.056] 3180,91,98,0.0
[2026-05-10 16:58:03.114] HR=101 SpO2=98 (raw:101/97 valid:1/1 sqi:1)
[2026-05-10 16:58:03.152] [GetTemp--2147478764]:i2c write failed
[2026-05-10 16:58:03.153] 3181,91,98,0.0
[2026-05-10 16:58:03.251] [GetTemp--2147478764]:i2c write failed
[2026-05-10 16:58:03.252] 3182,91,98,0.0
[2026-05-10 16:58:03.348] [GetTemp--2147478764]:i2c write failed
[2026-05-10 16:58:03.350] 3183,91,98,0.0
[2026-05-10 16:58:03.457] [GetTemp--2147478764]:i2c write failed
[2026-05-10 16:58:03.458] 3184,91,98,0.0
[2026-05-10 16:58:03.771] [GetTemp--2147478764]:i2c write failed
[2026-05-10 16:58:03.771] 3185,91,98,0.0
[2026-05-10 16:58:03.857] [GetTemp--2147478764]:i2c write failed
[2026-05-10 16:58:03.873] 3186,91,98,0.0
[2026-05-10 16:58:03.967] [GetTemp--2147478764]:i2c write failed
[2026-05-10 16:58:03.968] 3187,91,98,0.0
[2026-05-10 16:58:04.071] [GetTemp--2147478764]:i2c write failed
[2026-05-10 16:58:04.072] 3188,91,98,0.0
[2026-05-10 16:58:04.150] HR=101 SpO2=97 (raw:100/97 valid:1/1 sqi:1)
[2026-05-10 16:58:04.169] [GetTemp--2147478764]:i2c write failed
[2026-05-10 16:58:04.169] 3189,91,97,0.0
[2026-05-10 16:58:04.477] [GetTemp--2147478764]:i2c write failed
[2026-05-10 16:58:04.478] 3190,91,97,0.0
[2026-05-10 16:58:04.571] [GetTemp--2147478764]:i2c write failed
[2026-05-10 16:58:04.572] 3191,91,97,0.0
[2026-05-10 16:58:04.677] [GetTemp--2147478764]:i2c write failed
[2026-05-10 16:58:04.678] 3192,91,97,0.0
[2026-05-10 16:58:04.780] [GetTemp--2147478764]:i2c write failed
[2026-05-10 16:58:04.781] 3193,91,97,0.0
[2026-05-10 16:58:04.876] [GetTemp--2147478764]:i2c write failed
[2026-05-10 16:58:04.878] 3194,91,97,0.0
[2026-05-10 16:58:05.177] [GetTemp--2147478764]:i2c write failed
[2026-05-10 16:58:05.182] 3195,91,97,0.0
[2026-05-10 16:58:05.242] HR=101 SpO2=97 (raw:98/98 valid:1/1 sqi:1)
[2026-05-10 16:58:05.276] [GetTemp--2147478764]:i2c write failed
[2026-05-10 16:58:05.280] 3196,91,97,0.0
[2026-05-10 16:58:05.377] [GetTemp--2147478764]:i2c write failed
[2026-05-10 16:58:05.380] 3197,91,97,0.0
[2026-05-10 16:58:05.481] [GetTemp--2147478764]:i2c write failed
[2026-05-10 16:58:05.482] 3198,91,97,0.0
[2026-05-10 16:58:05.589] [GetTemp--2147478764]:i2c write failed
[2026-05-10 16:58:05.590] 3199,91,97,0.0
[2026-05-10 16:58:05.889] [GetTemp--2147478764]:i2c write failed
[2026-05-10 16:58:05.892] 3200,91,97,0.0
[2026-05-10 16:58:05.990] [GetTemp--2147478764]:i2c write failed
[2026-05-10 16:58:05.991] 3201,91,97,0.0
[2026-05-10 16:58:06.094] [GetTemp--2147478764]:i2c write failed
[2026-05-10 16:58:06.096] 3202,91,97,0.0
[2026-05-10 16:58:06.190] [GetTemp--2147478764]:i2c write failed
[2026-05-10 16:58:06.192] 3203,91,97,0.0
[2026-05-10 16:58:06.284] HR=100 SpO2=97 (raw:98/97 valid:1/1 sqi:1)
[2026-05-10 16:58:06.289] [GetTemp--2147478764]:i2c write failed
[2026-05-10 16:58:06.291] 3204,90,97,0.0
[2026-05-10 16:58:06.607] [GetTemp--2147478764]:i2c write failed
[2026-05-10 16:58:06.608] 3205,90,97,0.0
[2026-05-10 16:58:06.701] [GetTemp--2147478764]:i2c write failed
[2026-05-10 16:58:06.702] 3206,90,97,0.0
[2026-05-10 16:58:06.798] [GetTemp--2147478764]:i2c write failed
[2026-05-10 16:58:06.802] 3207,90,97,0.0
[2026-05-10 16:58:06.898] [GetTemp--2147478764]:i2c write failed
[2026-05-10 16:58:06.903] 3208,90,97,0.0
[2026-05-10 16:58:06.998] [GetTemp--2147478764]:i2c write failed
[2026-05-10 16:58:07.004] 3209,90,97,0.0
[2026-05-10 16:58:07.322] [GetTemp--2147478764]:i2c write failed
[2026-05-10 16:58:07.325] 3210,90,97,0.0
[2026-05-10 16:58:07.416] [GetTemp--2147478764]:i2c write failed
[2026-05-10 16:58:07.417] 3211,90,97,0.0
[2026-05-10 16:58:07.510] [GetTemp--2147478764]:i2c write failed
[2026-05-10 16:58:07.512] 3212,90,97,0.0
[2026-05-10 16:58:07.541] HR=98 SpO2=97 (raw:98/97 valid:1/1 sqi:1)
[2026-05-10 16:58:07.619] [GetTemp--2147478764]:i2c write failed
[2026-05-10 16:58:07.621] 3213,88,97,0.0
[2026-05-10 16:58:07.711] [GetTemp--2147478764]:i2c write failed
[2026-05-10 16:58:07.711] 3214,88,97,0.0
[2026-05-10 16:58:08.026] [GetTemp--2147478764]:i2c write failed
[2026-05-10 16:58:08.026] 3215,88,97,0.0
[2026-05-10 16:58:08.130] [GetTemp--2147478764]:i2c write failed
[2026-05-10 16:58:08.133] 3216,88,97,0.0
[2026-05-10 16:58:08.227] [GetTemp--2147478764]:i2c write failed
[2026-05-10 16:58:08.230] 3217,88,97,0.0
[2026-05-10 16:58:08.327] [GetTemp--2147478764]:i2c write failed
[2026-05-10 16:58:08.329] 3218,88,97,0.0
[2026-05-10 16:58:08.429] [GetTemp--2147478764]:i2c write failed
[2026-05-10 16:58:08.430] 3219,88,97,0.0
[2026-05-10 16:58:08.650] HR=98 SpO2=97 (raw:109/99 valid:1/1 sqi:1)
[2026-05-10 16:58:08.727] [GetTemp--2147478764]:i2c write failed
[2026-05-10 16:58:08.735] 3220,88,97,0.0
[2026-05-10 16:58:08.832] [GetTemp--2147478764]:i2c write failed
[2026-05-10 16:58:08.834] 3221,88,97,0.0
[2026-05-10 16:58:08.932] [GetTemp--2147478764]:i2c write failed
[2026-05-10 16:58:08.935] 3222,88,97,0.0
[2026-05-10 16:58:09.032] [GetTemp--2147478764]:i2c write failed
[2026-05-10 16:58:09.033] 3223,88,97,0.0
[2026-05-10 16:58:09.132] [GetTemp--2147478764]:i2c write failed
[2026-05-10 16:58:09.135] 3224,88,97,0.0
[2026-05-10 16:58:09.442] [GetTemp--2147478764]:i2c write failed
[2026-05-10 16:58:09.444] 3225,88,97,0.0
[2026-05-10 16:58:09.552] [GetTemp--2147478764]:i2c write failed
[2026-05-10 16:58:09.554] 3226,88,97,0.0
[2026-05-10 16:58:09.646] [GetTemp--2147478764]:i2c write failed
[2026-05-10 16:58:09.648] 3227,88,97,0.0
[2026-05-10 16:58:09.661] HR=98 SpO2=98 (raw:100/100 valid:1/1 sqi:1)
[2026-05-10 16:58:09.740] [GetTemp--2147478764]:i2c write failed
[2026-05-10 16:58:09.743] 3228,88,98,0.0
[2026-05-10 16:58:09.840] [GetTemp--2147478764]:i2c write failed
[2026-05-10 16:58:09.843] 3229,88,98,0.0
[2026-05-10 16:58:10.149] [GetTemp--2147478764]:i2c write failed
[2026-05-10 16:58:10.150] 3230,88,98,0.0
[2026-05-10 16:58:10.249] [GetTemp--2147478764]:i2c write failed
[2026-05-10 16:58:10.251] 3231,88,98,0.0
[2026-05-10 16:58:10.355] [GetTemp--2147478764]:i2c write failed
[2026-05-10 16:58:10.359] 3232,88,98,0.0
[2026-05-10 16:58:10.450] [GetTemp--2147478764]:i2c write failed
[2026-05-10 16:58:10.452] 3233,88,98,0.0
[2026-05-10 16:58:10.559] [GetTemp--2147478764]:i2c write failed
[2026-05-10 16:58:10.562] 3234,88,98,0.0
[2026-05-10 16:58:10.778] HR=98 SpO2=97 (raw:60/97 valid:1/1 sqi:1)
[2026-05-10 16:58:10.858] [GetTemp--2147478764]:i2c write failed
[2026-05-10 16:58:10.865] 3235,88,97,0.0
[2026-05-10 16:58:10.958] [GetTemp--2147478764]:i2c write failed
[2026-05-10 16:58:10.962] 3236,88,97,0.0
[2026-05-10 16:58:11.058] [GetTemp--2147478764]:i2c write failed
[2026-05-10 16:58:11.065] 3237,88,97,0.0
[2026-05-10 16:58:11.161] [GetTemp--2147478764]:i2c write failed
[2026-05-10 16:58:11.162] 3238,88,97,0.0
[2026-05-10 16:58:11.270] [GetTemp--2147478764]:i2c write failed
[2026-05-10 16:58:11.272] 3239,88,97,0.0
[2026-05-10 16:58:11.576] [GetTemp--2147478764]:i2c write failed
[2026-05-10 16:58:11.578] 3240,88,97,0.0
[2026-05-10 16:58:11.669] [GetTemp--2147478764]:i2c write failed
[2026-05-10 16:58:11.671] 3241,88,97,0.0
[2026-05-10 16:58:11.770] [GetTemp--2147478764]:i2c write failed
[2026-05-10 16:58:11.771] 3242,88,97,0.0
[2026-05-10 16:58:11.869] [GetTemp--2147478764]:i2c write failed
[2026-05-10 16:58:11.871] 3243,88,97,0.0
[2026-05-10 16:58:11.957] HR=98 SpO2=97 (raw:51/97 valid:1/1 sqi:1)
[2026-05-10 16:58:11.966] [GetTemp--2147478764]:i2c write failed
[2026-05-10 16:58:11.970] 3244,88,97,0.0
[2026-05-10 16:58:12.287] [GetTemp--2147478764]:i2c write failed
[2026-05-10 16:58:12.287] 3245,88,97,0.0
[2026-05-10 16:58:12.386] [GetTemp--2147478764]:i2c write failed
[2026-05-10 16:58:12.390] 3246,88,97,0.0
[2026-05-10 16:58:12.481] [GetTemp--2147478764]:i2c write failed
[2026-05-10 16:58:12.484] 3247,88,97,0.0
[2026-05-10 16:58:12.591] [GetTemp--2147478764]:i2c write failed
[2026-05-10 16:58:12.593] 3248,88,97,0.0
[2026-05-10 16:58:12.678] [GetTemp--2147478764]:i2c write failed
[2026-05-10 16:58:12.682] 3249,88,97,0.0
[2026-05-10 16:58:12.991] [GetTemp--2147478764]:i2c write failed
[2026-05-10 16:58:12.994] 3250,88,97,0.0
[2026-05-10 16:58:13.057] HR=92 SpO2=97 (raw:92/97 valid:1/1 sqi:1)
[2026-05-10 16:58:13.087] [GetTemp--2147478764]:i2c write failed
[2026-05-10 16:58:13.090] 3251,82,97,0.0
[2026-05-10 16:58:13.190] [GetTemp--2147478764]:i2c write failed
[2026-05-10 16:58:13.193] 3252,82,97,0.0
[2026-05-10 16:58:13.291] [GetTemp--2147478764]:i2c write failed
[2026-05-10 16:58:13.291] 3253,82,97,0.0
[2026-05-10 16:58:13.390] [GetTemp--2147478764]:i2c write failed
[2026-05-10 16:58:13.392] 3254,82,97,0.0
[2026-05-10 16:58:13.708] [GetTemp--2147478764]:i2c write failed
[2026-05-10 16:58:13.708] 3255,82,97,0.0
[2026-05-10 16:58:13.798] [GetTemp--2147478764]:i2c write failed
[2026-05-10 16:58:13.800] 3256,82,97,0.0
[2026-05-10 16:58:13.898] [GetTemp--2147478764]:i2c write failed
[2026-05-10 16:58:13.903] 3257,82,97,0.0
[2026-05-10 16:58:14.003] [GetTemp--2147478764]:i2c write failed
[2026-05-10 16:58:14.003] 3258,82,97,0.0
[2026-05-10 16:58:14.094] HR=83 SpO2=97 (raw:80/99 valid:1/1 sqi:1)
[2026-05-10 16:58:14.098] [GetTemp--2147478764]:i2c write failed
[2026-05-10 16:58:14.100] 3259,73,97,0.0
[2026-05-10 16:58:14.422] [GetTemp--2147478764]:i2c write failed
[2026-05-10 16:58:14.422] 3260,73,97,0.0
[2026-05-10 16:58:14.517] [GetTemp--2147478764]:i2c write failed
[2026-05-10 16:58:14.517] 3261,73,97,0.0
[2026-05-10 16:58:14.613] [GetTemp--2147478764]:i2c write failed
[2026-05-10 16:58:14.614] 3262,73,97,0.0
[2026-05-10 16:58:14.711] [GetTemp--2147478764]:i2c write failed
[2026-05-10 16:58:14.712] 3263,73,97,0.0
[2026-05-10 16:58:14.807] [GetTemp--2147478764]:i2c write failed
[2026-05-10 16:58:14.815] 3264,73,97,0.0
[2026-05-10 16:58:15.127] [GetTemp--2147478764]:i2c write failed
[2026-05-10 16:58:15.128] 3265,73,97,0.0
[2026-05-10 16:58:15.187] HR=83 SpO2=97 (raw:96/98 valid:1/1 sqi:1)
[2026-05-10 16:58:15.215] [GetTemp--2147478764]:i2c write failed
[2026-05-10 16:58:15.220] 3266,73,97,0.0
[2026-05-10 16:58:15.319] [GetTemp--2147478764]:i2c write failed
[2026-05-10 16:58:15.321] 3267,73,97,0.0
[2026-05-10 16:58:15.422] [GetTemp--2147478764]:i2c write failed
[2026-05-10 16:58:15.422] 3268,73,97,0.0
[2026-05-10 16:58:15.519] [GetTemp--2147478764]:i2c write failed
[2026-05-10 16:58:15.520] 3269,73,97,0.0
[2026-05-10 16:58:15.827] [GetTemp--2147478764]:i2c write failed
[2026-05-10 16:58:15.830] 3270,73,97,0.0
[2026-05-10 16:58:15.927] [GetTemp--2147478764]:i2c write failed
[2026-05-10 16:58:15.935] 3271,73,97,0.0
[2026-05-10 16:58:16.030] [GetTemp--2147478764]:i2c write failed
[2026-05-10 16:58:16.032] 3272,73,97,0.0
[2026-05-10 16:58:16.138] [GetTemp--2147478764]:i2c write failed
[2026-05-10 16:58:16.140] 3273,73,97,0.0
[2026-05-10 16:58:16.232] [GetTemp--2147478764]:i2c write failed
[2026-05-10 16:58:16.238] 3274,73,97,0.0
[2026-05-10 16:58:16.461] HR=92 SpO2=98 (raw:96/98 valid:1/1 sqi:1)
[2026-05-10 16:58:16.539] [GetTemp--2147478764]:i2c write failed
[2026-05-10 16:58:16.540] 3275,82,98,0.0
[2026-05-10 16:58:16.640] [GetTemp--2147478764]:i2c write failed
[2026-05-10 16:58:16.641] 3276,82,98,0.0
[2026-05-10 16:58:16.739] [GetTemp--2147478764]:i2c write failed
[2026-05-10 16:58:16.741] 3277,82,98,0.0
[2026-05-10 16:58:16.844] [GetTemp--2147478764]:i2c write failed
[2026-05-10 16:58:16.849] 3278,82,98,0.0
[2026-05-10 16:58:16.940] [GetTemp--2147478764]:i2c write failed
[2026-05-10 16:58:16.941] 3279,82,98,0.0
[2026-05-10 16:58:17.253] [GetTemp--2147478764]:i2c write failed
[2026-05-10 16:58:17.254] 3280,82,98,0.0
[2026-05-10 16:58:17.356] [GetTemp--2147478764]:i2c write failed
[2026-05-10 16:58:17.358] 3281,82,98,0.0
[2026-05-10 16:58:17.447] [GetTemp--2147478764]:i2c write failed
[2026-05-10 16:58:17.451] 3282,82,98,0.0
[2026-05-10 16:58:17.469] HR=96 SpO2=98 (raw:96/97 valid:1/1 sqi:1)
[2026-05-10 16:58:17.548] [GetTemp--2147478764]:i2c write failed
[2026-05-10 16:58:17.555] 3283,86,98,0.0
[2026-05-10 16:58:17.659] [GetTemp--2147478764]:i2c write failed
[2026-05-10 16:58:17.660] 3284,86,98,0.0
[2026-05-10 16:58:17.964] [GetTemp--2147478764]:i2c write failed
[2026-05-10 16:58:17.966] 3285,86,98,0.0
[2026-05-10 16:58:18.065] [GetTemp--2147478764]:i2c write failed
[2026-05-10 16:58:18.067] 3286,86,98,0.0
[2026-05-10 16:58:18.165] [GetTemp--2147478764]:i2c write failed
[2026-05-10 16:58:18.168] 3287,86,98,0.0
[2026-05-10 16:58:18.257] [GetTemp--2147478764]:i2c write failed
[2026-05-10 16:58:18.261] 3288,86,98,0.0
[2026-05-10 16:58:18.361] [GetTemp--2147478764]:i2c write failed
[2026-05-10 16:58:18.364] 3289,86,98,0.0
[2026-05-10 16:58:18.598] HR=96 SpO2=98 (raw:95/97 valid:1/1 sqi:1)
[2026-05-10 16:58:18.670] [GetTemp--2147478764]:i2c write failed
[2026-05-10 16:58:18.670] 3290,86,98,0.0
[2026-05-10 16:58:18.774] [GetTemp--2147478764]:i2c write failed
[2026-05-10 16:58:18.774] 3291,86,98,0.0
[2026-05-10 16:58:18.873] [GetTemp--2147478764]:i2c write failed
[2026-05-10 16:58:18.873] 3292,86,98,0.0
[2026-05-10 16:58:18.979] [GetTemp--2147478764]:i2c write failed
[2026-05-10 16:58:18.981] 3293,86,98,0.0
[2026-05-10 16:58:19.068] [GetTemp--2147478764]:i2c write failed
[2026-05-10 16:58:19.070] 3294,86,98,0.0
[2026-05-10 16:58:19.378] [GetTemp--2147478764]:i2c write failed
[2026-05-10 16:58:19.381] 3295,86,98,0.0
[2026-05-10 16:58:19.486] [GetTemp--2147478764]:i2c write failed
[2026-05-10 16:58:19.487] 3296,86,98,0.0
[2026-05-10 16:58:19.583] [GetTemp--2147478764]:i2c write failed
[2026-05-10 16:58:19.584] 3297,86,98,0.0
[2026-05-10 16:58:19.604] HR=96 SpO2=97 (raw:95/97 valid:1/1 sqi:1)
[2026-05-10 16:58:19.682] [GetTemp--2147478764]:i2c write failed
[2026-05-10 16:58:19.684] 3298,86,97,0.0
[2026-05-10 16:58:19.784] [GetTemp--2147478764]:i2c write failed
[2026-05-10 16:58:19.786] 3299,86,97,0.0
[2026-05-10 16:58:20.090] [GetTemp--2147478764]:i2c write failed
[2026-05-10 16:58:20.090] 3300,86,97,0.0
[2026-05-10 16:58:20.201] [GetTemp--2147478764]:i2c write failed
[2026-05-10 16:58:20.202] 3301,86,97,0.0
[2026-05-10 16:58:20.301] [GetTemp--2147478764]:i2c write failed
[2026-05-10 16:58:20.303] 3302,86,97,0.0
[2026-05-10 16:58:20.392] [GetTemp--2147478764]:i2c write failed
[2026-05-10 16:58:20.393] 3303,86,97,0.0
[2026-05-10 16:58:20.491] [GetTemp--2147478764]:i2c write failed
[2026-05-10 16:58:20.492] 3304,86,97,0.0
[2026-05-10 16:58:20.799] [GetTemp--2147478764]:i2c write failed
[2026-05-10 16:58:20.802] 3305,86,97,0.0
[2026-05-10 16:58:20.869] HR=95 SpO2=97 (raw:93/98 valid:1/1 sqi:1)
[2026-05-10 16:58:20.898] [GetTemp--2147478764]:i2c write failed
[2026-05-10 16:58:20.899] 3306,85,97,0.0
[2026-05-10 16:58:21.003] [GetTemp--2147478764]:i2c write failed
[2026-05-10 16:58:21.004] 3307,85,97,0.0
[2026-05-10 16:58:21.098] [GetTemp--2147478764]:i2c write failed
[2026-05-10 16:58:21.100] 3308,85,97,0.0
[2026-05-10 16:58:21.202] [GetTemp--2147478764]:i2c write failed
[2026-05-10 16:58:21.202] 3309,85,97,0.0
[2026-05-10 16:58:21.514] [GetTemp--2147478764]:i2c write failed
[2026-05-10 16:58:21.514] 3310,85,97,0.0
[2026-05-10 16:58:21.607] [GetTemp--2147478764]:i2c write failed
[2026-05-10 16:58:21.610] 3311,85,97,0.0
[2026-05-10 16:58:21.709] [GetTemp--2147478764]:i2c write failed
[2026-05-10 16:58:21.719] 3312,85,97,0.0
[2026-05-10 16:58:21.810] [GetTemp--2147478764]:i2c write failed
[2026-05-10 16:58:21.811] 3313,85,97,0.0
[2026-05-10 16:58:21.903] HR=95 SpO2=97 (raw:89/97 valid:1/1 sqi:1)
[2026-05-10 16:58:21.907] [GetTemp--2147478764]:i2c write failed
[2026-05-10 16:58:21.911] 3314,85,97,0.0
[2026-05-10 16:58:22.227] [GetTemp--2147478764]:i2c write failed
[2026-05-10 16:58:22.228] 3315,85,97,0.0
[2026-05-10 16:58:22.327] [GetTemp--2147478764]:i2c write failed
[2026-05-10 16:58:22.329] 3316,85,97,0.0
[2026-05-10 16:58:22.429] [GetTemp--2147478764]:i2c write failed
[2026-05-10 16:58:22.430] 3317,85,97,0.0
[2026-05-10 16:58:22.519] [GetTemp--2147478764]:i2c write failed
[2026-05-10 16:58:22.523] 3318,85,97,0.0
[2026-05-10 16:58:22.631] [GetTemp--2147478764]:i2c write failed
[2026-05-10 16:58:22.633] 3319,85,97,0.0
[2026-05-10 16:58:22.935] [GetTemp--2147478764]:i2c write failed
[2026-05-10 16:58:22.937] 3320,85,97,0.0
[2026-05-10 16:58:22.998] HR=93 SpO2=97 (raw:92/97 valid:1/1 sqi:1)
[2026-05-10 16:58:23.027] [GetTemp--2147478764]:i2c write failed
[2026-05-10 16:58:23.031] 3321,83,97,0.0
[2026-05-10 16:58:23.133] [GetTemp--2147478764]:i2c write failed
[2026-05-10 16:58:23.135] 3322,83,97,0.0
[2026-05-10 16:58:23.241] [GetTemp--2147478764]:i2c write failed
[2026-05-10 16:58:23.241] 3323,83,97,0.0
[2026-05-10 16:58:23.329] [GetTemp--2147478764]:i2c write failed
[2026-05-10 16:58:23.331] 3324,83,97,0.0
[2026-05-10 16:58:23.644] [GetTemp--2147478764]:i2c write failed
[2026-05-10 16:58:23.646] 3325,83,97,0.0
[2026-05-10 16:58:23.738] [GetTemp--2147478764]:i2c write failed
[2026-05-10 16:58:23.744] 3326,83,97,0.0
[2026-05-10 16:58:23.837] [GetTemp--2147478764]:i2c write failed
[2026-05-10 16:58:23.841] 3327,83,97,0.0
[2026-05-10 16:58:23.952] [GetTemp--2147478764]:i2c write failed
[2026-05-10 16:58:23.954] 3328,83,97,0.0
[2026-05-10 16:58:24.035] HR=93 SpO2=97 (raw:93/97 valid:1/1 sqi:1)
[2026-05-10 16:58:24.038] [GetTemp--2147478764]:i2c write failed
[2026-05-10 16:58:24.040] 3329,83,97,0.0
[2026-05-10 16:58:24.352] [GetTemp--2147478764]:i2c write failed
[2026-05-10 16:58:24.354] 3330,83,97,0.0
[2026-05-10 16:58:24.448] [GetTemp--2147478764]:i2c write failed
[2026-05-10 16:58:24.452] 3331,83,97,0.0
[2026-05-10 16:58:24.553] [GetTemp--2147478764]:i2c write failed
[2026-05-10 16:58:24.558] 3332,83,97,0.0
[2026-05-10 16:58:24.648] [GetTemp--2147478764]:i2c write failed
[2026-05-10 16:58:24.652] 3333,83,97,0.0
[2026-05-10 16:58:24.752] [GetTemp--2147478764]:i2c write failed
[2026-05-10 16:58:24.753] 3334,83,97,0.0
[2026-05-10 16:58:25.060] [GetTemp--2147478764]:i2c write failed
[2026-05-10 16:58:25.063] 3335,83,97,0.0
[2026-05-10 16:58:25.161] [GetTemp--2147478764]:i2c write failed
[2026-05-10 16:58:25.162] 3336,83,97,0.0
[2026-05-10 16:58:25.260] [GetTemp--2147478764]:i2c write failed
[2026-05-10 16:58:25.261] 3337,83,97,0.0
[2026-05-10 16:58:25.280] HR=93 SpO2=97 (raw:96/97 valid:1/1 sqi:1)
[2026-05-10 16:58:25.360] [GetTemp--2147478764]:i2c write failed
[2026-05-10 16:58:25.362] 3338,83,97,0.0
[2026-05-10 16:58:25.462] [GetTemp--2147478764]:i2c write failed
[2026-05-10 16:58:25.463] 3339,83,97,0.0
[2026-05-10 16:58:25.769] [GetTemp--2147478764]:i2c write failed
[2026-05-10 16:58:25.769] 3340,83,97,0.0
[2026-05-10 16:58:25.873] [GetTemp--2147478764]:i2c write failed
[2026-05-10 16:58:25.874] 3341,83,97,0.0
[2026-05-10 16:58:25.973] [GetTemp--2147478764]:i2c write failed
[2026-05-10 16:58:25.974] 3342,83,97,0.0
[2026-05-10 16:58:26.069] [GetTemp--2147478764]:i2c write failed
[2026-05-10 16:58:26.073] 3343,83,97,0.0
[2026-05-10 16:58:26.173] [GetTemp--2147478764]:i2c write failed
[2026-05-10 16:58:26.175] 3344,83,97,0.0
[2026-05-10 16:58:26.404] HR=93 SpO2=97 (raw:96/97 valid:1/1 sqi:1)
[2026-05-10 16:58:26.481] [GetTemp--2147478764]:i2c write failed
[2026-05-10 16:58:26.482] 3345,83,97,0.0
[2026-05-10 16:58:26.579] [GetTemp--2147478764]:i2c write failed
[2026-05-10 16:58:26.582] 3346,83,97,0.0
[2026-05-10 16:58:26.682] [GetTemp--2147478764]:i2c write failed
[2026-05-10 16:58:26.683] 3347,83,97,0.0
[2026-05-10 16:58:26.782] [GetTemp--2147478764]:i2c write failed
[2026-05-10 16:58:26.783] 3348,83,97,0.0
[2026-05-10 16:58:26.877] [GetTemp--2147478764]:i2c write failed
[2026-05-10 16:58:26.885] 3349,83,97,0.0
[2026-05-10 16:58:27.194] [GetTemp--2147478764]:i2c write failed
[2026-05-10 16:58:27.194] 3350,83,97,0.0
[2026-05-10 16:58:27.295] [GetTemp--2147478764]:i2c write failed
[2026-05-10 16:58:27.295] 3351,83,97,0.0
[2026-05-10 16:58:27.394] [GetTemp--2147478764]:i2c write failed
[2026-05-10 16:58:27.396] 3352,83,97,0.0
[2026-05-10 16:58:27.412] HR=96 SpO2=97 (raw:107/97 valid:1/1 sqi:1)
[2026-05-10 16:58:27.500] [GetTemp--2147478764]:i2c write failed
[2026-05-10 16:58:27.501] 3353,86,97,0.0
[2026-05-10 16:58:27.597] [GetTemp--2147478764]:i2c write failed
[2026-05-10 16:58:27.599] 3354,86,97,0.0
[2026-05-10 16:58:27.908] [GetTemp--2147478764]:i2c write failed
[2026-05-10 16:58:27.909] 3355,86,97,0.0
[2026-05-10 16:58:28.009] [GetTemp--2147478764]:i2c write failed
[2026-05-10 16:58:28.011] 3356,86,97,0.0
[2026-05-10 16:58:28.102] [GetTemp--2147478764]:i2c write failed
[2026-05-10 16:58:28.103] 3357,86,97,0.0
[2026-05-10 16:58:28.198] [GetTemp--2147478764]:i2c write failed
[2026-05-10 16:58:28.214] 3358,86,97,0.0
[2026-05-10 16:58:28.299] [GetTemp--2147478764]:i2c write failed
[2026-05-10 16:58:28.303] 3359,86,97,0.0
[2026-05-10 16:58:28.540] HR=96 SpO2=97 (raw:109/97 valid:1/1 sqi:1)
[2026-05-10 16:58:28.613] [GetTemp--2147478764]:i2c write failed
[2026-05-10 16:58:28.615] 3360,86,97,0.0
[2026-05-10 16:58:28.711] [GetTemp--2147478764]:i2c write failed
[2026-05-10 16:58:28.713] 3361,86,97,0.0
[2026-05-10 16:58:28.812] [GetTemp--2147478764]:i2c write failed
[2026-05-10 16:58:28.813] 3362,86,97,0.0
[2026-05-10 16:58:28.919] [GetTemp--2147478764]:i2c write failed
[2026-05-10 16:58:28.919] 3363,86,97,0.0
[2026-05-10 16:58:29.016] [GetTemp--2147478764]:i2c write failed
[2026-05-10 16:58:29.017] 3364,86,97,0.0
[2026-05-10 16:58:29.324] [GetTemp--2147478764]:i2c write failed
[2026-05-10 16:58:29.324] 3365,86,97,0.0
[2026-05-10 16:58:29.419] [GetTemp--2147478764]:i2c write failed
[2026-05-10 16:58:29.420] 3366,86,97,0.0
[2026-05-10 16:58:29.525] [GetTemp--2147478764]:i2c write failed
[2026-05-10 16:58:29.525] 3367,86,97,0.0
[2026-05-10 16:58:29.624] [GetTemp--2147478764]:i2c write failed
[2026-05-10 16:58:29.624] 3368,86,97,0.0
[2026-05-10 16:58:29.707] HR=107 SpO2=97 (raw:107/97 valid:1/1 sqi:1)
[2026-05-10 16:58:29.715] [GetTemp--2147478764]:i2c write failed
[2026-05-10 16:58:29.720] 3369,97,97,0.0
[2026-05-10 16:58:30.037] [GetTemp--2147478764]:i2c write failed
[2026-05-10 16:58:30.038] 3370,97,97,0.0
[2026-05-10 16:58:30.136] [GetTemp--2147478764]:i2c write failed
[2026-05-10 16:58:30.138] 3371,97,97,0.0
[2026-05-10 16:58:30.227] [GetTemp--2147478764]:i2c write failed
[2026-05-10 16:58:30.240] 3372,97,97,0.0
[2026-05-10 16:58:30.329] [GetTemp--2147478764]:i2c write failed
[2026-05-10 16:58:30.331] 3373,97,97,0.0
[2026-05-10 16:58:30.432] [GetTemp--2147478764]:i2c write failed
[2026-05-10 16:58:30.434] 3374,97,97,0.0
[2026-05-10 16:58:30.741] [GetTemp--2147478764]:i2c write failed
[2026-05-10 16:58:30.743] 3375,97,97,0.0
[2026-05-10 16:58:30.807] HR=107 SpO2=97 (raw:109/98 valid:1/1 sqi:1)
[2026-05-10 16:58:30.837] [GetTemp--2147478764]:i2c write failed
[2026-05-10 16:58:30.840] 3376,97,97,0.0
[2026-05-10 16:58:30.946] [GetTemp--2147478764]:i2c write failed
[2026-05-10 16:58:30.948] 3377,97,97,0.0
[2026-05-10 16:58:31.042] [GetTemp--2147478764]:i2c write failed
[2026-05-10 16:58:31.043] 3378,97,97,0.0
[2026-05-10 16:58:31.141] [GetTemp--2147478764]:i2c write failed
[2026-05-10 16:58:31.143] 3379,97,97,0.0
[2026-05-10 16:58:31.454] [GetTemp--2147478764]:i2c write failed
[2026-05-10 16:58:31.455] 3380,97,97,0.0
[2026-05-10 16:58:31.550] [GetTemp--2147478764]:i2c write failed
[2026-05-10 16:58:31.552] 3381,97,97,0.0
[2026-05-10 16:58:31.649] [GetTemp--2147478764]:i2c write failed
[2026-05-10 16:58:31.650] 3382,97,97,0.0
[2026-05-10 16:58:31.748] [GetTemp--2147478764]:i2c write failed
[2026-05-10 16:58:31.750] 3383,97,97,0.0
[2026-05-10 16:58:31.848] HR=109 SpO2=97 (raw:109/97 valid:1/1 sqi:1)
[2026-05-10 16:58:31.848] [GetTemp--2147478764]:i2c write failed
[2026-05-10 16:58:31.851] 3384,99,97,0.0
[2026-05-10 16:58:32.157] [GetTemp--2147478764]:i2c write failed
[2026-05-10 16:58:32.160] 3385,99,97,0.0
[2026-05-10 16:58:32.258] [GetTemp--2147478764]:i2c write failed
[2026-05-10 16:58:32.261] 3386,99,97,0.0
[2026-05-10 16:58:32.358] [GetTemp--2147478764]:i2c write failed
[2026-05-10 16:58:32.362] 3387,99,97,0.0
[2026-05-10 16:58:32.457] [GetTemp--2147478764]:i2c write failed
[2026-05-10 16:58:32.461] 3388,99,97,0.0
[2026-05-10 16:58:32.561] [GetTemp--2147478764]:i2c write failed
[2026-05-10 16:58:32.561] 3389,99,97,0.0
[2026-05-10 16:58:32.799] HR=109 SpO2=97 (raw:95/97 valid:1/1 sqi:1)
[2026-05-10 16:58:32.871] [GetTemp--2147478764]:i2c write failed
[2026-05-10 16:58:32.872] 3390,99,97,0.0
[2026-05-10 16:58:32.969] [GetTemp--2147478764]:i2c write failed
[2026-05-10 16:58:32.971] 3391,99,97,0.0
[2026-05-10 16:58:33.071] [GetTemp--2147478764]:i2c write failed
[2026-05-10 16:58:33.072] 3392,99,97,0.0
[2026-05-10 16:58:33.174] [GetTemp--2147478764]:i2c write failed
[2026-05-10 16:58:33.174] 3393,99,97,0.0
[2026-05-10 16:58:33.271] [GetTemp--2147478764]:i2c write failed
[2026-05-10 16:58:33.274] 3394,99,97,0.0
[2026-05-10 16:58:33.578] [GetTemp--2147478764]:i2c write failed
[2026-05-10 16:58:33.582] 3395,99,97,0.0
[2026-05-10 16:58:33.681] [GetTemp--2147478764]:i2c write failed
[2026-05-10 16:58:33.684] 3396,99,97,0.0
[2026-05-10 16:58:33.777] [GetTemp--2147478764]:i2c write failed
[2026-05-10 16:58:33.780] 3397,99,97,0.0
[2026-05-10 16:58:33.886] [GetTemp--2147478764]:i2c write failed
[2026-05-10 16:58:33.886] 3398,99,97,0.0
[2026-05-10 16:58:33.978] [GetTemp--2147478764]:i2c write failed
[2026-05-10 16:58:33.983] 3399,99,97,0.0
[2026-05-10 16:58:34.211] HR=107 SpO2=97 (raw:96/97 valid:1/1 sqi:1)
[2026-05-10 16:58:34.291] [GetTemp--2147478764]:i2c write failed
[2026-05-10 16:58:34.291] 3400,97,97,0.0
[2026-05-10 16:58:34.402] [GetTemp--2147478764]:i2c write failed
[2026-05-10 16:58:34.402] 3401,97,97,0.0
[2026-05-10 16:58:34.495] [GetTemp--2147478764]:i2c write failed
[2026-05-10 16:58:34.499] 3402,97,97,0.0
[2026-05-10 16:58:34.591] [GetTemp--2147478764]:i2c write failed
[2026-05-10 16:58:34.595] 3403,97,97,0.0
[2026-05-10 16:58:34.695] [GetTemp--2147478764]:i2c write failed
[2026-05-10 16:58:34.698] 3404,97,97,0.0
[2026-05-10 16:58:34.998] [GetTemp--2147478764]:i2c write failed
[2026-05-10 16:58:35.000] 3405,97,97,0.0
[2026-05-10 16:58:35.098] [GetTemp--2147478764]:i2c write failed
[2026-05-10 16:58:35.101] 3406,97,97,0.0
[2026-05-10 16:58:35.198] [GetTemp--2147478764]:i2c write failed
[2026-05-10 16:58:35.200] 3407,97,97,0.0
[2026-05-10 16:58:35.232] HR=101 SpO2=97 (raw:101/98 valid:1/1 sqi:1)
[2026-05-10 16:58:35.299] [GetTemp--2147478764]:i2c write failed
[2026-05-10 16:58:35.300] 3408,91,97,0.0
[2026-05-10 16:58:35.398] [GetTemp--2147478764]:i2c write failed
[2026-05-10 16:58:35.401] 3409,91,97,0.0
[2026-05-10 16:58:35.708] [GetTemp--2147478764]:i2c write failed
[2026-05-10 16:58:35.717] 3410,91,97,0.0
[2026-05-10 16:58:35.811] [GetTemp--2147478764]:i2c write failed
[2026-05-10 16:58:35.812] 3411,91,97,0.0
[2026-05-10 16:58:35.907] [GetTemp--2147478764]:i2c write failed
[2026-05-10 16:58:35.910] 3412,91,97,0.0
[2026-05-10 16:58:36.011] [GetTemp--2147478764]:i2c write failed
[2026-05-10 16:58:36.011] 3413,91,97,0.0
[2026-05-10 16:58:36.115] [GetTemp--2147478764]:i2c write failed
[2026-05-10 16:58:36.116] 3414,91,97,0.0
[2026-05-10 16:58:36.340] HR=101 SpO2=97 (raw:107/99 valid:1/1 sqi:1)
[2026-05-10 16:58:36.419] [GetTemp--2147478764]:i2c write failed
[2026-05-10 16:58:36.419] 3415,91,97,0.0
[2026-05-10 16:58:36.519] [GetTemp--2147478764]:i2c write failed
[2026-05-10 16:58:36.521] 3416,91,97,0.0
[2026-05-10 16:58:36.619] [GetTemp--2147478764]:i2c write failed
[2026-05-10 16:58:36.619] 3417,91,97,0.0
[2026-05-10 16:58:36.719] [GetTemp--2147478764]:i2c write failed
[2026-05-10 16:58:36.720] 3418,91,97,0.0
[2026-05-10 16:58:36.820] [GetTemp--2147478764]:i2c write failed
[2026-05-10 16:58:36.821] 3419,91,97,0.0
[2026-05-10 16:58:37.128] [GetTemp--2147478764]:i2c write failed
[2026-05-10 16:58:37.130] 3420,91,97,0.0
[2026-05-10 16:58:37.232] [GetTemp--2147478764]:i2c write failed
[2026-05-10 16:58:37.232] 3421,91,97,0.0
[2026-05-10 16:58:37.328] [GetTemp--2147478764]:i2c write failed
[2026-05-10 16:58:37.330] 3422,91,97,0.0
[2026-05-10 16:58:37.356] HR=101 SpO2=98 (raw:105/98 valid:1/1 sqi:1)
[2026-05-10 16:58:37.431] [GetTemp--2147478764]:i2c write failed
[2026-05-10 16:58:37.432] 3423,91,98,0.0
[2026-05-10 16:58:37.535] [GetTemp--2147478764]:i2c write failed
[2026-05-10 16:58:37.536] 3424,91,98,0.0
[2026-05-10 16:58:37.798] ReadLicenseData(), failed to get licdata string
[2026-05-10 16:58:37.798] VerifyLicense(), cannot read license data files
[2026-05-10 16:58:37.798] license_task_main() verify license invalid, reboot after 53 mins
[2026-05-10 16:58:37.840] [GetTemp--2147478764]:i2c write failed
[2026-05-10 16:58:37.841] 3425,91,98,0.0
[2026-05-10 16:58:37.940] [GetTemp--2147478764]:i2c write failed
[2026-05-10 16:58:37.940] 3426,91,98,0.0
[2026-05-10 16:58:38.044] [GetTemp--2147478764]:i2c write failed
[2026-05-10 16:58:38.045] 3427,91,98,0.0
[2026-05-10 16:58:38.140] [GetTemp--2147478764]:i2c write failed
[2026-05-10 16:58:38.140] 3428,91,98,0.0
[2026-05-10 16:58:38.240] [GetTemp--2147478764]:i2c write failed
[2026-05-10 16:58:38.240] 3429,91,98,0.0
[2026-05-10 16:58:38.549] [GetTemp--2147478764]:i2c write failed
[2026-05-10 16:58:38.550] 3430,91,98,0.0
[2026-05-10 16:58:38.616] HR=105 SpO2=98 (raw:105/97 valid:1/1 sqi:1)
[2026-05-10 16:58:38.648] [GetTemp--2147478764]:i2c write failed
[2026-05-10 16:58:38.650] 3431,95,98,0.0
[2026-05-10 16:58:38.748] [GetTemp--2147478764]:i2c write failed
[2026-05-10 16:58:38.750] 3432,95,98,0.0
[2026-05-10 16:58:38.848] [GetTemp--2147478764]:i2c write failed
[2026-05-10 16:58:38.851] 3433,95,98,0.0
[2026-05-10 16:58:38.948] [GetTemp--2147478764]:i2c write failed
[2026-05-10 16:58:38.950] 3434,95,98,0.0
[2026-05-10 16:58:39.257] [GetTemp--2147478764]:i2c write failed
[2026-05-10 16:58:39.261] 3435,95,98,0.0
[2026-05-10 16:58:39.359] [GetTemp--2147478764]:i2c write failed
[2026-05-10 16:58:39.363] 3436,95,98,0.0
[2026-05-10 16:58:39.464] [GetTemp--2147478764]:i2c write failed
[2026-05-10 16:58:39.465] 3437,95,98,0.0
[2026-05-10 16:58:39.575] [GetTemp--2147478764]:i2c write failed
[2026-05-10 16:58:39.576] 3438,95,98,0.0
[2026-05-10 16:58:39.649] HR=105 SpO2=98 (raw:105/97 valid:1/1 sqi:1)
[2026-05-10 16:58:39.657] [GetTemp--2147478764]:i2c write failed
[2026-05-10 16:58:39.661] 3439,95,98,0.0
[2026-05-10 16:58:39.978] [GetTemp--2147478764]:i2c write failed
[2026-05-10 16:58:39.979] 3440,95,98,0.0
[2026-05-10 16:58:40.076] [GetTemp--2147478764]:i2c write failed
[2026-05-10 16:58:40.079] 3441,95,98,0.0
[2026-05-10 16:58:40.171] [GetTemp--2147478764]:i2c write failed
[2026-05-10 16:58:40.171] 3442,95,98,0.0
[2026-05-10 16:58:40.275] [GetTemp--2147478764]:i2c write failed
[2026-05-10 16:58:40.277] 3443,95,98,0.0
[2026-05-10 16:58:40.369] [GetTemp--2147478764]:i2c write failed
[2026-05-10 16:58:40.371] 3444,95,98,0.0
[2026-05-10 16:58:40.611] HR=105 SpO2=97 (raw:107/97 valid:1/1 sqi:1)
[2026-05-10 16:58:40.682] [GetTemp--2147478764]:i2c write failed
[2026-05-10 16:58:40.683] 3445,95,97,0.0
[2026-05-10 16:58:40.781] [GetTemp--2147478764]:i2c write failed
[2026-05-10 16:58:40.781] 3446,95,97,0.0
[2026-05-10 16:58:40.877] [GetTemp--2147478764]:i2c write failed
[2026-05-10 16:58:40.880] 3447,95,97,0.0
[2026-05-10 16:58:40.977] [GetTemp--2147478764]:i2c write failed
[2026-05-10 16:58:40.980] 3448,95,97,0.0
[2026-05-10 16:58:41.077] [GetTemp--2147478764]:i2c write failed
[2026-05-10 16:58:41.081] 3449,95,97,0.0
[2026-05-10 16:58:41.387] [GetTemp--2147478764]:i2c write failed
[2026-05-10 16:58:41.392] 3450,95,97,0.0
[2026-05-10 16:58:41.491] [GetTemp--2147478764]:i2c write failed
[2026-05-10 16:58:41.493] 3451,95,97,0.0
[2026-05-10 16:58:41.587] [GetTemp--2147478764]:i2c write failed
[2026-05-10 16:58:41.595] 3452,95,97,0.0
[2026-05-10 16:58:41.691] [GetTemp--2147478764]:i2c write failed
[2026-05-10 16:58:41.692] 3453,95,97,0.0
[2026-05-10 16:58:41.774] HR=105 SpO2=97 (raw:101/98 valid:1/1 sqi:1)
[2026-05-10 16:58:41.786] [GetTemp--2147478764]:i2c write failed
[2026-05-10 16:58:41.790] 3454,95,97,0.0
[2026-05-10 16:58:42.099] [GetTemp--2147478764]:i2c write failed
[2026-05-10 16:58:42.101] 3455,95,97,0.0
[2026-05-10 16:58:42.203] [GetTemp--2147478764]:i2c write failed
[2026-05-10 16:58:42.203] 3456,95,97,0.0
[2026-05-10 16:58:42.303] [GetTemp--2147478764]:i2c write failed
[2026-05-10 16:58:42.304] 3457,95,97,0.0
[2026-05-10 16:58:42.399] [GetTemp--2147478764]:i2c write failed
[2026-05-10 16:58:42.402] 3458,95,97,0.0
[2026-05-10 16:58:42.498] [GetTemp--2147478764]:i2c write failed
[2026-05-10 16:58:42.503] 3459,95,97,0.0
[2026-05-10 16:58:42.808] [GetTemp--2147478764]:i2c write failed
[2026-05-10 16:58:42.811] 3460,95,97,0.0
[2026-05-10 16:58:42.911] [GetTemp--2147478764]:i2c write failed
[2026-05-10 16:58:42.913] 3461,95,97,0.0
[2026-05-10 16:58:43.007] [GetTemp--2147478764]:i2c write failed
[2026-05-10 16:58:43.010] 3462,95,97,0.0
[2026-05-10 16:58:43.033] HR=105 SpO2=97 (raw:101/98 valid:1/1 sqi:1)
[2026-05-10 16:58:43.112] [GetTemp--2147478764]:i2c write failed
[2026-05-10 16:58:43.113] 3463,95,97,0.0
[2026-05-10 16:58:43.211] [GetTemp--2147478764]:i2c write failed
[2026-05-10 16:58:43.213] 3464,95,97,0.0
[2026-05-10 16:58:43.520] [GetTemp--2147478764]:i2c write failed
[2026-05-10 16:58:43.521] 3465,95,97,0.0
[2026-05-10 16:58:43.620] [GetTemp--2147478764]:i2c write failed
[2026-05-10 16:58:43.620] 3466,95,97,0.0
[2026-05-10 16:58:43.720] [GetTemp--2147478764]:i2c write failed
[2026-05-10 16:58:43.721] 3467,95,97,0.0
[2026-05-10 16:58:43.820] [GetTemp--2147478764]:i2c write failed
[2026-05-10 16:58:43.820] 3468,95,97,0.0
[2026-05-10 16:58:43.928] [GetTemp--2147478764]:i2c write failed
[2026-05-10 16:58:43.929] 3469,95,97,0.0
[2026-05-10 16:58:44.147] HR=101 SpO2=97 (raw:95/97 valid:1/1 sqi:1)
[2026-05-10 16:58:44.233] [GetTemp--2147478764]:i2c write failed
[2026-05-10 16:58:44.235] 3470,91,97,0.0
[2026-05-10 16:58:44.337] [GetTemp--2147478764]:i2c write failed
[2026-05-10 16:58:44.338] 3471,91,97,0.0
[2026-05-10 16:58:44.432] [GetTemp--2147478764]:i2c write failed
[2026-05-10 16:58:44.435] 3472,91,97,0.0
[2026-05-10 16:58:44.528] [GetTemp--2147478764]:i2c write failed
[2026-05-10 16:58:44.537] 3473,91,97,0.0
[2026-05-10 16:58:44.628] [GetTemp--2147478764]:i2c write failed
[2026-05-10 16:58:44.635] 3474,91,97,0.0
[2026-05-10 16:58:44.941] [GetTemp--2147478764]:i2c write failed
[2026-05-10 16:58:44.942] 3475,91,97,0.0
[2026-05-10 16:58:45.037] [GetTemp--2147478764]:i2c write failed
[2026-05-10 16:58:45.043] 3476,91,97,0.0
[2026-05-10 16:58:45.141] [GetTemp--2147478764]:i2c write failed
[2026-05-10 16:58:45.142] 3477,91,97,0.0
[2026-05-10 16:58:45.166] HR=101 SpO2=97 (raw:95/97 valid:1/1 sqi:1)
[2026-05-10 16:58:45.240] [GetTemp--2147478764]:i2c write failed
[2026-05-10 16:58:45.240] 3478,91,97,0.0
[2026-05-10 16:58:45.341] [GetTemp--2147478764]:i2c write failed
[2026-05-10 16:58:45.342] 3479,91,97,0.0
[2026-05-10 16:58:45.648] [GetTemp--2147478764]:i2c write failed
[2026-05-10 16:58:45.649] 3480,91,97,0.0
[2026-05-10 16:58:45.759] [GetTemp--2147478764]:i2c write failed
[2026-05-10 16:58:45.763] 3481,91,97,0.0
[2026-05-10 16:58:45.847] [GetTemp--2147478764]:i2c write failed
[2026-05-10 16:58:45.853] 3482,91,97,0.0
[2026-05-10 16:58:45.953] [GetTemp--2147478764]:i2c write failed
[2026-05-10 16:58:45.954] 3483,91,97,0.0
[2026-05-10 16:58:46.048] [GetTemp--2147478764]:i2c write failed
[2026-05-10 16:58:46.050] 3484,91,97,0.0
[2026-05-10 16:58:46.282] HR=95 SpO2=97 (raw:95/97 valid:1/1 sqi:1)
[2026-05-10 16:58:46.361] [GetTemp--2147478764]:i2c write failed
[2026-05-10 16:58:46.361] 3485,85,97,0.0
[2026-05-10 16:58:46.458] [GetTemp--2147478764]:i2c write failed
[2026-05-10 16:58:46.461] 3486,85,97,0.0
[2026-05-10 16:58:46.557] [GetTemp--2147478764]:i2c write failed
[2026-05-10 16:58:46.561] 3487,85,97,0.0
[2026-05-10 16:58:46.658] [GetTemp--2147478764]:i2c write failed
[2026-05-10 16:58:46.661] 3488,85,97,0.0
[2026-05-10 16:58:46.765] [GetTemp--2147478764]:i2c write failed
[2026-05-10 16:58:46.767] 3489,85,97,0.0
[2026-05-10 16:58:47.083] [GetTemp--2147478764]:i2c write failed
[2026-05-10 16:58:47.083] 3490,85,97,0.0
[2026-05-10 16:58:47.170] [GetTemp--2147478764]:i2c write failed
[2026-05-10 16:58:47.172] 3491,85,97,0.0
[2026-05-10 16:58:47.269] [GetTemp--2147478764]:i2c write failed
[2026-05-10 16:58:47.271] 3492,85,97,0.0
[2026-05-10 16:58:47.369] [GetTemp--2147478764]:i2c write failed
[2026-05-10 16:58:47.371] 3493,85,97,0.0
[2026-05-10 16:58:47.461] HR=95 SpO2=97 (raw:98/98 valid:1/1 sqi:1)
[2026-05-10 16:58:47.467] [GetTemp--2147478764]:i2c write failed
[2026-05-10 16:58:47.471] 3494,85,97,0.0
[2026-05-10 16:58:47.778] [GetTemp--2147478764]:i2c write failed
[2026-05-10 16:58:47.780] 3495,85,97,0.0
[2026-05-10 16:58:47.878] [GetTemp--2147478764]:i2c write failed
[2026-05-10 16:58:47.881] 3496,85,97,0.0
[2026-05-10 16:58:47.978] [GetTemp--2147478764]:i2c write failed
[2026-05-10 16:58:47.980] 3497,85,97,0.0
[2026-05-10 16:58:48.078] [GetTemp--2147478764]:i2c write failed
[2026-05-10 16:58:48.081] 3498,85,97,0.0
[2026-05-10 16:58:48.183] [GetTemp--2147478764]:i2c write failed
[2026-05-10 16:58:48.184] 3499,85,97,0.0
[2026-05-10 16:58:48.421] HR=95 SpO2=97 (raw:101/97 valid:1/1 sqi:1)
[2026-05-10 16:58:48.491] [GetTemp--2147478764]:i2c write failed
[2026-05-10 16:58:48.492] 3500,85,97,0.0
[2026-05-10 16:58:48.600] [GetTemp--2147478764]:i2c write failed
[2026-05-10 16:58:48.601] 3501,85,97,0.0
[2026-05-10 16:58:48.691] [GetTemp--2147478764]:i2c write failed
[2026-05-10 16:58:48.692] 3502,85,97,0.0
[2026-05-10 16:58:48.790] [GetTemp--2147478764]:i2c write failed
[2026-05-10 16:58:48.790] 3503,85,97,0.0
[2026-05-10 16:58:48.894] [GetTemp--2147478764]:i2c write failed
[2026-05-10 16:58:48.895] 3504,85,97,0.0
[2026-05-10 16:58:49.204] [GetTemp--2147478764]:i2c write failed
[2026-05-10 16:58:49.206] 3505,85,97,0.0
[2026-05-10 16:58:49.305] [GetTemp--2147478764]:i2c write failed
[2026-05-10 16:58:49.309] 3506,85,97,0.0
[2026-05-10 16:58:49.398] [GetTemp--2147478764]:i2c write failed
[2026-05-10 16:58:49.401] 3507,85,97,0.0
[2026-05-10 16:58:49.498] [GetTemp--2147478764]:i2c write failed
[2026-05-10 16:58:49.500] 3508,85,97,0.0
[2026-05-10 16:58:49.586] HR=98 SpO2=97 (raw:109/97 valid:1/1 sqi:1)
[2026-05-10 16:58:49.596] [GetTemp--2147478764]:i2c write failed
[2026-05-10 16:58:49.602] 3509,88,97,0.0
[2026-05-10 16:58:49.911] [GetTemp--2147478764]:i2c write failed
[2026-05-10 16:58:49.912] 3510,88,97,0.0
[2026-05-10 16:58:50.008] [GetTemp--2147478764]:i2c write failed
[2026-05-10 16:58:50.010] 3511,88,97,0.0
[2026-05-10 16:58:50.107] [GetTemp--2147478764]:i2c write failed
[2026-05-10 16:58:50.111] 3512,88,97,0.0
[2026-05-10 16:58:50.215] [GetTemp--2147478764]:i2c write failed
[2026-05-10 16:58:50.215] 3513,88,97,0.0
[2026-05-10 16:58:50.310] [GetTemp--2147478764]:i2c write failed
[2026-05-10 16:58:50.311] 3514,88,97,0.0
[2026-05-10 16:58:50.623] [GetTemp--2147478764]:i2c write failed
[2026-05-10 16:58:50.624] 3515,88,97,0.0
[2026-05-10 16:58:50.683] HR=101 SpO2=97 (raw:109/97 valid:1/1 sqi:1)
[2026-05-10 16:58:50.724] [GetTemp--2147478764]:i2c write failed
[2026-05-10 16:58:50.729] 3516,91,97,0.0
[2026-05-10 16:58:50.818] [GetTemp--2147478764]:i2c write failed
[2026-05-10 16:58:50.822] 3517,91,97,0.0
[2026-05-10 16:58:50.923] [GetTemp--2147478764]:i2c write failed
[2026-05-10 16:58:50.925] 3518,91,97,0.0
[2026-05-10 16:58:51.024] [GetTemp--2147478764]:i2c write failed
[2026-05-10 16:58:51.025] 3519,91,97,0.0
[2026-05-10 16:58:51.332] [GetTemp--2147478764]:i2c write failed
[2026-05-10 16:58:51.336] 3520,91,97,0.0
[2026-05-10 16:58:51.433] [GetTemp--2147478764]:i2c write failed
[2026-05-10 16:58:51.434] 3521,91,97,0.0
[2026-05-10 16:58:51.529] [GetTemp--2147478764]:i2c write failed
[2026-05-10 16:58:51.532] 3522,91,97,0.0
[2026-05-10 16:58:51.638] [GetTemp--2147478764]:i2c write failed
[2026-05-10 16:58:51.640] 3523,91,97,0.0
[2026-05-10 16:58:51.732] [GetTemp--2147478764]:i2c write failed
[2026-05-10 16:58:51.734] 3524,91,97,0.0
[2026-05-10 16:58:51.961] HR=109 SpO2=97 (raw:111/97 valid:1/1 sqi:1)
[2026-05-10 16:58:52.040] [GetTemp--2147478764]:i2c write failed
[2026-05-10 16:58:52.043] 3525,99,97,0.0
[2026-05-10 16:58:52.140] [GetTemp--2147478764]:i2c write failed
[2026-05-10 16:58:52.141] 3526,99,97,0.0
[2026-05-10 16:58:52.245] [GetTemp--2147478764]:i2c write failed
[2026-05-10 16:58:52.246] 3527,99,97,0.0
[2026-05-10 16:58:52.340] [GetTemp--2147478764]:i2c write failed
[2026-05-10 16:58:52.343] 3528,99,97,0.0
[2026-05-10 16:58:52.442] [GetTemp--2147478764]:i2c write failed
[2026-05-10 16:58:52.445] 3529,99,97,0.0
[2026-05-10 16:58:52.753] [GetTemp--2147478764]:i2c write failed
[2026-05-10 16:58:52.755] 3530,99,97,0.0
[2026-05-10 16:58:52.852] [GetTemp--2147478764]:i2c write failed
[2026-05-10 16:58:52.853] 3531,99,97,0.0
[2026-05-10 16:58:52.953] [GetTemp--2147478764]:i2c write failed
[2026-05-10 16:58:52.954] 3532,99,97,0.0
[2026-05-10 16:58:52.974] HR=109 SpO2=97 (raw:103/97 valid:1/1 sqi:1)
[2026-05-10 16:58:53.052] [GetTemp--2147478764]:i2c write failed
[2026-05-10 16:58:53.052] 3533,99,97,0.0
[2026-05-10 16:58:53.153] [GetTemp--2147478764]:i2c write failed
[2026-05-10 16:58:53.155] 3534,99,97,0.0
[2026-05-10 16:58:53.463] [GetTemp--2147478764]:i2c write failed
[2026-05-10 16:58:53.465] 3535,99,97,0.0
[2026-05-10 16:58:53.558] [GetTemp--2147478764]:i2c write failed
[2026-05-10 16:58:53.573] 3536,99,97,0.0
[2026-05-10 16:58:53.668] [GetTemp--2147478764]:i2c write failed
[2026-05-10 16:58:53.669] 3537,99,97,0.0
[2026-05-10 16:58:53.757] [GetTemp--2147478764]:i2c write failed
[2026-05-10 16:58:53.761] 3538,99,97,0.0
[2026-05-10 16:58:53.861] [GetTemp--2147478764]:i2c write failed
[2026-05-10 16:58:53.862] 3539,99,97,0.0
[2026-05-10 16:58:54.099] HR=109 SpO2=97 (raw:93/97 valid:1/1 sqi:1)
[2026-05-10 16:58:54.170] [GetTemp--2147478764]:i2c write failed
[2026-05-10 16:58:54.171] 3540,99,97,0.0
[2026-05-10 16:58:54.271] [GetTemp--2147478764]:i2c write failed
[2026-05-10 16:58:54.273] 3541,99,97,0.0
[2026-05-10 16:58:54.370] [GetTemp--2147478764]:i2c write failed
[2026-05-10 16:58:54.371] 3542,99,97,0.0
[2026-05-10 16:58:54.482] [GetTemp--2147478764]:i2c write failed
[2026-05-10 16:58:54.484] 3543,99,97,0.0
[2026-05-10 16:58:54.576] [GetTemp--2147478764]:i2c write failed
[2026-05-10 16:58:54.578] 3544,99,97,0.0
[2026-05-10 16:58:54.878] [GetTemp--2147478764]:i2c write failed
[2026-05-10 16:58:54.887] 3545,99,97,0.0
[2026-05-10 16:58:54.979] [GetTemp--2147478764]:i2c write failed
[2026-05-10 16:58:54.983] 3546,99,97,0.0
[2026-05-10 16:58:55.080] [GetTemp--2147478764]:i2c write failed
[2026-05-10 16:58:55.082] 3547,99,97,0.0
[2026-05-10 16:58:55.107] HR=103 SpO2=97 (raw:95/97 valid:1/1 sqi:1)
[2026-05-10 16:58:55.178] [GetTemp--2147478764]:i2c write failed
[2026-05-10 16:58:55.182] 3548,93,97,0.0
[2026-05-10 16:58:55.278] [GetTemp--2147478764]:i2c write failed
[2026-05-10 16:58:55.298] 3549,93,97,0.0
[2026-05-10 16:58:55.594] [GetTemp--2147478764]:i2c write failed
[2026-05-10 16:58:55.594] 3550,93,97,0.0
[2026-05-10 16:58:55.688] [GetTemp--2147478764]:i2c write failed
[2026-05-10 16:58:55.695] 3551,93,97,0.0
[2026-05-10 16:58:55.791] [GetTemp--2147478764]:i2c write failed
[2026-05-10 16:58:55.792] 3552,93,97,0.0
[2026-05-10 16:58:55.890] [GetTemp--2147478764]:i2c write failed
[2026-05-10 16:58:55.893] 3553,93,97,0.0
[2026-05-10 16:58:55.990] [GetTemp--2147478764]:i2c write failed
[2026-05-10 16:58:55.992] 3554,93,97,0.0
[2026-05-10 16:58:56.300] [GetTemp--2147478764]:i2c write failed
[2026-05-10 16:58:56.303] 3555,93,97,0.0
[2026-05-10 16:58:56.373] HR=95 SpO2=97 (raw:95/97 valid:1/1 sqi:1)
[2026-05-10 16:58:56.404] [GetTemp--2147478764]:i2c write failed
[2026-05-10 16:58:56.404] 3556,85,97,0.0
[2026-05-10 16:58:56.513] [GetTemp--2147478764]:i2c write failed
[2026-05-10 16:58:56.513] 3557,85,97,0.0
[2026-05-10 16:58:56.607] [GetTemp--2147478764]:i2c write failed
[2026-05-10 16:58:56.609] 3558,85,97,0.0
[2026-05-10 16:58:56.701] [GetTemp--2147478764]:i2c write failed
[2026-05-10 16:58:56.701] 3559,85,97,0.0
[2026-05-10 16:58:57.008] [GetTemp--2147478764]:i2c write failed
[2026-05-10 16:58:57.013] 3560,85,97,0.0
[2026-05-10 16:58:57.108] [GetTemp--2147478764]:i2c write failed
[2026-05-10 16:58:57.115] 3561,85,97,0.0
[2026-05-10 16:58:57.208] [GetTemp--2147478764]:i2c write failed
[2026-05-10 16:58:57.212] 3562,85,97,0.0
[2026-05-10 16:58:57.309] [GetTemp--2147478764]:i2c write failed
[2026-05-10 16:58:57.312] 3563,85,97,0.0
[2026-05-10 16:58:57.402] HR=95 SpO2=97 (raw:95/97 valid:1/1 sqi:1)
[2026-05-10 16:58:57.409] [GetTemp--2147478764]:i2c write failed
[2026-05-10 16:58:57.412] 3564,85,97,0.0
[2026-05-10 16:58:57.720] [GetTemp--2147478764]:i2c write failed
[2026-05-10 16:58:57.720] 3565,85,97,0.0
[2026-05-10 16:58:57.819] [GetTemp--2147478764]:i2c write failed
[2026-05-10 16:58:57.821] 3566,85,97,0.0
[2026-05-10 16:58:57.918] [GetTemp--2147478764]:i2c write failed
[2026-05-10 16:58:57.928] 3567,85,97,0.0
[2026-05-10 16:58:58.025] [GetTemp--2147478764]:i2c write failed
[2026-05-10 16:58:58.025] 3568,85,97,0.0
[2026-05-10 16:58:58.124] [GetTemp--2147478764]:i2c write failed
[2026-05-10 16:58:58.124] 3569,85,97,0.0
[2026-05-10 16:58:58.434] [GetTemp--2147478764]:i2c write failed
[2026-05-10 16:58:58.437] 3570,85,97,0.0
[2026-05-10 16:58:58.496] HR=95 SpO2=97 (raw:96/98 valid:1/1 sqi:1)
[2026-05-10 16:58:58.529] [GetTemp--2147478764]:i2c write failed
[2026-05-10 16:58:58.532] 3571,85,97,0.0
[2026-05-10 16:58:58.637] [GetTemp--2147478764]:i2c write failed
[2026-05-10 16:58:58.638] 3572,85,97,0.0
[2026-05-10 16:58:58.728] [GetTemp--2147478764]:i2c write failed
[2026-05-10 16:58:58.732] 3573,85,97,0.0
[2026-05-10 16:58:58.828] [GetTemp--2147478764]:i2c write failed
[2026-05-10 16:58:58.830] 3574,85,97,0.0
[2026-05-10 16:58:59.138] [GetTemp--2147478764]:i2c write failed
[2026-05-10 16:58:59.145] 3575,85,97,0.0
[2026-05-10 16:58:59.245] [GetTemp--2147478764]:i2c write failed
[2026-05-10 16:58:59.245] 3576,85,97,0.0
[2026-05-10 16:58:59.341] [GetTemp--2147478764]:i2c write failed
[2026-05-10 16:58:59.341] 3577,85,97,0.0
[2026-05-10 16:58:59.451] [GetTemp--2147478764]:i2c write failed
[2026-05-10 16:58:59.452] 3578,85,97,0.0
[2026-05-10 16:58:59.528] HR=95 SpO2=97 (raw:96/97 valid:1/1 sqi:1)
[2026-05-10 16:58:59.538] [GetTemp--2147478764]:i2c write failed
[2026-05-10 16:58:59.540] 3579,85,97,0.0
[2026-05-10 16:58:59.849] [GetTemp--2147478764]:i2c write failed
[2026-05-10 16:58:59.852] 3580,85,97,0.0
[2026-05-10 16:58:59.949] [GetTemp--2147478764]:i2c write failed
[2026-05-10 16:58:59.953] 3581,85,97,0.0
[2026-05-10 16:59:00.050] [GetTemp--2147478764]:i2c write failed
[2026-05-10 16:59:00.052] 3582,85,97,0.0
[2026-05-10 16:59:00.149] [GetTemp--2147478764]:i2c write failed
[2026-05-10 16:59:00.151] 3583,85,97,0.0
[2026-05-10 16:59:00.255] [GetTemp--2147478764]:i2c write failed
[2026-05-10 16:59:00.257] 3584,85,97,0.0
[2026-05-10 16:59:00.567] [GetTemp--2147478764]:i2c write failed
[2026-05-10 16:59:00.567] 3585,85,97,0.0
[2026-05-10 16:59:00.661] [GetTemp--2147478764]:i2c write failed
[2026-05-10 16:59:00.663] 3586,85,97,0.0
[2026-05-10 16:59:00.766] [GetTemp--2147478764]:i2c write failed
[2026-05-10 16:59:00.767] 3587,85,97,0.0
[2026-05-10 16:59:00.785] HR=95 SpO2=97 (raw:95/97 valid:1/1 sqi:1)
[2026-05-10 16:59:00.857] [GetTemp--2147478764]:i2c write failed
[2026-05-10 16:59:00.869] 3588,85,97,0.0
[2026-05-10 16:59:00.962] [GetTemp--2147478764]:i2c write failed
[2026-05-10 16:59:00.963] 3589,85,97,0.0
[2026-05-10 16:59:01.270] [GetTemp--2147478764]:i2c write failed
[2026-05-10 16:59:01.271] 3590,85,97,0.0
[2026-05-10 16:59:01.382] [GetTemp--2147478764]:i2c write failed
[2026-05-10 16:59:01.383] 3591,85,97,0.0
[2026-05-10 16:59:01.474] [GetTemp--2147478764]:i2c write failed
[2026-05-10 16:59:01.475] 3592,85,97,0.0
[2026-05-10 16:59:01.582] [GetTemp--2147478764]:i2c write failed
[2026-05-10 16:59:01.583] 3593,85,97,0.0
[2026-05-10 16:59:01.670] [GetTemp--2147478764]:i2c write failed
[2026-05-10 16:59:01.671] 3594,85,97,0.0
[2026-05-10 16:59:01.899] HR=96 SpO2=97 (raw:98/97 valid:1/1 sqi:1)
[2026-05-10 16:59:01.987] [GetTemp--2147478764]:i2c write failed
[2026-05-10 16:59:01.988] 3595,86,97,0.0
[2026-05-10 16:59:02.082] [GetTemp--2147478764]:i2c write failed
[2026-05-10 16:59:02.082] 3596,86,97,0.0
[2026-05-10 16:59:02.178] [GetTemp--2147478764]:i2c write failed
[2026-05-10 16:59:02.183] 3597,86,97,0.0
[2026-05-10 16:59:02.278] [GetTemp--2147478764]:i2c write failed
[2026-05-10 16:59:02.280] 3598,86,97,0.0
[2026-05-10 16:59:02.388] [GetTemp--2147478764]:i2c write failed
[2026-05-10 16:59:02.389] 3599,86,97,0.0
[2026-05-10 16:59:02.695] [GetTemp--2147478764]:i2c write failed
[2026-05-10 16:59:02.696] 3600,86,97,0.0
[2026-05-10 16:59:02.791] [GetTemp--2147478764]:i2c write failed
[2026-05-10 16:59:02.791] 3601,86,97,0.0
[2026-05-10 16:59:02.901] [GetTemp--2147478764]:i2c write failed
[2026-05-10 16:59:02.901] 3602,86,97,0.0
[2026-05-10 16:59:02.916] HR=96 SpO2=97 (raw:98/97 valid:1/1 sqi:1)
[2026-05-10 16:59:02.993] [GetTemp--2147478764]:i2c write failed
[2026-05-10 16:59:02.993] 3603,86,97,0.0
[2026-05-10 16:59:03.091] [GetTemp--2147478764]:i2c write failed
[2026-05-10 16:59:03.091] 3604,86,97,0.0
[2026-05-10 16:59:03.402] [GetTemp--2147478764]:i2c write failed
[2026-05-10 16:59:03.403] 3605,86,97,0.0
[2026-05-10 16:59:03.513] [GetTemp--2147478764]:i2c write failed
[2026-05-10 16:59:03.514] 3606,86,97,0.0
[2026-05-10 16:59:03.608] [GetTemp--2147478764]:i2c write failed
[2026-05-10 16:59:03.608] 3607,86,97,0.0
[2026-05-10 16:59:03.708] [GetTemp--2147478764]:i2c write failed
[2026-05-10 16:59:03.708] 3608,86,97,0.0
[2026-05-10 16:59:03.800] [GetTemp--2147478764]:i2c write failed
[2026-05-10 16:59:03.800] 3609,86,97,0.0
[2026-05-10 16:59:04.028] HR=96 SpO2=97 (raw:96/97 valid:1/1 sqi:1)
[2026-05-10 16:59:04.108] [GetTemp--2147478764]:i2c write failed
[2026-05-10 16:59:04.115] 3610,86,97,0.0
[2026-05-10 16:59:04.208] [GetTemp--2147478764]:i2c write failed
[2026-05-10 16:59:04.226] 3611,86,97,0.0
[2026-05-10 16:59:04.311] [GetTemp--2147478764]:i2c write failed
[2026-05-10 16:59:04.312] 3612,86,97,0.0
[2026-05-10 16:59:04.411] [GetTemp--2147478764]:i2c write failed
[2026-05-10 16:59:04.411] 3613,86,97,0.0
[2026-05-10 16:59:04.520] [GetTemp--2147478764]:i2c write failed
[2026-05-10 16:59:04.520] 3614,86,97,0.0
[2026-05-10 16:59:04.820] [GetTemp--2147478764]:i2c write failed
[2026-05-10 16:59:04.824] 3615,86,97,0.0
[2026-05-10 16:59:04.920] [GetTemp--2147478764]:i2c write failed
[2026-05-10 16:59:04.921] 3616,86,97,0.0
[2026-05-10 16:59:05.020] [GetTemp--2147478764]:i2c write failed
[2026-05-10 16:59:05.021] 3617,86,97,0.0
[2026-05-10 16:59:05.117] [GetTemp--2147478764]:i2c write failed
[2026-05-10 16:59:05.125] 3618,86,97,0.0
[2026-05-10 16:59:05.203] HR=96 SpO2=97 (raw:96/97 valid:1/1 sqi:1)
[2026-05-10 16:59:05.218] [GetTemp--2147478764]:i2c write failed
[2026-05-10 16:59:05.221] 3619,86,97,0.0
[2026-05-10 16:59:05.543] [GetTemp--2147478764]:i2c write failed
[2026-05-10 16:59:05.544] 3620,86,97,0.0
[2026-05-10 16:59:05.637] [GetTemp--2147478764]:i2c write failed
[2026-05-10 16:59:05.638] 3621,86,97,0.0
[2026-05-10 16:59:05.731] [GetTemp--2147478764]:i2c write failed
[2026-05-10 16:59:05.733] 3622,86,97,0.0
[2026-05-10 16:59:05.832] [GetTemp--2147478764]:i2c write failed
[2026-05-10 16:59:05.836] 3623,86,97,0.0
[2026-05-10 16:59:05.929] [GetTemp--2147478764]:i2c write failed
[2026-05-10 16:59:05.932] 3624,86,97,0.0
[2026-05-10 16:59:06.241] [GetTemp--2147478764]:i2c write failed
[2026-05-10 16:59:06.243] 3625,86,97,0.0
[2026-05-10 16:59:06.303] HR=96 SpO2=97 (raw:96/97 valid:1/1 sqi:1)
[2026-05-10 16:59:06.341] [GetTemp--2147478764]:i2c write failed
[2026-05-10 16:59:06.342] 3626,86,97,0.0
[2026-05-10 16:59:06.446] [GetTemp--2147478764]:i2c write failed
[2026-05-10 16:59:06.447] 3627,86,97,0.0
[2026-05-10 16:59:06.540] [GetTemp--2147478764]:i2c write failed
[2026-05-10 16:59:06.541] 3628,86,97,0.0
[2026-05-10 16:59:06.650] [GetTemp--2147478764]:i2c write failed
[2026-05-10 16:59:06.653] 3629,86,97,0.0
[2026-05-10 16:59:06.953] [GetTemp--2147478764]:i2c write failed
[2026-05-10 16:59:06.954] 3630,86,97,0.0
[2026-05-10 16:59:07.053] [GetTemp--2147478764]:i2c write failed
[2026-05-10 16:59:07.053] 3631,86,97,0.0
[2026-05-10 16:59:07.159] [GetTemp--2147478764]:i2c write failed
[2026-05-10 16:59:07.160] 3632,86,97,0.0
[2026-05-10 16:59:07.249] [GetTemp--2147478764]:i2c write failed
[2026-05-10 16:59:07.253] 3633,86,97,0.0
[2026-05-10 16:59:07.334] HR=96 SpO2=97 (raw:88/97 valid:1/1 sqi:1)
[2026-05-10 16:59:07.347] [GetTemp--2147478764]:i2c write failed
[2026-05-10 16:59:07.350] 3634,86,97,0.0
[2026-05-10 16:59:07.670] [GetTemp--2147478764]:i2c write failed
[2026-05-10 16:59:07.670] 3635,86,97,0.0
[2026-05-10 16:59:07.759] [GetTemp--2147478764]:i2c write failed
[2026-05-10 16:59:07.761] 3636,86,97,0.0
[2026-05-10 16:59:07.862] [GetTemp--2147478764]:i2c write failed
[2026-05-10 16:59:07.862] 3637,86,97,0.0
[2026-05-10 16:59:07.959] [GetTemp--2147478764]:i2c write failed
[2026-05-10 16:59:07.962] 3638,86,97,0.0
[2026-05-10 16:59:08.062] [GetTemp--2147478764]:i2c write failed
[2026-05-10 16:59:08.062] 3639,86,97,0.0
[2026-05-10 16:59:08.370] [GetTemp--2147478764]:i2c write failed
[2026-05-10 16:59:08.370] 3640,86,97,0.0
[2026-05-10 16:59:08.448] HR=96 SpO2=97 (raw:83/97 valid:1/1 sqi:1)
[2026-05-10 16:59:08.467] [GetTemp--2147478764]:i2c write failed
[2026-05-10 16:59:08.471] 3641,86,97,0.0
[2026-05-10 16:59:08.574] [GetTemp--2147478764]:i2c write failed
[2026-05-10 16:59:08.575] 3642,86,97,0.0
[2026-05-10 16:59:08.670] [GetTemp--2147478764]:i2c write failed
[2026-05-10 16:59:08.673] 3643,86,97,0.0
[2026-05-10 16:59:08.770] [GetTemp--2147478764]:i2c write failed
[2026-05-10 16:59:08.772] 3644,86,97,0.0
[2026-05-10 16:59:09.079] [GetTemp--2147478764]:i2c write failed
[2026-05-10 16:59:09.081] 3645,86,97,0.0
[2026-05-10 16:59:09.179] [GetTemp--2147478764]:i2c write failed
[2026-05-10 16:59:09.182] 3646,86,97,0.0
[2026-05-10 16:59:09.278] [GetTemp--2147478764]:i2c write failed
[2026-05-10 16:59:09.282] 3647,86,97,0.0
[2026-05-10 16:59:09.379] [GetTemp--2147478764]:i2c write failed
[2026-05-10 16:59:09.384] 3648,86,97,0.0
[2026-05-10 16:59:09.489] [GetTemp--2147478764]:i2c write failed
[2026-05-10 16:59:09.489] 3649,86,97,0.0
[2026-05-10 16:59:09.717] HR=88 SpO2=97 (raw:80/97 valid:1/1 sqi:1)
[2026-05-10 16:59:09.795] [GetTemp--2147478764]:i2c write failed
[2026-05-10 16:59:09.797] 3650,78,97,0.0
[2026-05-10 16:59:09.891] [GetTemp--2147478764]:i2c write failed
[2026-05-10 16:59:09.892] 3651,78,97,0.0
[2026-05-10 16:59:09.991] [GetTemp--2147478764]:i2c write failed
[2026-05-10 16:59:09.991] 3652,78,97,0.0
[2026-05-10 16:59:10.088] [GetTemp--2147478764]:i2c write failed
[2026-05-10 16:59:10.093] 3653,78,97,0.0
[2026-05-10 16:59:10.188] [GetTemp--2147478764]:i2c write failed
[2026-05-10 16:59:10.193] 3654,78,97,0.0
[2026-05-10 16:59:10.509] [GetTemp--2147478764]:i2c write failed
[2026-05-10 16:59:10.510] 3655,78,97,0.0
[2026-05-10 16:59:10.604] [GetTemp--2147478764]:i2c write failed
[2026-05-10 16:59:10.604] 3656,78,97,0.0
[2026-05-10 16:59:10.700] [GetTemp--2147478764]:i2c write failed
[2026-05-10 16:59:10.702] 3657,78,97,0.0
[2026-05-10 16:59:10.723] HR=83 SpO2=97 (raw:80/97 valid:1/1 sqi:1)
[2026-05-10 16:59:10.802] [GetTemp--2147478764]:i2c write failed
[2026-05-10 16:59:10.803] 3658,73,97,0.0
[2026-05-10 16:59:10.900] [GetTemp--2147478764]:i2c write failed
[2026-05-10 16:59:10.901] 3659,73,97,0.0
[2026-05-10 16:59:11.210] [GetTemp--2147478764]:i2c write failed
[2026-05-10 16:59:11.213] 3660,73,97,0.0
[2026-05-10 16:59:11.311] [GetTemp--2147478764]:i2c write failed
[2026-05-10 16:59:11.313] 3661,73,97,0.0
[2026-05-10 16:59:11.415] [GetTemp--2147478764]:i2c write failed
[2026-05-10 16:59:11.415] 3662,73,97,0.0
[2026-05-10 16:59:11.509] [GetTemp--2147478764]:i2c write failed
[2026-05-10 16:59:11.511] 3663,73,97,0.0
[2026-05-10 16:59:11.618] [GetTemp--2147478764]:i2c write failed
[2026-05-10 16:59:11.618] 3664,73,97,0.0
[2026-05-10 16:59:11.841] HR=81 SpO2=97 (raw:80/97 valid:1/1 sqi:1)
[2026-05-10 16:59:11.918] [GetTemp--2147478764]:i2c write failed
[2026-05-10 16:59:11.922] 3665,71,97,0.0
[2026-05-10 16:59:12.024] [GetTemp--2147478764]:i2c write failed
[2026-05-10 16:59:12.025] 3666,71,97,0.0
[2026-05-10 16:59:12.124] [GetTemp--2147478764]:i2c write failed
[2026-05-10 16:59:12.124] 3667,71,97,0.0
[2026-05-10 16:59:12.220] [GetTemp--2147478764]:i2c write failed
[2026-05-10 16:59:12.222] 3668,71,97,0.0
[2026-05-10 16:59:12.329] [GetTemp--2147478764]:i2c write failed
[2026-05-10 16:59:12.332] 3669,71,97,0.0
[2026-05-10 16:59:12.638] [GetTemp--2147478764]:i2c write failed
[2026-05-10 16:59:12.640] 3670,71,97,0.0
[2026-05-10 16:59:12.729] [GetTemp--2147478764]:i2c write failed
[2026-05-10 16:59:12.732] 3671,71,97,0.0
[2026-05-10 16:59:12.831] [GetTemp--2147478764]:i2c write failed
[2026-05-10 16:59:12.831] 3672,71,97,0.0
[2026-05-10 16:59:12.860] HR=81 SpO2=97 (raw:93/98 valid:1/1 sqi:1)
[2026-05-10 16:59:12.932] [GetTemp--2147478764]:i2c write failed
[2026-05-10 16:59:12.932] 3673,71,97,0.0
[2026-05-10 16:59:13.028] [GetTemp--2147478764]:i2c write failed
[2026-05-10 16:59:13.032] 3674,71,97,0.0
[2026-05-10 16:59:13.342] [GetTemp--2147478764]:i2c write failed
[2026-05-10 16:59:13.343] 3675,71,97,0.0
[2026-05-10 16:59:13.439] [GetTemp--2147478764]:i2c write failed
[2026-05-10 16:59:13.441] 3676,71,97,0.0
[2026-05-10 16:59:13.549] [GetTemp--2147478764]:i2c write failed
[2026-05-10 16:59:13.550] 3677,71,97,0.0
[2026-05-10 16:59:13.643] [GetTemp--2147478764]:i2c write failed
[2026-05-10 16:59:13.643] 3678,71,97,0.0
[2026-05-10 16:59:13.747] [GetTemp--2147478764]:i2c write failed
[2026-05-10 16:59:13.749] 3679,71,97,0.0
[2026-05-10 16:59:14.050] [GetTemp--2147478764]:i2c write failed
[2026-05-10 16:59:14.053] 3680,71,97,0.0
[2026-05-10 16:59:14.112] HR=81 SpO2=97 (raw:93/97 valid:1/1 sqi:1)
[2026-05-10 16:59:14.149] [GetTemp--2147478764]:i2c write failed
[2026-05-10 16:59:14.158] 3681,71,97,0.0
[2026-05-10 16:59:14.249] [GetTemp--2147478764]:i2c write failed
[2026-05-10 16:59:14.251] 3682,71,97,0.0
[2026-05-10 16:59:14.349] [GetTemp--2147478764]:i2c write failed
[2026-05-10 16:59:14.353] 3683,71,97,0.0
[2026-05-10 16:59:14.460] [GetTemp--2147478764]:i2c write failed
[2026-05-10 16:59:14.460] 3684,71,97,0.0
[2026-05-10 16:59:14.762] [GetTemp--2147478764]:i2c write failed
[2026-05-10 16:59:14.762] 3685,71,97,0.0
[2026-05-10 16:59:14.858] [GetTemp--2147478764]:i2c write failed
[2026-05-10 16:59:14.864] 3686,71,97,0.0
[2026-05-10 16:59:14.962] [GetTemp--2147478764]:i2c write failed
[2026-05-10 16:59:14.962] 3687,71,97,0.0
[2026-05-10 16:59:15.058] [GetTemp--2147478764]:i2c write failed
[2026-05-10 16:59:15.062] 3688,71,97,0.0
[2026-05-10 16:59:15.145] HR=93 SpO2=97 (raw:93/97 valid:1/1 sqi:1)
[2026-05-10 16:59:15.157] [GetTemp--2147478764]:i2c write failed
[2026-05-10 16:59:15.161] 3689,83,97,0.0
[2026-05-10 16:59:15.473] [GetTemp--2147478764]:i2c write failed
[2026-05-10 16:59:15.473] 3690,83,97,0.0
[2026-05-10 16:59:15.582] [GetTemp--2147478764]:i2c write failed
[2026-05-10 16:59:15.582] 3691,83,97,0.0
[2026-05-10 16:59:15.675] [GetTemp--2147478764]:i2c write failed
[2026-05-10 16:59:15.675] 3692,83,97,0.0
[2026-05-10 16:59:15.770] [GetTemp--2147478764]:i2c write failed
[2026-05-10 16:59:15.772] 3693,83,97,0.0
[2026-05-10 16:59:15.870] [GetTemp--2147478764]:i2c write failed
[2026-05-10 16:59:15.874] 3694,83,97,0.0
[2026-05-10 16:59:16.183] [GetTemp--2147478764]:i2c write failed
[2026-05-10 16:59:16.185] 3695,83,97,0.0
[2026-05-10 16:59:16.254] HR=93 SpO2=97 (raw:93/97 valid:1/1 sqi:1)
[2026-05-10 16:59:16.278] [GetTemp--2147478764]:i2c write failed
[2026-05-10 16:59:16.279] 3696,83,97,0.0
[2026-05-10 16:59:16.384] [GetTemp--2147478764]:i2c write failed
[2026-05-10 16:59:16.387] 3697,83,97,0.0
[2026-05-10 16:59:16.493] [GetTemp--2147478764]:i2c write failed
[2026-05-10 16:59:16.493] 3698,83,97,0.0
[2026-05-10 16:59:16.587] [GetTemp--2147478764]:i2c write failed
[2026-05-10 16:59:16.587] 3699,83,97,0.0
[2026-05-10 16:59:16.888] [GetTemp--2147478764]:i2c write failed
[2026-05-10 16:59:16.890] 3700,83,97,0.0
[2026-05-10 16:59:16.990] [GetTemp--2147478764]:i2c write failed
[2026-05-10 16:59:16.992] 3701,83,97,0.0
[2026-05-10 16:59:17.089] [GetTemp--2147478764]:i2c write failed
[2026-05-10 16:59:17.091] 3702,83,97,0.0
[2026-05-10 16:59:17.188] [GetTemp--2147478764]:i2c write failed
[2026-05-10 16:59:17.199] 3703,83,97,0.0
[2026-05-10 16:59:17.279] HR=93 SpO2=97 (raw:93/97 valid:1/1 sqi:1)
[2026-05-10 16:59:17.286] [GetTemp--2147478764]:i2c write failed
[2026-05-10 16:59:17.291] 3704,83,97,0.0
[2026-05-10 16:59:17.603] [GetTemp--2147478764]:i2c write failed
[2026-05-10 16:59:17.603] 3705,83,97,0.0
[2026-05-10 16:59:17.710] [GetTemp--2147478764]:i2c write failed
[2026-05-10 16:59:17.713] 3706,83,97,0.0
[2026-05-10 16:59:17.809] [GetTemp--2147478764]:i2c write failed
[2026-05-10 16:59:17.810] 3707,83,97,0.0
[2026-05-10 16:59:17.899] [GetTemp--2147478764]:i2c write failed
[2026-05-10 16:59:17.903] 3708,83,97,0.0
[2026-05-10 16:59:17.999] [GetTemp--2147478764]:i2c write failed
[2026-05-10 16:59:18.001] 3709,83,97,0.0
[2026-05-10 16:59:18.309] [GetTemp--2147478764]:i2c write failed
[2026-05-10 16:59:18.312] 3710,83,97,0.0
[2026-05-10 16:59:18.410] [GetTemp--2147478764]:i2c write failed
[2026-05-10 16:59:18.413] 3711,83,97,0.0
[2026-05-10 16:59:18.520] [GetTemp--2147478764]:i2c write failed
[2026-05-10 16:59:18.521] 3712,83,97,0.0
[2026-05-10 16:59:18.538] HR=93 SpO2=97 (raw:95/98 valid:1/1 sqi:1)
[2026-05-10 16:59:18.614] [GetTemp--2147478764]:i2c write failed
[2026-05-10 16:59:18.615] 3713,83,97,0.0
[2026-05-10 16:59:18.712] [GetTemp--2147478764]:i2c write failed
[2026-05-10 16:59:18.714] 3714,83,97,0.0
[2026-05-10 16:59:19.020] [GetTemp--2147478764]:i2c write failed
[2026-05-10 16:59:19.021] 3715,83,97,0.0
[2026-05-10 16:59:19.120] [GetTemp--2147478764]:i2c write failed
[2026-05-10 16:59:19.121] 3716,83,97,0.0
[2026-05-10 16:59:19.220] [GetTemp--2147478764]:i2c write failed
[2026-05-10 16:59:19.221] 3717,83,97,0.0
[2026-05-10 16:59:19.320] [GetTemp--2147478764]:i2c write failed
[2026-05-10 16:59:19.320] 3718,83,97,0.0
[2026-05-10 16:59:19.427] [GetTemp--2147478764]:i2c write failed
[2026-05-10 16:59:19.429] 3719,83,97,0.0
[2026-05-10 16:59:19.657] HR=93 SpO2=97 (raw:103/98 valid:1/1 sqi:1)
[2026-05-10 16:59:19.729] [GetTemp--2147478764]:i2c write failed
[2026-05-10 16:59:19.735] 3720,83,97,0.0
[2026-05-10 16:59:19.829] [GetTemp--2147478764]:i2c write failed
[2026-05-10 16:59:19.832] 3721,83,97,0.0
[2026-05-10 16:59:19.930] [GetTemp--2147478764]:i2c write failed
[2026-05-10 16:59:19.932] 3722,83,97,0.0
[2026-05-10 16:59:20.030] [GetTemp--2147478764]:i2c write failed
[2026-05-10 16:59:20.031] 3723,83,97,0.0
[2026-05-10 16:59:20.132] [GetTemp--2147478764]:i2c write failed
[2026-05-10 16:59:20.133] 3724,83,97,0.0
[2026-05-10 16:59:20.449] [GetTemp--2147478764]:i2c write failed
[2026-05-10 16:59:20.450] 3725,83,97,0.0
[2026-05-10 16:59:20.542] [GetTemp--2147478764]:i2c write failed
[2026-05-10 16:59:20.542] 3726,83,97,0.0
[2026-05-10 16:59:20.650] [GetTemp--2147478764]:i2c write failed
[2026-05-10 16:59:20.651] 3727,83,97,0.0
[2026-05-10 16:59:20.669] HR=95 SpO2=97 (raw:105/97 valid:1/1 sqi:1)
[2026-05-10 16:59:20.745] [GetTemp--2147478764]:i2c write failed
[2026-05-10 16:59:20.745] 3728,85,97,0.0
[2026-05-10 16:59:20.846] [GetTemp--2147478764]:i2c write failed
[2026-05-10 16:59:20.847] 3729,85,97,0.0
[2026-05-10 16:59:21.159] [GetTemp--2147478764]:i2c write failed
[2026-05-10 16:59:21.161] 3730,85,97,0.0
[2026-05-10 16:59:21.259] [GetTemp--2147478764]:i2c write failed
[2026-05-10 16:59:21.260] 3731,85,97,0.0
[2026-05-10 16:59:21.350] [GetTemp--2147478764]:i2c write failed
[2026-05-10 16:59:21.351] 3732,85,97,0.0
[2026-05-10 16:59:21.455] [GetTemp--2147478764]:i2c write failed
[2026-05-10 16:59:21.456] 3733,85,97,0.0
[2026-05-10 16:59:21.550] [GetTemp--2147478764]:i2c write failed
[2026-05-10 16:59:21.552] 3734,85,97,0.0
[2026-05-10 16:59:21.779] HR=103 SpO2=97 (raw:105/97 valid:1/1 sqi:1)
[2026-05-10 16:59:21.863] [GetTemp--2147478764]:i2c write failed
[2026-05-10 16:59:21.864] 3735,93,97,0.0
[2026-05-10 16:59:21.958] [GetTemp--2147478764]:i2c write failed
[2026-05-10 16:59:21.963] 3736,93,97,0.0
[2026-05-10 16:59:22.062] [GetTemp--2147478764]:i2c write failed
[2026-05-10 16:59:22.062] 3737,93,97,0.0
[2026-05-10 16:59:22.162] [GetTemp--2147478764]:i2c write failed
[2026-05-10 16:59:22.162] 3738,93,97,0.0
[2026-05-10 16:59:22.260] [GetTemp--2147478764]:i2c write failed
[2026-05-10 16:59:22.263] 3739,93,97,0.0
[2026-05-10 16:59:22.583] [GetTemp--2147478764]:i2c write failed
[2026-05-10 16:59:22.583] 3740,93,97,0.0
[2026-05-10 16:59:22.679] [GetTemp--2147478764]:i2c write failed
[2026-05-10 16:59:22.681] 3741,93,97,0.0
[2026-05-10 16:59:22.770] [GetTemp--2147478764]:i2c write failed
[2026-05-10 16:59:22.773] 3742,93,97,0.0
[2026-05-10 16:59:22.877] [GetTemp--2147478764]:i2c write failed
[2026-05-10 16:59:22.879] 3743,93,97,0.0
[2026-05-10 16:59:22.953] HR=105 SpO2=97 (raw:105/97 valid:1/1 sqi:1)
[2026-05-10 16:59:22.968] [GetTemp--2147478764]:i2c write failed
[2026-05-10 16:59:22.971] 3744,95,97,0.0
[2026-05-10 16:59:23.292] [GetTemp--2147478764]:i2c write failed
[2026-05-10 16:59:23.293] 3745,95,97,0.0
[2026-05-10 16:59:23.381] [GetTemp--2147478764]:i2c write failed
[2026-05-10 16:59:23.382] 3746,95,97,0.0
[2026-05-10 16:59:23.493] [GetTemp--2147478764]:i2c write failed
[2026-05-10 16:59:23.495] 3747,95,97,0.0
[2026-05-10 16:59:23.588] [GetTemp--2147478764]:i2c write failed
[2026-05-10 16:59:23.589] 3748,95,97,0.0
[2026-05-10 16:59:23.682] [GetTemp--2147478764]:i2c write failed
[2026-05-10 16:59:23.683] 3749,95,97,0.0
[2026-05-10 16:59:23.995] [GetTemp--2147478764]:i2c write failed
[2026-05-10 16:59:23.995] 3750,95,97,0.0
[2026-05-10 16:59:24.058] HR=105 SpO2=97 (raw:95/97 valid:1/1 sqi:1)
[2026-05-10 16:59:24.093] [GetTemp--2147478764]:i2c write failed
[2026-05-10 16:59:24.095] 3751,95,97,0.0
[2026-05-10 16:59:24.191] [GetTemp--2147478764]:i2c write failed
[2026-05-10 16:59:24.191] 3752,95,97,0.0
[2026-05-10 16:59:24.295] [GetTemp--2147478764]:i2c write failed
[2026-05-10 16:59:24.295] 3753,95,97,0.0
[2026-05-10 16:59:24.388] [GetTemp--2147478764]:i2c write failed
[2026-05-10 16:59:24.404] 3754,95,97,0.0
[2026-05-10 16:59:24.706] [GetTemp--2147478764]:i2c write failed
[2026-05-10 16:59:24.707] 3755,95,97,0.0
[2026-05-10 16:59:24.804] [GetTemp--2147478764]:i2c write failed
[2026-05-10 16:59:24.806] 3756,95,97,0.0
[2026-05-10 16:59:24.903] [GetTemp--2147478764]:i2c write failed
[2026-05-10 16:59:24.903] 3757,95,97,0.0
[2026-05-10 16:59:24.999] [GetTemp--2147478764]:i2c write failed
[2026-05-10 16:59:25.004] 3758,95,97,0.0
[2026-05-10 16:59:25.091] HR=105 SpO2=97 (raw:96/97 valid:1/1 sqi:1)
[2026-05-10 16:59:25.099] [GetTemp--2147478764]:i2c write failed
[2026-05-10 16:59:25.101] 3759,95,97,0.0
[2026-05-10 16:59:25.415] [GetTemp--2147478764]:i2c write failed
[2026-05-10 16:59:25.416] 3760,95,97,0.0
[2026-05-10 16:59:25.509] [GetTemp--2147478764]:i2c write failed
[2026-05-10 16:59:25.519] 3761,95,97,0.0
[2026-05-10 16:59:25.618] [GetTemp--2147478764]:i2c write failed
[2026-05-10 16:59:25.621] 3762,95,97,0.0
[2026-05-10 16:59:25.724] [GetTemp--2147478764]:i2c write failed
[2026-05-10 16:59:25.726] 3763,95,97,0.0
[2026-05-10 16:59:25.812] [GetTemp--2147478764]:i2c write failed
[2026-05-10 16:59:25.812] 3764,95,97,0.0
[2026-05-10 16:59:26.120] [GetTemp--2147478764]:i2c write failed
[2026-05-10 16:59:26.121] 3765,95,97,0.0
[2026-05-10 16:59:26.187] HR=96 SpO2=97 (raw:95/98 valid:1/1 sqi:1)
[2026-05-10 16:59:26.218] [GetTemp--2147478764]:i2c write failed
[2026-05-10 16:59:26.221] 3766,86,97,0.0
[2026-05-10 16:59:26.320] [GetTemp--2147478764]:i2c write failed
[2026-05-10 16:59:26.321] 3767,86,97,0.0
[2026-05-10 16:59:26.429] [GetTemp--2147478764]:i2c write failed
[2026-05-10 16:59:26.429] 3768,86,97,0.0
[2026-05-10 16:59:26.522] [GetTemp--2147478764]:i2c write failed
[2026-05-10 16:59:26.522] 3769,86,97,0.0
[2026-05-10 16:59:26.830] [GetTemp--2147478764]:i2c write failed
[2026-05-10 16:59:26.831] 3770,86,97,0.0
[2026-05-10 16:59:26.933] [GetTemp--2147478764]:i2c write failed
[2026-05-10 16:59:26.934] 3771,86,97,0.0
[2026-05-10 16:59:27.037] [GetTemp--2147478764]:i2c write failed
[2026-05-10 16:59:27.037] 3772,86,97,0.0
[2026-05-10 16:59:27.138] [GetTemp--2147478764]:i2c write failed
[2026-05-10 16:59:27.139] 3773,86,97,0.0
[2026-05-10 16:59:27.238] [GetTemp--2147478764]:i2c write failed
[2026-05-10 16:59:27.238] 3774,86,97,0.0
[2026-05-10 16:59:27.459] HR=95 SpO2=97 (raw:93/99 valid:1/1 sqi:1)
[2026-05-10 16:59:27.554] [GetTemp--2147478764]:i2c write failed
[2026-05-10 16:59:27.555] 3775,85,97,0.0
[2026-05-10 16:59:27.647] [GetTemp--2147478764]:i2c write failed
[2026-05-10 16:59:27.648] 3776,85,97,0.0
[2026-05-10 16:59:27.740] [GetTemp--2147478764]:i2c write failed
[2026-05-10 16:59:27.742] 3777,85,97,0.0
[2026-05-10 16:59:27.850] [GetTemp--2147478764]:i2c write failed
[2026-05-10 16:59:27.851] 3778,85,97,0.0
[2026-05-10 16:59:27.950] [GetTemp--2147478764]:i2c write failed
[2026-05-10 16:59:27.951] 3779,85,97,0.0
[2026-05-10 16:59:28.258] [GetTemp--2147478764]:i2c write failed
[2026-05-10 16:59:28.259] 3780,85,97,0.0
[2026-05-10 16:59:28.350] [GetTemp--2147478764]:i2c write failed
[2026-05-10 16:59:28.351] 3781,85,97,0.0
[2026-05-10 16:59:28.458] [GetTemp--2147478764]:i2c write failed
[2026-05-10 16:59:28.458] 3782,85,97,0.0
[2026-05-10 16:59:28.479] HR=95 SpO2=98 (raw:93/99 valid:1/1 sqi:1)
[2026-05-10 16:59:28.552] [GetTemp--2147478764]:i2c write failed
[2026-05-10 16:59:28.554] 3783,85,98,0.0
[2026-05-10 16:59:28.662] [GetTemp--2147478764]:i2c write failed
[2026-05-10 16:59:28.664] 3784,85,98,0.0
[2026-05-10 16:59:28.962] [GetTemp--2147478764]:i2c write failed
[2026-05-10 16:59:28.962] 3785,85,98,0.0
[2026-05-10 16:59:29.070] [GetTemp--2147478764]:i2c write failed
[2026-05-10 16:59:29.070] 3786,85,98,0.0
[2026-05-10 16:59:29.158] [GetTemp--2147478764]:i2c write failed
[2026-05-10 16:59:29.166] 3787,85,98,0.0
[2026-05-10 16:59:29.263] [GetTemp--2147478764]:i2c write failed
[2026-05-10 16:59:29.266] 3788,85,98,0.0
[2026-05-10 16:59:29.362] [GetTemp--2147478764]:i2c write failed
[2026-05-10 16:59:29.362] 3789,85,98,0.0
[2026-05-10 16:59:29.589] HR=95 SpO2=99 (raw:95/99 valid:1/1 sqi:1)
[2026-05-10 16:59:29.683] [GetTemp--2147478764]:i2c write failed
[2026-05-10 16:59:29.684] 3790,85,99,0.0
[2026-05-10 16:59:29.770] [GetTemp--2147478764]:i2c write failed
[2026-05-10 16:59:29.772] 3791,85,99,0.0
[2026-05-10 16:59:29.870] [GetTemp--2147478764]:i2c write failed
[2026-05-10 16:59:29.871] 3792,85,99,0.0
[2026-05-10 16:59:29.970] [GetTemp--2147478764]:i2c write failed
[2026-05-10 16:59:29.971] 3793,85,99,0.0
[2026-05-10 16:59:30.070] [GetTemp--2147478764]:i2c write failed
[2026-05-10 16:59:30.071] 3794,85,99,0.0
[2026-05-10 16:59:30.380] [GetTemp--2147478764]:i2c write failed
[2026-05-10 16:59:30.382] 3795,85,99,0.0
[2026-05-10 16:59:30.486] [GetTemp--2147478764]:i2c write failed
[2026-05-10 16:59:30.486] 3796,85,99,0.0
[2026-05-10 16:59:30.580] [GetTemp--2147478764]:i2c write failed
[2026-05-10 16:59:30.583] 3797,85,99,0.0
[2026-05-10 16:59:30.602] HR=95 SpO2=99 (raw:95/98 valid:1/1 sqi:1)
[2026-05-10 16:59:30.691] [GetTemp--2147478764]:i2c write failed
[2026-05-10 16:59:30.692] 3798,85,99,0.0
[2026-05-10 16:59:30.779] [GetTemp--2147478764]:i2c write failed
[2026-05-10 16:59:30.779] 3799,85,99,0.0
[2026-05-10 16:59:31.100] [GetTemp--2147478764]:i2c write failed
[2026-05-10 16:59:31.101] 3800,85,99,0.0
[2026-05-10 16:59:31.191] [GetTemp--2147478764]:i2c write failed
[2026-05-10 16:59:31.192] 3801,85,99,0.0
[2026-05-10 16:59:31.291] [GetTemp--2147478764]:i2c write failed
[2026-05-10 16:59:31.292] 3802,85,99,0.0
[2026-05-10 16:59:31.401] [GetTemp--2147478764]:i2c write failed
[2026-05-10 16:59:31.402] 3803,85,99,0.0
[2026-05-10 16:59:31.494] [GetTemp--2147478764]:i2c write failed
[2026-05-10 16:59:31.495] 3804,85,99,0.0
[2026-05-10 16:59:31.799] [GetTemp--2147478764]:i2c write failed
[2026-05-10 16:59:31.803] 3805,85,99,0.0
[2026-05-10 16:59:31.866] HR=95 SpO2=99 (raw:98/98 valid:1/1 sqi:1)
[2026-05-10 16:59:31.899] [GetTemp--2147478764]:i2c write failed
[2026-05-10 16:59:31.903] 3806,85,99,0.0
[2026-05-10 16:59:32.000] [GetTemp--2147478764]:i2c write failed
[2026-05-10 16:59:32.004] 3807,85,99,0.0
[2026-05-10 16:59:32.099] [GetTemp--2147478764]:i2c write failed
[2026-05-10 16:59:32.102] 3808,85,99,0.0
[2026-05-10 16:59:32.203] [GetTemp--2147478764]:i2c write failed
[2026-05-10 16:59:32.204] 3809,85,99,0.0
[2026-05-10 16:59:32.517] [GetTemp--2147478764]:i2c write failed
[2026-05-10 16:59:32.519] 3810,85,99,0.0
[2026-05-10 16:59:32.612] [GetTemp--2147478764]:i2c write failed
[2026-05-10 16:59:32.613] 3811,85,99,0.0
[2026-05-10 16:59:32.708] [GetTemp--2147478764]:i2c write failed
[2026-05-10 16:59:32.712] 3812,85,99,0.0
[2026-05-10 16:59:32.812] [GetTemp--2147478764]:i2c write failed
[2026-05-10 16:59:32.814] 3813,85,99,0.0
[2026-05-10 16:59:32.900] HR=95 SpO2=98 (raw:96/98 valid:1/1 sqi:1)
[2026-05-10 16:59:32.912] [GetTemp--2147478764]:i2c write failed
[2026-05-10 16:59:32.914] 3814,85,98,0.0
[2026-05-10 16:59:33.221] [GetTemp--2147478764]:i2c write failed
[2026-05-10 16:59:33.222] 3815,85,98,0.0
[2026-05-10 16:59:33.326] [GetTemp--2147478764]:i2c write failed
[2026-05-10 16:59:33.328] 3816,85,98,0.0
[2026-05-10 16:59:33.430] [GetTemp--2147478764]:i2c write failed
[2026-05-10 16:59:33.433] 3817,85,98,0.0
[2026-05-10 16:59:33.524] [GetTemp--2147478764]:i2c write failed
[2026-05-10 16:59:33.524] 3818,85,98,0.0
[2026-05-10 16:59:33.632] [GetTemp--2147478764]:i2c write failed
[2026-05-10 16:59:33.633] 3819,85,98,0.0
[2026-05-10 16:59:33.931] [GetTemp--2147478764]:i2c write failed
[2026-05-10 16:59:33.931] 3820,85,98,0.0
[2026-05-10 16:59:34.001] HR=96 SpO2=98 (raw:96/97 valid:1/1 sqi:1)
[2026-05-10 16:59:34.028] [GetTemp--2147478764]:i2c write failed
[2026-05-10 16:59:34.031] 3821,86,98,0.0
[2026-05-10 16:59:34.130] [GetTemp--2147478764]:i2c write failed
[2026-05-10 16:59:34.132] 3822,86,98,0.0
[2026-05-10 16:59:34.229] [GetTemp--2147478764]:i2c write failed
[2026-05-10 16:59:34.234] 3823,86,98,0.0
[2026-05-10 16:59:34.337] [GetTemp--2147478764]:i2c write failed
[2026-05-10 16:59:34.339] 3824,86,98,0.0
[2026-05-10 16:59:34.645] [GetTemp--2147478764]:i2c write failed
[2026-05-10 16:59:34.648] 3825,86,98,0.0
[2026-05-10 16:59:34.742] [GetTemp--2147478764]:i2c write failed
[2026-05-10 16:59:34.744] 3826,86,98,0.0
[2026-05-10 16:59:34.846] [GetTemp--2147478764]:i2c write failed
[2026-05-10 16:59:34.848] 3827,86,98,0.0
[2026-05-10 16:59:34.942] [GetTemp--2147478764]:i2c write failed
[2026-05-10 16:59:34.942] 3828,86,98,0.0
[2026-05-10 16:59:35.029] HR=96 SpO2=98 (raw:95/97 valid:1/1 sqi:1)
[2026-05-10 16:59:35.038] [GetTemp--2147478764]:i2c write failed
[2026-05-10 16:59:35.041] 3829,86,98,0.0
[2026-05-10 16:59:35.350] [GetTemp--2147478764]:i2c write failed
[2026-05-10 16:59:35.352] 3830,86,98,0.0
[2026-05-10 16:59:35.449] [GetTemp--2147478764]:i2c write failed
[2026-05-10 16:59:35.453] 3831,86,98,0.0
[2026-05-10 16:59:35.558] [GetTemp--2147478764]:i2c write failed
[2026-05-10 16:59:35.559] 3832,86,98,0.0
[2026-05-10 16:59:35.651] [GetTemp--2147478764]:i2c write failed
[2026-05-10 16:59:35.654] 3833,86,98,0.0
[2026-05-10 16:59:35.749] [GetTemp--2147478764]:i2c write failed
[2026-05-10 16:59:35.753] 3834,86,98,0.0
[2026-05-10 16:59:36.062] [GetTemp--2147478764]:i2c write failed
[2026-05-10 16:59:36.064] 3835,86,98,0.0
[2026-05-10 16:59:36.162] [GetTemp--2147478764]:i2c write failed
[2026-05-10 16:59:36.163] 3836,86,98,0.0
[2026-05-10 16:59:36.262] [GetTemp--2147478764]:i2c write failed
[2026-05-10 16:59:36.263] 3837,86,98,0.0
[2026-05-10 16:59:36.291] HR=96 SpO2=97 (raw:96/97 valid:1/1 sqi:1)
[2026-05-10 16:59:36.361] [GetTemp--2147478764]:i2c write failed
[2026-05-10 16:59:36.361] 3838,86,97,0.0
[2026-05-10 16:59:36.463] [GetTemp--2147478764]:i2c write failed
[2026-05-10 16:59:36.464] 3839,86,97,0.0
[2026-05-10 16:59:36.770] [GetTemp--2147478764]:i2c write failed
[2026-05-10 16:59:36.772] 3840,86,97,0.0
[2026-05-10 16:59:36.870] [GetTemp--2147478764]:i2c write failed
[2026-05-10 16:59:36.871] 3841,86,97,0.0
[2026-05-10 16:59:36.968] [GetTemp--2147478764]:i2c write failed
[2026-05-10 16:59:36.972] 3842,86,97,0.0
[2026-05-10 16:59:37.071] [GetTemp--2147478764]:i2c write failed
[2026-05-10 16:59:37.072] 3843,86,97,0.0
[2026-05-10 16:59:37.171] [GetTemp--2147478764]:i2c write failed
[2026-05-10 16:59:37.172] 3844,86,97,0.0
[2026-05-10 16:59:37.399] HR=96 SpO2=97 (raw:93/98 valid:1/1 sqi:1)
[2026-05-10 16:59:37.493] [GetTemp--2147478764]:i2c write failed
[2026-05-10 16:59:37.494] 3845,86,97,0.0
[2026-05-10 16:59:37.587] [GetTemp--2147478764]:i2c write failed
[2026-05-10 16:59:37.590] 3846,86,97,0.0
[2026-05-10 16:59:37.679] [GetTemp--2147478764]:i2c write failed
[2026-05-10 16:59:37.682] 3847,86,97,0.0
[2026-05-10 16:59:37.780] [GetTemp--2147478764]:i2c write failed
[2026-05-10 16:59:37.785] 3848,86,97,0.0
[2026-05-10 16:59:37.880] [GetTemp--2147478764]:i2c write failed
[2026-05-10 16:59:37.885] 3849,86,97,0.0
[2026-05-10 16:59:38.191] [GetTemp--2147478764]:i2c write failed
[2026-05-10 16:59:38.192] 3850,86,97,0.0
[2026-05-10 16:59:38.296] [GetTemp--2147478764]:i2c write failed
[2026-05-10 16:59:38.296] 3851,86,97,0.0
[2026-05-10 16:59:38.400] [GetTemp--2147478764]:i2c write failed
[2026-05-10 16:59:38.401] 3852,86,97,0.0
[2026-05-10 16:59:38.412] HR=96 SpO2=97 (raw:101/98 valid:1/1 sqi:1)
[2026-05-10 16:59:38.492] [GetTemp--2147478764]:i2c write failed
[2026-05-10 16:59:38.495] 3853,86,97,0.0
[2026-05-10 16:59:38.601] [GetTemp--2147478764]:i2c write failed
[2026-05-10 16:59:38.604] 3854,86,97,0.0
[2026-05-10 16:59:38.899] [GetTemp--2147478764]:i2c write failed
[2026-05-10 16:59:38.903] 3855,86,97,0.0
[2026-05-10 16:59:38.999] [GetTemp--2147478764]:i2c write failed
[2026-05-10 16:59:39.001] 3856,86,97,0.0
[2026-05-10 16:59:39.099] [GetTemp--2147478764]:i2c write failed
[2026-05-10 16:59:39.103] 3857,86,97,0.0
[2026-05-10 16:59:39.199] [GetTemp--2147478764]:i2c write failed
[2026-05-10 16:59:39.203] 3858,86,97,0.0
[2026-05-10 16:59:39.304] [GetTemp--2147478764]:i2c write failed
[2026-05-10 16:59:39.305] 3859,86,97,0.0
[2026-05-10 16:59:39.530] HR=96 SpO2=97 (raw:101/97 valid:1/1 sqi:1)
[2026-05-10 16:59:39.622] [GetTemp--2147478764]:i2c write failed
[2026-05-10 16:59:39.625] 3860,86,97,0.0
[2026-05-10 16:59:39.713] [GetTemp--2147478764]:i2c write failed
[2026-05-10 16:59:39.716] 3861,86,97,0.0
[2026-05-10 16:59:39.815] [GetTemp--2147478764]:i2c write failed
[2026-05-10 16:59:39.817] 3862,86,97,0.0
[2026-05-10 16:59:39.912] [GetTemp--2147478764]:i2c write failed
[2026-05-10 16:59:39.912] 3863,86,97,0.0
[2026-05-10 16:59:40.017] [GetTemp--2147478764]:i2c write failed
[2026-05-10 16:59:40.018] 3864,86,97,0.0
[2026-05-10 16:59:40.320] [GetTemp--2147478764]:i2c write failed
[2026-05-10 16:59:40.323] 3865,86,97,0.0
[2026-05-10 16:59:40.431] [GetTemp--2147478764]:i2c write failed
[2026-05-10 16:59:40.432] 3866,86,97,0.0
[2026-05-10 16:59:40.525] [GetTemp--2147478764]:i2c write failed
[2026-05-10 16:59:40.526] 3867,86,97,0.0
[2026-05-10 16:59:40.618] [GetTemp--2147478764]:i2c write failed
[2026-05-10 16:59:40.624] 3868,86,97,0.0
[2026-05-10 16:59:40.707] HR=101 SpO2=97 (raw:101/97 valid:1/1 sqi:1)
[2026-05-10 16:59:40.718] [GetTemp--2147478764]:i2c write failed
[2026-05-10 16:59:40.722] 3869,91,97,0.0
[2026-05-10 16:59:41.028] [GetTemp--2147478764]:i2c write failed
[2026-05-10 16:59:41.042] 3870,91,97,0.0
[2026-05-10 16:59:41.133] [GetTemp--2147478764]:i2c write failed
[2026-05-10 16:59:41.133] 3871,91,97,0.0
[2026-05-10 16:59:41.229] [GetTemp--2147478764]:i2c write failed
[2026-05-10 16:59:41.233] 3872,91,97,0.0
[2026-05-10 16:59:41.329] [GetTemp--2147478764]:i2c write failed
[2026-05-10 16:59:41.334] 3873,91,97,0.0
[2026-05-10 16:59:41.430] [GetTemp--2147478764]:i2c write failed
[2026-05-10 16:59:41.432] 3874,91,97,0.0
[2026-05-10 16:59:41.742] [GetTemp--2147478764]:i2c write failed
[2026-05-10 16:59:41.743] 3875,91,97,0.0
[2026-05-10 16:59:41.817] HR=101 SpO2=97 (raw:101/97 valid:1/1 sqi:1)
[2026-05-10 16:59:41.838] [GetTemp--2147478764]:i2c write failed
[2026-05-10 16:59:41.841] 3876,91,97,0.0
[2026-05-10 16:59:41.940] [GetTemp--2147478764]:i2c write failed
[2026-05-10 16:59:41.943] 3877,91,97,0.0
[2026-05-10 16:59:42.042] [GetTemp--2147478764]:i2c write failed
[2026-05-10 16:59:42.044] 3878,91,97,0.0
[2026-05-10 16:59:42.138] [GetTemp--2147478764]:i2c write failed
[2026-05-10 16:59:42.143] 3879,91,97,0.0
[2026-05-10 16:59:42.460] [GetTemp--2147478764]:i2c write failed
[2026-05-10 16:59:42.463] 3880,91,97,0.0
[2026-05-10 16:59:42.554] [GetTemp--2147478764]:i2c write failed
[2026-05-10 16:59:42.554] 3881,91,97,0.0
[2026-05-10 16:59:42.663] [GetTemp--2147478764]:i2c write failed
[2026-05-10 16:59:42.666] 3882,91,97,0.0
[2026-05-10 16:59:42.750] [GetTemp--2147478764]:i2c write failed
[2026-05-10 16:59:42.753] 3883,91,97,0.0
[2026-05-10 16:59:42.842] HR=101 SpO2=97 (raw:100/98 valid:1/1 sqi:1)
[2026-05-10 16:59:42.854] [GetTemp--2147478764]:i2c write failed
[2026-05-10 16:59:42.854] 3884,91,97,0.0
[2026-05-10 16:59:43.163] [GetTemp--2147478764]:i2c write failed
[2026-05-10 16:59:43.164] 3885,91,97,0.0
[2026-05-10 16:59:43.262] [GetTemp--2147478764]:i2c write failed
[2026-05-10 16:59:43.264] 3886,91,97,0.0
[2026-05-10 16:59:43.359] [GetTemp--2147478764]:i2c write failed
[2026-05-10 16:59:43.363] 3887,91,97,0.0
[2026-05-10 16:59:43.459] [GetTemp--2147478764]:i2c write failed
[2026-05-10 16:59:43.474] 3888,91,97,0.0
[2026-05-10 16:59:43.569] [GetTemp--2147478764]:i2c write failed
[2026-05-10 16:59:43.570] 3889,91,97,0.0
[2026-05-10 16:59:43.870] [GetTemp--2147478764]:i2c write failed
[2026-05-10 16:59:43.871] 3890,91,97,0.0
[2026-05-10 16:59:43.945] HR=101 SpO2=97 (raw:96/97 valid:1/1 sqi:1)
[2026-05-10 16:59:43.968] [GetTemp--2147478764]:i2c write failed
[2026-05-10 16:59:43.971] 3891,91,97,0.0
[2026-05-10 16:59:44.070] [GetTemp--2147478764]:i2c write failed
[2026-05-10 16:59:44.072] 3892,91,97,0.0
[2026-05-10 16:59:44.170] [GetTemp--2147478764]:i2c write failed
[2026-05-10 16:59:44.171] 3893,91,97,0.0
[2026-05-10 16:59:44.270] [GetTemp--2147478764]:i2c write failed
[2026-05-10 16:59:44.272] 3894,91,97,0.0
[2026-05-10 16:59:44.581] [GetTemp--2147478764]:i2c write failed
[2026-05-10 16:59:44.584] 3895,91,97,0.0
[2026-05-10 16:59:44.688] [GetTemp--2147478764]:i2c write failed
[2026-05-10 16:59:44.689] 3896,91,97,0.0
[2026-05-10 16:59:44.787] [GetTemp--2147478764]:i2c write failed
[2026-05-10 16:59:44.788] 3897,91,97,0.0
[2026-05-10 16:59:44.879] [GetTemp--2147478764]:i2c write failed
[2026-05-10 16:59:44.882] 3898,91,97,0.0
[2026-05-10 16:59:44.979] [GetTemp--2147478764]:i2c write failed
[2026-05-10 16:59:44.984] 3899,91,97,0.0
[2026-05-10 16:59:45.212] HR=100 SpO2=97 (raw:95/98 valid:1/1 sqi:1)
[2026-05-10 16:59:45.296] [GetTemp--2147478764]:i2c write failed
[2026-05-10 16:59:45.301] 3900,90,97,0.0
[2026-05-10 16:59:45.392] [GetTemp--2147478764]:i2c write failed
[2026-05-10 16:59:45.394] 3901,90,97,0.0
[2026-05-10 16:59:45.494] [GetTemp--2147478764]:i2c write failed
[2026-05-10 16:59:45.496] 3902,90,97,0.0
[2026-05-10 16:59:45.602] [GetTemp--2147478764]:i2c write failed
[2026-05-10 16:59:45.603] 3903,90,97,0.0
[2026-05-10 16:59:45.695] [GetTemp--2147478764]:i2c write failed
[2026-05-10 16:59:45.696] 3904,90,97,0.0
[2026-05-10 16:59:46.009] [GetTemp--2147478764]:i2c write failed
[2026-05-10 16:59:46.010] 3905,90,97,0.0
[2026-05-10 16:59:46.099] [GetTemp--2147478764]:i2c write failed
[2026-05-10 16:59:46.103] 3906,90,97,0.0
[2026-05-10 16:59:46.201] [GetTemp--2147478764]:i2c write failed
[2026-05-10 16:59:46.202] 3907,90,97,0.0
[2026-05-10 16:59:46.219] HR=96 SpO2=97 (raw:95/97 valid:1/1 sqi:1)
[2026-05-10 16:59:46.300] [GetTemp--2147478764]:i2c write failed
[2026-05-10 16:59:46.304] 3908,86,97,0.0
[2026-05-10 16:59:46.413] [GetTemp--2147478764]:i2c write failed
[2026-05-10 16:59:46.413] 3909,86,97,0.0
[2026-05-10 16:59:46.709] [GetTemp--2147478764]:i2c write failed
[2026-05-10 16:59:46.712] 3910,86,97,0.0
[2026-05-10 16:59:46.813] [GetTemp--2147478764]:i2c write failed
[2026-05-10 16:59:46.815] 3911,86,97,0.0
[2026-05-10 16:59:46.912] [GetTemp--2147478764]:i2c write failed
[2026-05-10 16:59:46.913] 3912,86,97,0.0
[2026-05-10 16:59:47.008] [GetTemp--2147478764]:i2c write failed
[2026-05-10 16:59:47.014] 3913,86,97,0.0
[2026-05-10 16:59:47.112] [GetTemp--2147478764]:i2c write failed
[2026-05-10 16:59:47.112] 3914,86,97,0.0
[2026-05-10 16:59:47.338] HR=95 SpO2=97 (raw:93/97 valid:1/1 sqi:1)
[2026-05-10 16:59:47.425] [GetTemp--2147478764]:i2c write failed
[2026-05-10 16:59:47.427] 3915,85,97,0.0
[2026-05-10 16:59:47.518] [GetTemp--2147478764]:i2c write failed
[2026-05-10 16:59:47.534] 3916,85,97,0.0
[2026-05-10 16:59:47.597] ReadLicenseData(), failed to get licdata string
[2026-05-10 16:59:47.598] VerifyLicense(), cannot read license data files
[2026-05-10 16:59:47.600] license_task_main() verify license invalid, reboot after 52 mins
[2026-05-10 16:59:47.618] [GetTemp--2147478764]:i2c write failed
[2026-05-10 16:59:47.623] 3917,85,97,0.0
[2026-05-10 16:59:47.720] [GetTemp--2147478764]:i2c write failed
[2026-05-10 16:59:47.722] 3918,85,97,0.0
[2026-05-10 16:59:47.821] [GetTemp--2147478764]:i2c write failed
[2026-05-10 16:59:47.821] 3919,85,97,0.0
[2026-05-10 16:59:48.129] [GetTemp--2147478764]:i2c write failed
[2026-05-10 16:59:48.133] 3920,85,97,0.0
[2026-05-10 16:59:48.230] [GetTemp--2147478764]:i2c write failed
[2026-05-10 16:59:48.233] 3921,85,97,0.0
[2026-05-10 16:59:48.330] [GetTemp--2147478764]:i2c write failed
[2026-05-10 16:59:48.333] 3922,85,97,0.0
[2026-05-10 16:59:48.355] HR=95 SpO2=97 (raw:95/97 valid:1/1 sqi:1)
[2026-05-10 16:59:48.441] [GetTemp--2147478764]:i2c write failed
[2026-05-10 16:59:48.442] 3923,85,97,0.0
[2026-05-10 16:59:48.534] [GetTemp--2147478764]:i2c write failed
[2026-05-10 16:59:48.534] 3924,85,97,0.0
[2026-05-10 16:59:48.843] [GetTemp--2147478764]:i2c write failed
[2026-05-10 16:59:48.845] 3925,85,97,0.0
[2026-05-10 16:59:48.951] [GetTemp--2147478764]:i2c write failed
[2026-05-10 16:59:48.951] 3926,85,97,0.0
[2026-05-10 16:59:49.046] [GetTemp--2147478764]:i2c write failed
[2026-05-10 16:59:49.046] 3927,85,97,0.0
[2026-05-10 16:59:49.149] [GetTemp--2147478764]:i2c write failed
[2026-05-10 16:59:49.150] 3928,85,97,0.0
[2026-05-10 16:59:49.241] [GetTemp--2147478764]:i2c write failed
[2026-05-10 16:59:49.242] 3929,85,97,0.0
[2026-05-10 16:59:49.553] [GetTemp--2147478764]:i2c write failed
[2026-05-10 16:59:49.555] 3930,85,97,0.0
[2026-05-10 16:59:49.631] HR=95 SpO2=97 (raw:96/98 valid:1/1 sqi:1)
[2026-05-10 16:59:49.648] [GetTemp--2147478764]:i2c write failed
[2026-05-10 16:59:49.651] 3931,85,97,0.0
[2026-05-10 16:59:49.755] [GetTemp--2147478764]:i2c write failed
[2026-05-10 16:59:49.758] 3932,85,97,0.0
[2026-05-10 16:59:49.850] [GetTemp--2147478764]:i2c write failed
[2026-05-10 16:59:49.852] 3933,85,97,0.0
[2026-05-10 16:59:49.954] [GetTemp--2147478764]:i2c write failed
[2026-05-10 16:59:49.956] 3934,85,97,0.0
[2026-05-10 16:59:50.259] [GetTemp--2147478764]:i2c write failed
[2026-05-10 16:59:50.262] 3935,85,97,0.0
[2026-05-10 16:59:50.360] [GetTemp--2147478764]:i2c write failed
[2026-05-10 16:59:50.363] 3936,85,97,0.0
[2026-05-10 16:59:50.467] [GetTemp--2147478764]:i2c write failed
[2026-05-10 16:59:50.469] 3937,85,97,0.0
[2026-05-10 16:59:50.560] [GetTemp--2147478764]:i2c write failed
[2026-05-10 16:59:50.562] 3938,85,97,0.0
[2026-05-10 16:59:50.655] HR=95 SpO2=97 (raw:100/98 valid:1/1 sqi:1)
[2026-05-10 16:59:50.659] [GetTemp--2147478764]:i2c write failed
[2026-05-10 16:59:50.662] 3939,85,97,0.0
[2026-05-10 16:59:50.971] [GetTemp--2147478764]:i2c write failed
[2026-05-10 16:59:50.972] 3940,85,97,0.0
[2026-05-10 16:59:51.071] [GetTemp--2147478764]:i2c write failed
[2026-05-10 16:59:51.072] 3941,85,97,0.0
[2026-05-10 16:59:51.172] [GetTemp--2147478764]:i2c write failed
[2026-05-10 16:59:51.175] 3942,85,97,0.0
[2026-05-10 16:59:51.270] [GetTemp--2147478764]:i2c write failed
[2026-05-10 16:59:51.272] 3943,85,97,0.0
[2026-05-10 16:59:51.375] [GetTemp--2147478764]:i2c write failed
[2026-05-10 16:59:51.375] 3944,85,97,0.0
[2026-05-10 16:59:51.687] [GetTemp--2147478764]:i2c write failed
[2026-05-10 16:59:51.688] 3945,85,97,0.0
[2026-05-10 16:59:51.750] HR=96 SpO2=97 (raw:100/97 valid:1/1 sqi:1)
[2026-05-10 16:59:51.778] [GetTemp--2147478764]:i2c write failed
[2026-05-10 16:59:51.781] 3946,86,97,0.0
[2026-05-10 16:59:51.879] [GetTemp--2147478764]:i2c write failed
[2026-05-10 16:59:51.882] 3947,86,97,0.0
[2026-05-10 16:59:51.984] [GetTemp--2147478764]:i2c write failed
[2026-05-10 16:59:51.984] 3948,86,97,0.0
[2026-05-10 16:59:52.079] [GetTemp--2147478764]:i2c write failed
[2026-05-10 16:59:52.085] 3949,86,97,0.0
[2026-05-10 16:59:52.389] [GetTemp--2147478764]:i2c write failed
[2026-05-10 16:59:52.392] 3950,86,97,0.0
[2026-05-10 16:59:52.498] [GetTemp--2147478764]:i2c write failed
[2026-05-10 16:59:52.500] 3951,86,97,0.0
[2026-05-10 16:59:52.593] [GetTemp--2147478764]:i2c write failed
[2026-05-10 16:59:52.594] 3952,86,97,0.0
[2026-05-10 16:59:52.691] [GetTemp--2147478764]:i2c write failed
[2026-05-10 16:59:52.692] 3953,86,97,0.0
[2026-05-10 16:59:52.779] HR=96 SpO2=97 (raw:96/97 valid:1/1 sqi:1)
[2026-05-10 16:59:52.788] [GetTemp--2147478764]:i2c write failed
[2026-05-10 16:59:52.791] 3954,86,97,0.0
[2026-05-10 16:59:53.100] [GetTemp--2147478764]:i2c write failed
[2026-05-10 16:59:53.104] 3955,86,97,0.0
[2026-05-10 16:59:53.204] [GetTemp--2147478764]:i2c write failed
[2026-05-10 16:59:53.205] 3956,86,97,0.0
[2026-05-10 16:59:53.299] [GetTemp--2147478764]:i2c write failed
[2026-05-10 16:59:53.303] 3957,86,97,0.0
[2026-05-10 16:59:53.402] [GetTemp--2147478764]:i2c write failed
[2026-05-10 16:59:53.405] 3958,86,97,0.0
[2026-05-10 16:59:53.511] [GetTemp--2147478764]:i2c write failed
[2026-05-10 16:59:53.512] 3959,86,97,0.0
[2026-05-10 16:59:53.812] [GetTemp--2147478764]:i2c write failed
[2026-05-10 16:59:53.814] 3960,86,97,0.0
[2026-05-10 16:59:53.913] [GetTemp--2147478764]:i2c write failed
[2026-05-10 16:59:53.915] 3961,86,97,0.0
[2026-05-10 16:59:54.013] [GetTemp--2147478764]:i2c write failed
[2026-05-10 16:59:54.014] 3962,86,97,0.0
[2026-05-10 16:59:54.033] HR=96 SpO2=98 (raw:96/98 valid:1/1 sqi:1)
[2026-05-10 16:59:54.109] [GetTemp--2147478764]:i2c write failed
[2026-05-10 16:59:54.125] 3963,86,98,0.0
[2026-05-10 16:59:54.212] [GetTemp--2147478764]:i2c write failed
[2026-05-10 16:59:54.213] 3964,86,98,0.0
[2026-05-10 16:59:54.533] [GetTemp--2147478764]:i2c write failed
[2026-05-10 16:59:54.534] 3965,86,98,0.0
[2026-05-10 16:59:54.626] [GetTemp--2147478764]:i2c write failed
[2026-05-10 16:59:54.627] 3966,86,98,0.0
[2026-05-10 16:59:54.725] [GetTemp--2147478764]:i2c write failed
[2026-05-10 16:59:54.725] 3967,86,98,0.0
[2026-05-10 16:59:54.830] [GetTemp--2147478764]:i2c write failed
[2026-05-10 16:59:54.833] 3968,86,98,0.0
[2026-05-10 16:59:54.921] [GetTemp--2147478764]:i2c write failed
[2026-05-10 16:59:54.922] 3969,86,98,0.0
[2026-05-10 16:59:55.149] HR=96 SpO2=97 (raw:96/97 valid:1/1 sqi:1)
[2026-05-10 16:59:55.238] [GetTemp--2147478764]:i2c write failed
[2026-05-10 16:59:55.239] 3970,86,97,0.0
[2026-05-10 16:59:55.334] [GetTemp--2147478764]:i2c write failed
[2026-05-10 16:59:55.334] 3971,86,97,0.0
[2026-05-10 16:59:55.442] [GetTemp--2147478764]:i2c write failed
[2026-05-10 16:59:55.442] 3972,86,97,0.0
[2026-05-10 16:59:55.537] [GetTemp--2147478764]:i2c write failed
[2026-05-10 16:59:55.537] 3973,86,97,0.0
[2026-05-10 16:59:55.631] [GetTemp--2147478764]:i2c write failed
[2026-05-10 16:59:55.633] 3974,86,97,0.0
[2026-05-10 16:59:55.943] [GetTemp--2147478764]:i2c write failed
[2026-05-10 16:59:55.943] 3975,86,97,0.0
[2026-05-10 16:59:56.047] [GetTemp--2147478764]:i2c write failed
[2026-05-10 16:59:56.047] 3976,86,97,0.0
[2026-05-10 16:59:56.146] [GetTemp--2147478764]:i2c write failed
[2026-05-10 16:59:56.147] 3977,86,97,0.0
[2026-05-10 16:59:56.165] HR=96 SpO2=97 (raw:96/97 valid:1/1 sqi:1)
[2026-05-10 16:59:56.239] [GetTemp--2147478764]:i2c write failed
[2026-05-10 16:59:56.250] 3978,86,97,0.0
[2026-05-10 16:59:56.341] [GetTemp--2147478764]:i2c write failed
[2026-05-10 16:59:56.342] 3979,86,97,0.0
[2026-05-10 16:59:56.650] [GetTemp--2147478764]:i2c write failed
[2026-05-10 16:59:56.652] 3980,86,97,0.0
[2026-05-10 16:59:56.758] [GetTemp--2147478764]:i2c write failed
[2026-05-10 16:59:56.760] 3981,86,97,0.0
[2026-05-10 16:59:56.850] [GetTemp--2147478764]:i2c write failed
[2026-05-10 16:59:56.852] 3982,86,97,0.0
[2026-05-10 16:59:56.950] [GetTemp--2147478764]:i2c write failed
[2026-05-10 16:59:56.953] 3983,86,97,0.0
[2026-05-10 16:59:57.050] [GetTemp--2147478764]:i2c write failed
[2026-05-10 16:59:57.052] 3984,86,97,0.0
[2026-05-10 16:59:57.281] HR=96 SpO2=97 (raw:96/97 valid:1/1 sqi:1)
[2026-05-10 16:59:57.369] [GetTemp--2147478764]:i2c write failed
[2026-05-10 16:59:57.373] 3985,86,97,0.0
[2026-05-10 16:59:57.464] [GetTemp--2147478764]:i2c write failed
[2026-05-10 16:59:57.466] 3986,86,97,0.0
[2026-05-10 16:59:57.560] [GetTemp--2147478764]:i2c write failed
[2026-05-10 16:59:57.563] 3987,86,97,0.0
[2026-05-10 16:59:57.662] [GetTemp--2147478764]:i2c write failed
[2026-05-10 16:59:57.664] 3988,86,97,0.0
[2026-05-10 16:59:57.762] [GetTemp--2147478764]:i2c write failed
[2026-05-10 16:59:57.764] 3989,86,97,0.0
[2026-05-10 16:59:58.071] [GetTemp--2147478764]:i2c write failed
[2026-05-10 16:59:58.073] 3990,86,97,0.0
[2026-05-10 16:59:58.171] [GetTemp--2147478764]:i2c write failed
[2026-05-10 16:59:58.173] 3991,86,97,0.0
[2026-05-10 16:59:58.271] [GetTemp--2147478764]:i2c write failed
[2026-05-10 16:59:58.273] 3992,86,97,0.0
[2026-05-10 16:59:58.380] [GetTemp--2147478764]:i2c write failed
[2026-05-10 16:59:58.383] 3993,86,97,0.0
[2026-05-10 16:59:58.459] HR=96 SpO2=97 (raw:93/98 valid:1/1 sqi:1)
[2026-05-10 16:59:58.475] [GetTemp--2147478764]:i2c write failed
[2026-05-10 16:59:58.477] 3994,86,97,0.0
[2026-05-10 16:59:58.779] [GetTemp--2147478764]:i2c write failed
[2026-05-10 16:59:58.782] 3995,86,97,0.0
[2026-05-10 16:59:58.880] [GetTemp--2147478764]:i2c write failed
[2026-05-10 16:59:58.883] 3996,86,97,0.0
[2026-05-10 16:59:58.983] [GetTemp--2147478764]:i2c write failed
[2026-05-10 16:59:58.984] 3997,86,97,0.0
[2026-05-10 16:59:59.080] [GetTemp--2147478764]:i2c write failed
[2026-05-10 16:59:59.083] 3998,86,97,0.0
[2026-05-10 16:59:59.179] [GetTemp--2147478764]:i2c write failed
[2026-05-10 16:59:59.183] 3999,86,97,0.0
[2026-05-10 16:59:59.492] [GetTemp--2147478764]:i2c write failed
[2026-05-10 16:59:59.495] 4000,86,97,0.0
[2026-05-10 16:59:59.569] HR=96 SpO2=97 (raw:89/97 valid:1/1 sqi:1)
[2026-05-10 16:59:59.589] [GetTemp--2147478764]:i2c write failed
[2026-05-10 16:59:59.592] 4001,86,97,0.0
[2026-05-10 16:59:59.691] [GetTemp--2147478764]:i2c write failed
[2026-05-10 16:59:59.691] 4002,86,97,0.0
[2026-05-10 16:59:59.792] [GetTemp--2147478764]:i2c write failed
[2026-05-10 16:59:59.794] 4003,86,97,0.0
[2026-05-10 16:59:59.895] [GetTemp--2147478764]:i2c write failed
[2026-05-10 16:59:59.897] 4004,86,97,0.0
[2026-05-10 17:00:00.200] [GetTemp--2147478764]:i2c write failed
[2026-05-10 17:00:00.203] 4005,86,97,0.0
[2026-05-10 17:00:00.299] [GetTemp--2147478764]:i2c write failed
[2026-05-10 17:00:00.304] 4006,86,97,0.0
[2026-05-10 17:00:00.411] [GetTemp--2147478764]:i2c write failed
[2026-05-10 17:00:00.413] 4007,86,97,0.0
[2026-05-10 17:00:00.504] [GetTemp--2147478764]:i2c write failed
[2026-05-10 17:00:00.505] 4008,86,97,0.0
[2026-05-10 17:00:00.599] HR=93 SpO2=97 (raw:88/100 valid:1/1 sqi:1)
[2026-05-10 17:00:00.600] [GetTemp--2147478764]:i2c write failed
[2026-05-10 17:00:00.601] 4009,83,97,0.0
[2026-05-10 17:00:00.909] [GetTemp--2147478764]:i2c write failed
[2026-05-10 17:00:00.913] 4010,83,97,0.0
[2026-05-10 17:00:01.017] [GetTemp--2147478764]:i2c write failed
[2026-05-10 17:00:01.019] 4011,83,97,0.0
[2026-05-10 17:00:01.118] [GetTemp--2147478764]:i2c write failed
[2026-05-10 17:00:01.119] 4012,83,97,0.0
[2026-05-10 17:00:01.210] [GetTemp--2147478764]:i2c write failed
[2026-05-10 17:00:01.215] 4013,83,97,0.0
[2026-05-10 17:00:01.310] [GetTemp--2147478764]:i2c write failed
[2026-05-10 17:00:01.314] 4014,83,97,0.0
[2026-05-10 17:00:01.633] [GetTemp--2147478764]:i2c write failed
[2026-05-10 17:00:01.635] 4015,83,97,0.0
[2026-05-10 17:00:01.684] HR=89 SpO2=97 (raw:86/97 valid:1/1 sqi:1)
[2026-05-10 17:00:01.721] [GetTemp--2147478764]:i2c write failed
[2026-05-10 17:00:01.723] 4016,79,97,0.0
[2026-05-10 17:00:01.819] [GetTemp--2147478764]:i2c write failed
[2026-05-10 17:00:01.823] 4017,79,97,0.0
[2026-05-10 17:00:01.921] [GetTemp--2147478764]:i2c write failed
[2026-05-10 17:00:01.922] 4018,79,97,0.0
[2026-05-10 17:00:02.022] [GetTemp--2147478764]:i2c write failed
[2026-05-10 17:00:02.023] 4019,79,97,0.0
[2026-05-10 17:00:02.330] [GetTemp--2147478764]:i2c write failed
[2026-05-10 17:00:02.333] 4020,79,97,0.0
[2026-05-10 17:00:02.434] [GetTemp--2147478764]:i2c write failed
[2026-05-10 17:00:02.435] 4021,79,97,0.0
[2026-05-10 17:00:02.544] [GetTemp--2147478764]:i2c write failed
[2026-05-10 17:00:02.545] 4022,79,97,0.0
[2026-05-10 17:00:02.638] [GetTemp--2147478764]:i2c write failed
[2026-05-10 17:00:02.641] 4023,79,97,0.0
[2026-05-10 17:00:02.741] [GetTemp--2147478764]:i2c write failed
[2026-05-10 17:00:02.743] 4024,79,97,0.0
[2026-05-10 17:00:02.963] HR=88 SpO2=97 (raw:88/97 valid:1/1 sqi:1)
[2026-05-10 17:00:03.038] [GetTemp--2147478764]:i2c write failed
[2026-05-10 17:00:03.042] 4025,78,97,0.0
[2026-05-10 17:00:03.142] [GetTemp--2147478764]:i2c write failed
[2026-05-10 17:00:03.143] 4026,78,97,0.0
[2026-05-10 17:00:03.239] [GetTemp--2147478764]:i2c write failed
[2026-05-10 17:00:03.242] 4027,78,97,0.0
[2026-05-10 17:00:03.347] [GetTemp--2147478764]:i2c write failed
[2026-05-10 17:00:03.348] 4028,78,97,0.0
[2026-05-10 17:00:03.444] [GetTemp--2147478764]:i2c write failed
[2026-05-10 17:00:03.444] 4029,78,97,0.0
[2026-05-10 17:00:03.751] [GetTemp--2147478764]:i2c write failed
[2026-05-10 17:00:03.753] 4030,78,97,0.0
[2026-05-10 17:00:03.859] [GetTemp--2147478764]:i2c write failed
[2026-05-10 17:00:03.861] 4031,78,97,0.0
[2026-05-10 17:00:03.949] [GetTemp--2147478764]:i2c write failed
[2026-05-10 17:00:03.955] 4032,78,97,0.0
[2026-05-10 17:00:03.975] HR=88 SpO2=97 (raw:92/98 valid:1/1 sqi:1)
[2026-05-10 17:00:04.057] [GetTemp--2147478764]:i2c write failed
[2026-05-10 17:00:04.059] 4033,78,97,0.0
[2026-05-10 17:00:04.149] [GetTemp--2147478764]:i2c write failed
[2026-05-10 17:00:04.154] 4034,78,97,0.0
[2026-05-10 17:00:04.459] [GetTemp--2147478764]:i2c write failed
[2026-05-10 17:00:04.475] 4035,78,97,0.0
[2026-05-10 17:00:04.568] [GetTemp--2147478764]:i2c write failed
[2026-05-10 17:00:04.570] 4036,78,97,0.0
[2026-05-10 17:00:04.659] [GetTemp--2147478764]:i2c write failed
[2026-05-10 17:00:04.662] 4037,78,97,0.0
[2026-05-10 17:00:04.759] [GetTemp--2147478764]:i2c write failed
[2026-05-10 17:00:04.764] 4038,78,97,0.0
[2026-05-10 17:00:04.859] [GetTemp--2147478764]:i2c write failed
[2026-05-10 17:00:04.868] 4039,78,97,0.0
[2026-05-10 17:00:05.093] HR=88 SpO2=98 (raw:96/98 valid:1/1 sqi:1)
[2026-05-10 17:00:05.176] [GetTemp--2147478764]:i2c write failed
[2026-05-10 17:00:05.176] 4040,78,98,0.0
[2026-05-10 17:00:05.271] [GetTemp--2147478764]:i2c write failed
[2026-05-10 17:00:05.272] 4041,78,98,0.0
[2026-05-10 17:00:05.379] [GetTemp--2147478764]:i2c write failed
[2026-05-10 17:00:05.380] 4042,78,98,0.0
[2026-05-10 17:00:05.473] [GetTemp--2147478764]:i2c write failed
[2026-05-10 17:00:05.475] 4043,78,98,0.0
[2026-05-10 17:00:05.583] [GetTemp--2147478764]:i2c write failed
[2026-05-10 17:00:05.584] 4044,78,98,0.0
[2026-05-10 17:00:05.879] [GetTemp--2147478764]:i2c write failed
[2026-05-10 17:00:05.882] 4045,78,98,0.0
[2026-05-10 17:00:05.980] [GetTemp--2147478764]:i2c write failed
[2026-05-10 17:00:05.983] 4046,78,98,0.0
[2026-05-10 17:00:06.081] [GetTemp--2147478764]:i2c write failed
[2026-05-10 17:00:06.085] 4047,78,98,0.0
[2026-05-10 17:00:06.107] HR=92 SpO2=97 (raw:96/97 valid:1/1 sqi:1)
[2026-05-10 17:00:06.180] [GetTemp--2147478764]:i2c write failed
[2026-05-10 17:00:06.183] 4048,82,97,0.0
[2026-05-10 17:00:06.283] [GetTemp--2147478764]:i2c write failed
[2026-05-10 17:00:06.285] 4049,82,97,0.0
[2026-05-10 17:00:06.601] [GetTemp--2147478764]:i2c write failed
[2026-05-10 17:00:06.602] 4050,82,97,0.0
[2026-05-10 17:00:06.693] [GetTemp--2147478764]:i2c write failed
[2026-05-10 17:00:06.694] 4051,82,97,0.0
[2026-05-10 17:00:06.789] [GetTemp--2147478764]:i2c write failed
[2026-05-10 17:00:06.793] 4052,82,97,0.0
[2026-05-10 17:00:06.893] [GetTemp--2147478764]:i2c write failed
[2026-05-10 17:00:06.895] 4053,82,97,0.0
[2026-05-10 17:00:06.995] [GetTemp--2147478764]:i2c write failed
[2026-05-10 17:00:06.998] 4054,82,97,0.0
[2026-05-10 17:00:07.300] [GetTemp--2147478764]:i2c write failed
[2026-05-10 17:00:07.302] 4055,82,97,0.0
[2026-05-10 17:00:07.382] HR=96 SpO2=97 (raw:98/97 valid:1/1 sqi:1)
[2026-05-10 17:00:07.399] [GetTemp--2147478764]:i2c write failed
[2026-05-10 17:00:07.402] 4056,86,97,0.0
[2026-05-10 17:00:07.506] [GetTemp--2147478764]:i2c write failed
[2026-05-10 17:00:07.508] 4057,86,97,0.0
[2026-05-10 17:00:07.599] [GetTemp--2147478764]:i2c write failed
[2026-05-10 17:00:07.604] 4058,86,97,0.0
[2026-05-10 17:00:07.710] [GetTemp--2147478764]:i2c write failed
[2026-05-10 17:00:07.710] 4059,86,97,0.0
[2026-05-10 17:00:08.013] [GetTemp--2147478764]:i2c write failed
[2026-05-10 17:00:08.014] 4060,86,97,0.0
[2026-05-10 17:00:08.115] [GetTemp--2147478764]:i2c write failed
[2026-05-10 17:00:08.115] 4061,86,97,0.0
[2026-05-10 17:00:08.213] [GetTemp--2147478764]:i2c write failed
[2026-05-10 17:00:08.215] 4062,86,97,0.0
[2026-05-10 17:00:08.313] [GetTemp--2147478764]:i2c write failed
[2026-05-10 17:00:08.315] 4063,86,97,0.0
[2026-05-10 17:00:08.413] HR=96 SpO2=98 (raw:98/98 valid:1/1 sqi:1)
[2026-05-10 17:00:08.415] [GetTemp--2147478764]:i2c write failed
[2026-05-10 17:00:08.416] 4064,86,98,0.0
[2026-05-10 17:00:08.730] [GetTemp--2147478764]:i2c write failed
[2026-05-10 17:00:08.731] 4065,86,98,0.0
[2026-05-10 17:00:08.822] [GetTemp--2147478764]:i2c write failed
[2026-05-10 17:00:08.823] 4066,86,98,0.0
[2026-05-10 17:00:08.931] [GetTemp--2147478764]:i2c write failed
[2026-05-10 17:00:08.931] 4067,86,98,0.0
[2026-05-10 17:00:09.022] [GetTemp--2147478764]:i2c write failed
[2026-05-10 17:00:09.025] 4068,86,98,0.0
[2026-05-10 17:00:09.123] [GetTemp--2147478764]:i2c write failed
[2026-05-10 17:00:09.126] 4069,86,98,0.0
[2026-05-10 17:00:09.360] HR=96 SpO2=97 (raw:93/97 valid:1/1 sqi:1)
[2026-05-10 17:00:09.441] [GetTemp--2147478764]:i2c write failed
[2026-05-10 17:00:09.443] 4070,86,97,0.0
[2026-05-10 17:00:09.534] [GetTemp--2147478764]:i2c write failed
[2026-05-10 17:00:09.534] 4071,86,97,0.0
[2026-05-10 17:00:09.645] [GetTemp--2147478764]:i2c write failed
[2026-05-10 17:00:09.646] 4072,86,97,0.0
[2026-05-10 17:00:09.734] [GetTemp--2147478764]:i2c write failed
[2026-05-10 17:00:09.734] 4073,86,97,0.0
[2026-05-10 17:00:09.830] [GetTemp--2147478764]:i2c write failed
[2026-05-10 17:00:09.834] 4074,86,97,0.0
[2026-05-10 17:00:10.142] [GetTemp--2147478764]:i2c write failed
[2026-05-10 17:00:10.143] 4075,86,97,0.0
[2026-05-10 17:00:10.246] [GetTemp--2147478764]:i2c write failed
[2026-05-10 17:00:10.248] 4076,86,97,0.0
[2026-05-10 17:00:10.343] [GetTemp--2147478764]:i2c write failed
[2026-05-10 17:00:10.344] 4077,86,97,0.0
[2026-05-10 17:00:10.449] [GetTemp--2147478764]:i2c write failed
[2026-05-10 17:00:10.451] 4078,86,97,0.0
[2026-05-10 17:00:10.528] HR=96 SpO2=97 (raw:95/97 valid:1/1 sqi:1)
[2026-05-10 17:00:10.543] [GetTemp--2147478764]:i2c write failed
[2026-05-10 17:00:10.544] 4079,86,97,0.0
[2026-05-10 17:00:10.851] [GetTemp--2147478764]:i2c write failed
[2026-05-10 17:00:10.855] 4080,86,97,0.0
[2026-05-10 17:00:10.952] [GetTemp--2147478764]:i2c write failed
[2026-05-10 17:00:10.952] 4081,86,97,0.0
[2026-05-10 17:00:11.050] [GetTemp--2147478764]:i2c write failed
[2026-05-10 17:00:11.053] 4082,86,97,0.0
[2026-05-10 17:00:11.150] [GetTemp--2147478764]:i2c write failed
[2026-05-10 17:00:11.152] 4083,86,97,0.0
[2026-05-10 17:00:11.251] [GetTemp--2147478764]:i2c write failed
[2026-05-10 17:00:11.254] 4084,86,97,0.0
[2026-05-10 17:00:11.569] [GetTemp--2147478764]:i2c write failed
[2026-05-10 17:00:11.571] 4085,86,97,0.0
[2026-05-10 17:00:11.664] [GetTemp--2147478764]:i2c write failed
[2026-05-10 17:00:11.665] 4086,86,97,0.0
[2026-05-10 17:00:11.762] [GetTemp--2147478764]:i2c write failed
[2026-05-10 17:00:11.764] 4087,86,97,0.0
[2026-05-10 17:00:11.788] HR=98 SpO2=97 (raw:98/97 valid:1/1 sqi:1)
[2026-05-10 17:00:11.859] [GetTemp--2147478764]:i2c write failed
[2026-05-10 17:00:11.862] 4088,88,97,0.0
[2026-05-10 17:00:11.959] [GetTemp--2147478764]:i2c write failed
[2026-05-10 17:00:11.963] 4089,88,97,0.0
[2026-05-10 17:00:12.280] [GetTemp--2147478764]:i2c write failed
[2026-05-10 17:00:12.282] 4090,88,97,0.0
[2026-05-10 17:00:12.373] [GetTemp--2147478764]:i2c write failed
[2026-05-10 17:00:12.374] 4091,88,97,0.0
[2026-05-10 17:00:12.469] [GetTemp--2147478764]:i2c write failed
[2026-05-10 17:00:12.472] 4092,88,97,0.0
[2026-05-10 17:00:12.578] [GetTemp--2147478764]:i2c write failed
[2026-05-10 17:00:12.581] 4093,88,97,0.0
[2026-05-10 17:00:12.673] [GetTemp--2147478764]:i2c write failed
[2026-05-10 17:00:12.674] 4094,88,97,0.0
[2026-05-10 17:00:12.900] HR=98 SpO2=97 (raw:100/98 valid:1/1 sqi:1)
[2026-05-10 17:00:12.990] [GetTemp--2147478764]:i2c write failed
[2026-05-10 17:00:12.991] 4095,88,97,0.0
[2026-05-10 17:00:13.086] [GetTemp--2147478764]:i2c write failed
[2026-05-10 17:00:13.090] 4096,88,97,0.0
[2026-05-10 17:00:13.180] [GetTemp--2147478764]:i2c write failed
[2026-05-10 17:00:13.184] 4097,88,97,0.0
[2026-05-10 17:00:13.286] [GetTemp--2147478764]:i2c write failed
[2026-05-10 17:00:13.288] 4098,88,97,0.0
[2026-05-10 17:00:13.381] [GetTemp--2147478764]:i2c write failed
[2026-05-10 17:00:13.385] 4099,88,97,0.0
[2026-05-10 17:00:13.690] [GetTemp--2147478764]:i2c write failed
[2026-05-10 17:00:13.692] 4100,88,97,0.0
[2026-05-10 17:00:13.801] [GetTemp--2147478764]:i2c write failed
[2026-05-10 17:00:13.803] 4101,88,97,0.0
[2026-05-10 17:00:13.893] [GetTemp--2147478764]:i2c write failed
[2026-05-10 17:00:13.894] 4102,88,97,0.0
[2026-05-10 17:00:13.917] HR=98 SpO2=97 (raw:107/98 valid:1/1 sqi:1)
[2026-05-10 17:00:13.992] [GetTemp--2147478764]:i2c write failed
[2026-05-10 17:00:13.992] 4103,88,97,0.0
[2026-05-10 17:00:14.092] [GetTemp--2147478764]:i2c write failed
[2026-05-10 17:00:14.093] 4104,88,97,0.0
[2026-05-10 17:00:14.400] [GetTemp--2147478764]:i2c write failed
[2026-05-10 17:00:14.405] 4105,88,97,0.0
[2026-05-10 17:00:14.509] [GetTemp--2147478764]:i2c write failed
[2026-05-10 17:00:14.511] 4106,88,97,0.0
[2026-05-10 17:00:14.603] [GetTemp--2147478764]:i2c write failed
[2026-05-10 17:00:14.606] 4107,88,97,0.0
[2026-05-10 17:00:14.709] [GetTemp--2147478764]:i2c write failed
[2026-05-10 17:00:14.713] 4108,88,97,0.0
[2026-05-10 17:00:14.800] [GetTemp--2147478764]:i2c write failed
[2026-05-10 17:00:14.803] 4109,88,97,0.0
[2026-05-10 17:00:15.030] HR=100 SpO2=97 (raw:107/97 valid:1/1 sqi:1)
[2026-05-10 17:00:15.109] [GetTemp--2147478764]:i2c write failed
[2026-05-10 17:00:15.125] 4110,90,97,0.0
[2026-05-10 17:00:15.213] [GetTemp--2147478764]:i2c write failed
[2026-05-10 17:00:15.214] 4111,90,97,0.0
[2026-05-10 17:00:15.310] [GetTemp--2147478764]:i2c write failed
[2026-05-10 17:00:15.314] 4112,90,97,0.0
[2026-05-10 17:00:15.410] [GetTemp--2147478764]:i2c write failed
[2026-05-10 17:00:15.416] 4113,90,97,0.0
[2026-05-10 17:00:15.522] [GetTemp--2147478764]:i2c write failed
[2026-05-10 17:00:15.522] 4114,90,97,0.0
[2026-05-10 17:00:15.823] [GetTemp--2147478764]:i2c write failed
[2026-05-10 17:00:15.823] 4115,90,97,0.0
[2026-05-10 17:00:15.921] [GetTemp--2147478764]:i2c write failed
[2026-05-10 17:00:15.924] 4116,90,97,0.0
[2026-05-10 17:00:16.026] [GetTemp--2147478764]:i2c write failed
[2026-05-10 17:00:16.030] 4117,90,97,0.0
[2026-05-10 17:00:16.122] [GetTemp--2147478764]:i2c write failed
[2026-05-10 17:00:16.125] 4118,90,97,0.0
[2026-05-10 17:00:16.213] HR=107 SpO2=97 (raw:107/97 valid:1/1 sqi:1)
[2026-05-10 17:00:16.219] [GetTemp--2147478764]:i2c write failed
[2026-05-10 17:00:16.222] 4119,97,97,0.0
[2026-05-10 17:00:16.543] [GetTemp--2147478764]:i2c write failed
[2026-05-10 17:00:16.543] 4120,97,97,0.0
[2026-05-10 17:00:16.635] [GetTemp--2147478764]:i2c write failed
[2026-05-10 17:00:16.637] 4121,97,97,0.0
[2026-05-10 17:00:16.730] [GetTemp--2147478764]:i2c write failed
[2026-05-10 17:00:16.735] 4122,97,97,0.0
[2026-05-10 17:00:16.835] [GetTemp--2147478764]:i2c write failed
[2026-05-10 17:00:16.835] 4123,97,97,0.0
[2026-05-10 17:00:16.929] [GetTemp--2147478764]:i2c write failed
[2026-05-10 17:00:16.933] 4124,97,97,0.0
[2026-05-10 17:00:17.172] HR=107 SpO2=98 (raw:98/98 valid:1/1 sqi:1)
[2026-05-10 17:00:17.243] [GetTemp--2147478764]:i2c write failed
[2026-05-10 17:00:17.244] 4125,97,98,0.0
[2026-05-10 17:00:17.343] [GetTemp--2147478764]:i2c write failed
[2026-05-10 17:00:17.344] 4126,97,98,0.0
[2026-05-10 17:00:17.446] [GetTemp--2147478764]:i2c write failed
[2026-05-10 17:00:17.446] 4127,97,98,0.0
[2026-05-10 17:00:17.553] [GetTemp--2147478764]:i2c write failed
[2026-05-10 17:00:17.555] 4128,97,98,0.0
[2026-05-10 17:00:17.647] [GetTemp--2147478764]:i2c write failed
[2026-05-10 17:00:17.649] 4129,97,98,0.0
[2026-05-10 17:00:17.951] [GetTemp--2147478764]:i2c write failed
[2026-05-10 17:00:17.953] 4130,97,98,0.0
[2026-05-10 17:00:18.056] [GetTemp--2147478764]:i2c write failed
[2026-05-10 17:00:18.058] 4131,97,98,0.0
[2026-05-10 17:00:18.150] [GetTemp--2147478764]:i2c write failed
[2026-05-10 17:00:18.154] 4132,97,98,0.0
[2026-05-10 17:00:18.251] [GetTemp--2147478764]:i2c write failed
[2026-05-10 17:00:18.253] 4133,97,98,0.0
[2026-05-10 17:00:18.334] HR=107 SpO2=97 (raw:95/97 valid:1/1 sqi:1)
[2026-05-10 17:00:18.349] [GetTemp--2147478764]:i2c write failed
[2026-05-10 17:00:18.351] 4134,97,97,0.0
[2026-05-10 17:00:18.662] [GetTemp--2147478764]:i2c write failed
[2026-05-10 17:00:18.664] 4135,97,97,0.0
[2026-05-10 17:00:18.763] [GetTemp--2147478764]:i2c write failed
[2026-05-10 17:00:18.767] 4136,97,97,0.0
[2026-05-10 17:00:18.864] [GetTemp--2147478764]:i2c write failed
[2026-05-10 17:00:18.864] 4137,97,97,0.0
[2026-05-10 17:00:18.964] [GetTemp--2147478764]:i2c write failed
[2026-05-10 17:00:18.964] 4138,97,97,0.0
[2026-05-10 17:00:19.060] [GetTemp--2147478764]:i2c write failed
[2026-05-10 17:00:19.069] 4139,97,97,0.0
[2026-05-10 17:00:19.379] [GetTemp--2147478764]:i2c write failed
[2026-05-10 17:00:19.381] 4140,97,97,0.0
[2026-05-10 17:00:19.443] HR=98 SpO2=97 (raw:92/97 valid:1/1 sqi:1)
[2026-05-10 17:00:19.469] [GetTemp--2147478764]:i2c write failed
[2026-05-10 17:00:19.474] 4141,88,97,0.0
[2026-05-10 17:00:19.569] [GetTemp--2147478764]:i2c write failed
[2026-05-10 17:00:19.572] 4142,88,97,0.0
[2026-05-10 17:00:19.677] [GetTemp--2147478764]:i2c write failed
[2026-05-10 17:00:19.679] 4143,88,97,0.0
[2026-05-10 17:00:19.781] [GetTemp--2147478764]:i2c write failed
[2026-05-10 17:00:19.782] 4144,88,97,0.0
[2026-05-10 17:00:20.079] [GetTemp--2147478764]:i2c write failed
[2026-05-10 17:00:20.096] 4145,88,97,0.0
[2026-05-10 17:00:20.184] [GetTemp--2147478764]:i2c write failed
[2026-05-10 17:00:20.184] 4146,88,97,0.0
[2026-05-10 17:00:20.280] [GetTemp--2147478764]:i2c write failed
[2026-05-10 17:00:20.285] 4147,88,97,0.0
[2026-05-10 17:00:20.380] [GetTemp--2147478764]:i2c write failed
[2026-05-10 17:00:20.388] 4148,88,97,0.0
[2026-05-10 17:00:20.493] [GetTemp--2147478764]:i2c write failed
[2026-05-10 17:00:20.495] 4149,88,97,0.0
[2026-05-10 17:00:20.714] HR=95 SpO2=97 (raw:89/97 valid:1/1 sqi:1)
[2026-05-10 17:00:20.797] [GetTemp--2147478764]:i2c write failed
[2026-05-10 17:00:20.797] 4150,85,97,0.0
[2026-05-10 17:00:20.892] [GetTemp--2147478764]:i2c write failed
[2026-05-10 17:00:20.894] 4151,85,97,0.0
[2026-05-10 17:00:21.001] [GetTemp--2147478764]:i2c write failed
[2026-05-10 17:00:21.004] 4152,85,97,0.0
[2026-05-10 17:00:21.093] [GetTemp--2147478764]:i2c write failed
[2026-05-10 17:00:21.096] 4153,85,97,0.0
[2026-05-10 17:00:21.189] [GetTemp--2147478764]:i2c write failed
[2026-05-10 17:00:21.193] 4154,85,97,0.0
[2026-05-10 17:00:21.505] [GetTemp--2147478764]:i2c write failed
[2026-05-10 17:00:21.506] 4155,85,97,0.0
[2026-05-10 17:00:21.615] [GetTemp--2147478764]:i2c write failed
[2026-05-10 17:00:21.617] 4156,85,97,0.0
[2026-05-10 17:00:21.708] [GetTemp--2147478764]:i2c write failed
[2026-05-10 17:00:21.709] 4157,85,97,0.0
[2026-05-10 17:00:21.728] HR=92 SpO2=97 (raw:88/98 valid:1/1 sqi:1)
[2026-05-10 17:00:21.801] [GetTemp--2147478764]:i2c write failed
[2026-05-10 17:00:21.803] 4158,82,97,0.0
[2026-05-10 17:00:21.901] [GetTemp--2147478764]:i2c write failed
[2026-05-10 17:00:21.903] 4159,82,97,0.0
[2026-05-10 17:00:22.210] [GetTemp--2147478764]:i2c write failed
[2026-05-10 17:00:22.217] 4160,82,97,0.0
[2026-05-10 17:00:22.310] [GetTemp--2147478764]:i2c write failed
[2026-05-10 17:00:22.314] 4161,82,97,0.0
[2026-05-10 17:00:22.424] [GetTemp--2147478764]:i2c write failed
[2026-05-10 17:00:22.426] 4162,82,97,0.0
[2026-05-10 17:00:22.518] [GetTemp--2147478764]:i2c write failed
[2026-05-10 17:00:22.520] 4163,82,97,0.0
[2026-05-10 17:00:22.612] [GetTemp--2147478764]:i2c write failed
[2026-05-10 17:00:22.614] 4164,82,97,0.0
[2026-05-10 17:00:22.840] HR=89 SpO2=97 (raw:89/98 valid:1/1 sqi:1)
[2026-05-10 17:00:22.921] [GetTemp--2147478764]:i2c write failed
[2026-05-10 17:00:22.922] 4165,79,97,0.0
[2026-05-10 17:00:23.021] [GetTemp--2147478764]:i2c write failed
[2026-05-10 17:00:23.025] 4166,79,97,0.0
[2026-05-10 17:00:23.123] [GetTemp--2147478764]:i2c write failed
[2026-05-10 17:00:23.125] 4167,79,97,0.0
[2026-05-10 17:00:23.230] [GetTemp--2147478764]:i2c write failed
[2026-05-10 17:00:23.232] 4168,79,97,0.0
[2026-05-10 17:00:23.321] [GetTemp--2147478764]:i2c write failed
[2026-05-10 17:00:23.323] 4169,79,97,0.0
[2026-05-10 17:00:23.646] [GetTemp--2147478764]:i2c write failed
[2026-05-10 17:00:23.647] 4170,79,97,0.0
[2026-05-10 17:00:23.739] [GetTemp--2147478764]:i2c write failed
[2026-05-10 17:00:23.740] 4171,79,97,0.0
[2026-05-10 17:00:23.834] [GetTemp--2147478764]:i2c write failed
[2026-05-10 17:00:23.836] 4172,79,97,0.0
[2026-05-10 17:00:23.859] HR=89 SpO2=98 (raw:84/99 valid:1/1 sqi:1)
[2026-05-10 17:00:23.929] [GetTemp--2147478764]:i2c write failed
[2026-05-10 17:00:23.933] 4173,79,98,0.0
[2026-05-10 17:00:24.040] [GetTemp--2147478764]:i2c write failed
[2026-05-10 17:00:24.042] 4174,79,98,0.0
[2026-05-10 17:00:24.352] [GetTemp--2147478764]:i2c write failed
[2026-05-10 17:00:24.353] 4175,79,98,0.0
[2026-05-10 17:00:24.445] [GetTemp--2147478764]:i2c write failed
[2026-05-10 17:00:24.446] 4176,79,98,0.0
[2026-05-10 17:00:24.553] [GetTemp--2147478764]:i2c write failed
[2026-05-10 17:00:24.553] 4177,79,98,0.0
[2026-05-10 17:00:24.640] [GetTemp--2147478764]:i2c write failed
[2026-05-10 17:00:24.643] 4178,79,98,0.0
[2026-05-10 17:00:24.739] [GetTemp--2147478764]:i2c write failed
[2026-05-10 17:00:24.743] 4179,79,98,0.0
[2026-05-10 17:00:24.982] HR=88 SpO2=98 (raw:88/98 valid:1/1 sqi:1)
[2026-05-10 17:00:25.052] [GetTemp--2147478764]:i2c write failed
[2026-05-10 17:00:25.054] 4180,78,98,0.0
[2026-05-10 17:00:25.151] [GetTemp--2147478764]:i2c write failed
[2026-05-10 17:00:25.154] 4181,78,98,0.0
[2026-05-10 17:00:25.252] [GetTemp--2147478764]:i2c write failed
[2026-05-10 17:00:25.254] 4182,78,98,0.0
[2026-05-10 17:00:25.355] [GetTemp--2147478764]:i2c write failed
[2026-05-10 17:00:25.356] 4183,78,98,0.0
[2026-05-10 17:00:25.464] [GetTemp--2147478764]:i2c write failed
[2026-05-10 17:00:25.465] 4184,78,98,0.0
[2026-05-10 17:00:25.760] [GetTemp--2147478764]:i2c write failed
[2026-05-10 17:00:25.764] 4185,78,98,0.0
[2026-05-10 17:00:25.873] [GetTemp--2147478764]:i2c write failed
[2026-05-10 17:00:25.873] 4186,78,98,0.0
[2026-05-10 17:00:25.960] [GetTemp--2147478764]:i2c write failed
[2026-05-10 17:00:25.964] 4187,78,98,0.0
[2026-05-10 17:00:26.063] [GetTemp--2147478764]:i2c write failed
[2026-05-10 17:00:26.064] 4188,78,98,0.0
[2026-05-10 17:00:26.147] HR=88 SpO2=98 (raw:86/98 valid:1/1 sqi:1)
[2026-05-10 17:00:26.159] [GetTemp--2147478764]:i2c write failed
[2026-05-10 17:00:26.164] 4189,78,98,0.0
[2026-05-10 17:00:26.474] [GetTemp--2147478764]:i2c write failed
[2026-05-10 17:00:26.475] 4190,78,98,0.0
[2026-05-10 17:00:26.585] [GetTemp--2147478764]:i2c write failed
[2026-05-10 17:00:26.587] 4191,78,98,0.0
[2026-05-10 17:00:26.678] [GetTemp--2147478764]:i2c write failed
[2026-05-10 17:00:26.682] 4192,78,98,0.0
[2026-05-10 17:00:26.772] [GetTemp--2147478764]:i2c write failed
[2026-05-10 17:00:26.775] 4193,78,98,0.0
[2026-05-10 17:00:26.873] [GetTemp--2147478764]:i2c write failed
[2026-05-10 17:00:26.874] 4194,78,98,0.0
[2026-05-10 17:00:27.180] [GetTemp--2147478764]:i2c write failed
[2026-05-10 17:00:27.185] 4195,78,98,0.0
[2026-05-10 17:00:27.251] HR=88 SpO2=98 (raw:103/97 valid:1/1 sqi:1)
[2026-05-10 17:00:27.280] [GetTemp--2147478764]:i2c write failed
[2026-05-10 17:00:27.283] 4196,78,98,0.0
[2026-05-10 17:00:27.390] [GetTemp--2147478764]:i2c write failed
[2026-05-10 17:00:27.393] 4197,78,98,0.0
[2026-05-10 17:00:27.483] [GetTemp--2147478764]:i2c write failed
[2026-05-10 17:00:27.484] 4198,78,98,0.0
[2026-05-10 17:00:27.592] [GetTemp--2147478764]:i2c write failed
[2026-05-10 17:00:27.595] 4199,78,98,0.0
[2026-05-10 17:00:27.889] [GetTemp--2147478764]:i2c write failed
[2026-05-10 17:00:27.895] 4200,78,98,0.0
[2026-05-10 17:00:27.993] [GetTemp--2147478764]:i2c write failed
[2026-05-10 17:00:27.993] 4201,78,98,0.0
[2026-05-10 17:00:28.097] [GetTemp--2147478764]:i2c write failed
[2026-05-10 17:00:28.098] 4202,78,98,0.0
[2026-05-10 17:00:28.189] [GetTemp--2147478764]:i2c write failed
[2026-05-10 17:00:28.197] 4203,78,98,0.0
[2026-05-10 17:00:28.277] HR=88 SpO2=98 (raw:101/97 valid:1/1 sqi:1)
[2026-05-10 17:00:28.289] [GetTemp--2147478764]:i2c write failed
[2026-05-10 17:00:28.292] 4204,78,98,0.0
[2026-05-10 17:00:28.609] [GetTemp--2147478764]:i2c write failed
[2026-05-10 17:00:28.611] 4205,78,98,0.0
[2026-05-10 17:00:28.701] [GetTemp--2147478764]:i2c write failed
[2026-05-10 17:00:28.705] 4206,78,98,0.0
[2026-05-10 17:00:28.800] [GetTemp--2147478764]:i2c write failed
[2026-05-10 17:00:28.802] 4207,78,98,0.0
[2026-05-10 17:00:28.901] [GetTemp--2147478764]:i2c write failed
[2026-05-10 17:00:28.902] 4208,78,98,0.0
[2026-05-10 17:00:29.001] [GetTemp--2147478764]:i2c write failed
[2026-05-10 17:00:29.005] 4209,78,98,0.0
[2026-05-10 17:00:29.310] [GetTemp--2147478764]:i2c write failed
[2026-05-10 17:00:29.314] 4210,78,98,0.0
[2026-05-10 17:00:29.420] [GetTemp--2147478764]:i2c write failed
[2026-05-10 17:00:29.421] 4211,78,98,0.0
[2026-05-10 17:00:29.514] [GetTemp--2147478764]:i2c write failed
[2026-05-10 17:00:29.515] 4212,78,98,0.0
[2026-05-10 17:00:29.544] HR=96 SpO2=97 (raw:96/97 valid:1/1 sqi:1)
[2026-05-10 17:00:29.622] [GetTemp--2147478764]:i2c write failed
[2026-05-10 17:00:29.624] 4213,86,97,0.0
[2026-05-10 17:00:29.711] [GetTemp--2147478764]:i2c write failed
[2026-05-10 17:00:29.714] 4214,86,97,0.0
[2026-05-10 17:00:30.024] [GetTemp--2147478764]:i2c write failed
[2026-05-10 17:00:30.024] 4215,86,97,0.0
[2026-05-10 17:00:30.122] [GetTemp--2147478764]:i2c write failed
[2026-05-10 17:00:30.125] 4216,86,97,0.0
[2026-05-10 17:00:30.227] [GetTemp--2147478764]:i2c write failed
[2026-05-10 17:00:30.227] 4217,86,97,0.0
[2026-05-10 17:00:30.332] [GetTemp--2147478764]:i2c write failed
[2026-05-10 17:00:30.333] 4218,86,97,0.0
[2026-05-10 17:00:30.427] [GetTemp--2147478764]:i2c write failed
[2026-05-10 17:00:30.430] 4219,86,97,0.0
[2026-05-10 17:00:30.661] HR=98 SpO2=97 (raw:98/98 valid:1/1 sqi:1)
[2026-05-10 17:00:30.731] [GetTemp--2147478764]:i2c write failed
[2026-05-10 17:00:30.733] 4220,88,97,0.0
[2026-05-10 17:00:30.834] [GetTemp--2147478764]:i2c write failed
[2026-05-10 17:00:30.834] 4221,88,97,0.0
[2026-05-10 17:00:30.935] [GetTemp--2147478764]:i2c write failed
[2026-05-10 17:00:30.935] 4222,88,97,0.0
[2026-05-10 17:00:31.034] [GetTemp--2147478764]:i2c write failed
[2026-05-10 17:00:31.035] 4223,88,97,0.0
[2026-05-10 17:00:31.140] [GetTemp--2147478764]:i2c write failed
[2026-05-10 17:00:31.142] 4224,88,97,0.0
[2026-05-10 17:00:31.450] [GetTemp--2147478764]:i2c write failed
[2026-05-10 17:00:31.451] 4225,88,97,0.0
[2026-05-10 17:00:31.543] [GetTemp--2147478764]:i2c write failed
[2026-05-10 17:00:31.543] 4226,88,97,0.0
[2026-05-10 17:00:31.654] [GetTemp--2147478764]:i2c write failed
[2026-05-10 17:00:31.655] 4227,88,97,0.0
[2026-05-10 17:00:31.670] HR=100 SpO2=97 (raw:100/98 valid:1/1 sqi:1)
[2026-05-10 17:00:31.742] [GetTemp--2147478764]:i2c write failed
[2026-05-10 17:00:31.743] 4228,90,97,0.0
[2026-05-10 17:00:31.842] [GetTemp--2147478764]:i2c write failed
[2026-05-10 17:00:31.843] 4229,90,97,0.0
[2026-05-10 17:00:32.151] [GetTemp--2147478764]:i2c write failed
[2026-05-10 17:00:32.154] 4230,90,97,0.0
[2026-05-10 17:00:32.251] [GetTemp--2147478764]:i2c write failed
[2026-05-10 17:00:32.253] 4231,90,97,0.0
[2026-05-10 17:00:32.354] [GetTemp--2147478764]:i2c write failed
[2026-05-10 17:00:32.355] 4232,90,97,0.0
[2026-05-10 17:00:32.452] [GetTemp--2147478764]:i2c write failed
[2026-05-10 17:00:32.454] 4233,90,97,0.0
[2026-05-10 17:00:32.561] [GetTemp--2147478764]:i2c write failed
[2026-05-10 17:00:32.562] 4234,90,97,0.0
[2026-05-10 17:00:32.780] HR=100 SpO2=98 (raw:100/98 valid:1/1 sqi:1)
[2026-05-10 17:00:32.863] [GetTemp--2147478764]:i2c write failed
[2026-05-10 17:00:32.864] 4235,90,98,0.0
[2026-05-10 17:00:32.964] [GetTemp--2147478764]:i2c write failed
[2026-05-10 17:00:32.964] 4236,90,98,0.0
[2026-05-10 17:00:33.063] [GetTemp--2147478764]:i2c write failed
[2026-05-10 17:00:33.063] 4237,90,98,0.0
[2026-05-10 17:00:33.159] [GetTemp--2147478764]:i2c write failed
[2026-05-10 17:00:33.167] 4238,90,98,0.0
[2026-05-10 17:00:33.260] [GetTemp--2147478764]:i2c write failed
[2026-05-10 17:00:33.263] 4239,90,98,0.0
[2026-05-10 17:00:33.570] [GetTemp--2147478764]:i2c write failed
[2026-05-10 17:00:33.586] 4240,90,98,0.0
[2026-05-10 17:00:33.680] [GetTemp--2147478764]:i2c write failed
[2026-05-10 17:00:33.681] 4241,90,98,0.0
[2026-05-10 17:00:33.771] [GetTemp--2147478764]:i2c write failed
[2026-05-10 17:00:33.775] 4242,90,98,0.0
[2026-05-10 17:00:33.872] [GetTemp--2147478764]:i2c write failed
[2026-05-10 17:00:33.872] 4243,90,98,0.0
[2026-05-10 17:00:33.954] HR=100 SpO2=98 (raw:100/98 valid:1/1 sqi:1)
[2026-05-10 17:00:33.969] [GetTemp--2147478764]:i2c write failed
[2026-05-10 17:00:33.972] 4244,90,98,0.0
[2026-05-10 17:00:34.281] [GetTemp--2147478764]:i2c write failed
[2026-05-10 17:00:34.286] 4245,90,98,0.0
[2026-05-10 17:00:34.384] [GetTemp--2147478764]:i2c write failed
[2026-05-10 17:00:34.384] 4246,90,98,0.0
[2026-05-10 17:00:34.490] [GetTemp--2147478764]:i2c write failed
[2026-05-10 17:00:34.491] 4247,90,98,0.0
[2026-05-10 17:00:34.582] [GetTemp--2147478764]:i2c write failed
[2026-05-10 17:00:34.584] 4248,90,98,0.0
[2026-05-10 17:00:34.693] [GetTemp--2147478764]:i2c write failed
[2026-05-10 17:00:34.693] 4249,90,98,0.0
[2026-05-10 17:00:34.992] [GetTemp--2147478764]:i2c write failed
[2026-05-10 17:00:34.993] 4250,90,98,0.0
[2026-05-10 17:00:35.058] HR=100 SpO2=98 (raw:101/97 valid:1/1 sqi:1)
[2026-05-10 17:00:35.089] [GetTemp--2147478764]:i2c write failed
[2026-05-10 17:00:35.093] 4251,90,98,0.0
[2026-05-10 17:00:35.192] [GetTemp--2147478764]:i2c write failed
[2026-05-10 17:00:35.192] 4252,90,98,0.0
[2026-05-10 17:00:35.292] [GetTemp--2147478764]:i2c write failed
[2026-05-10 17:00:35.294] 4253,90,98,0.0
[2026-05-10 17:00:35.397] [GetTemp--2147478764]:i2c write failed
[2026-05-10 17:00:35.400] 4254,90,98,0.0
[2026-05-10 17:00:35.710] [GetTemp--2147478764]:i2c write failed
[2026-05-10 17:00:35.711] 4255,90,98,0.0
[2026-05-10 17:00:35.802] [GetTemp--2147478764]:i2c write failed
[2026-05-10 17:00:35.803] 4256,90,98,0.0
[2026-05-10 17:00:35.902] [GetTemp--2147478764]:i2c write failed
[2026-05-10 17:00:35.904] 4257,90,98,0.0
[2026-05-10 17:00:36.002] [GetTemp--2147478764]:i2c write failed
[2026-05-10 17:00:36.002] 4258,90,98,0.0
[2026-05-10 17:00:36.087] HR=100 SpO2=98 (raw:101/97 valid:1/1 sqi:1)
[2026-05-10 17:00:36.100] [GetTemp--2147478764]:i2c write failed
[2026-05-10 17:00:36.103] 4259,90,98,0.0
[2026-05-10 17:00:36.411] [GetTemp--2147478764]:i2c write failed
[2026-05-10 17:00:36.413] 4260,90,98,0.0
[2026-05-10 17:00:36.521] [GetTemp--2147478764]:i2c write failed
[2026-05-10 17:00:36.521] 4261,90,98,0.0
[2026-05-10 17:00:36.614] [GetTemp--2147478764]:i2c write failed
[2026-05-10 17:00:36.615] 4262,90,98,0.0
[2026-05-10 17:00:36.713] [GetTemp--2147478764]:i2c write failed
[2026-05-10 17:00:36.715] 4263,90,98,0.0
[2026-05-10 17:00:36.813] [GetTemp--2147478764]:i2c write failed
[2026-05-10 17:00:36.814] 4264,90,98,0.0
[2026-05-10 17:00:37.121] [GetTemp--2147478764]:i2c write failed
[2026-05-10 17:00:37.123] 4265,90,98,0.0
[2026-05-10 17:00:37.188] HR=101 SpO2=97 (raw:101/97 valid:1/1 sqi:1)
[2026-05-10 17:00:37.219] [GetTemp--2147478764]:i2c write failed
[2026-05-10 17:00:37.223] 4266,91,97,0.0
[2026-05-10 17:00:37.321] [GetTemp--2147478764]:i2c write failed
[2026-05-10 17:00:37.324] 4267,91,97,0.0
[2026-05-10 17:00:37.426] [GetTemp--2147478764]:i2c write failed
[2026-05-10 17:00:37.427] 4268,91,97,0.0
[2026-05-10 17:00:37.535] [GetTemp--2147478764]:i2c write failed
[2026-05-10 17:00:37.537] 4269,91,97,0.0
[2026-05-10 17:00:37.829] [GetTemp--2147478764]:i2c write failed
[2026-05-10 17:00:37.834] 4270,91,97,0.0
[2026-05-10 17:00:37.935] [GetTemp--2147478764]:i2c write failed
[2026-05-10 17:00:37.935] 4271,91,97,0.0
[2026-05-10 17:00:38.030] [GetTemp--2147478764]:i2c write failed
[2026-05-10 17:00:38.033] 4272,91,97,0.0
[2026-05-10 17:00:38.139] [GetTemp--2147478764]:i2c write failed
[2026-05-10 17:00:38.139] 4273,91,97,0.0
[2026-05-10 17:00:38.234] [GetTemp--2147478764]:i2c write failed
[2026-05-10 17:00:38.237] 4274,91,97,0.0
[2026-05-10 17:00:38.460] HR=101 SpO2=97 (raw:100/97 valid:1/1 sqi:1)
[2026-05-10 17:00:38.539] [GetTemp--2147478764]:i2c write failed
[2026-05-10 17:00:38.555] 4275,91,97,0.0
[2026-05-10 17:00:38.648] [GetTemp--2147478764]:i2c write failed
[2026-05-10 17:00:38.648] 4276,91,97,0.0
[2026-05-10 17:00:38.745] [GetTemp--2147478764]:i2c write failed
[2026-05-10 17:00:38.746] 4277,91,97,0.0
[2026-05-10 17:00:38.845] [GetTemp--2147478764]:i2c write failed
[2026-05-10 17:00:38.846] 4278,91,97,0.0
[2026-05-10 17:00:38.951] [GetTemp--2147478764]:i2c write failed
[2026-05-10 17:00:38.953] 4279,91,97,0.0
[2026-05-10 17:00:39.251] [GetTemp--2147478764]:i2c write failed
[2026-05-10 17:00:39.254] 4280,91,97,0.0
[2026-05-10 17:00:39.355] [GetTemp--2147478764]:i2c write failed
[2026-05-10 17:00:39.355] 4281,91,97,0.0
[2026-05-10 17:00:39.464] [GetTemp--2147478764]:i2c write failed
[2026-05-10 17:00:39.464] 4282,91,97,0.0
[2026-05-10 17:00:39.480] HR=101 SpO2=97 (raw:100/98 valid:1/1 sqi:1)
[2026-05-10 17:00:39.557] [GetTemp--2147478764]:i2c write failed
[2026-05-10 17:00:39.560] 4283,91,97,0.0
[2026-05-10 17:00:39.652] [GetTemp--2147478764]:i2c write failed
[2026-05-10 17:00:39.654] 4284,91,97,0.0
[2026-05-10 17:00:39.972] [GetTemp--2147478764]:i2c write failed
[2026-05-10 17:00:39.975] 4285,91,97,0.0
[2026-05-10 17:00:40.072] [GetTemp--2147478764]:i2c write failed
[2026-05-10 17:00:40.073] 4286,91,97,0.0
[2026-05-10 17:00:40.160] [GetTemp--2147478764]:i2c write failed
[2026-05-10 17:00:40.163] 4287,91,97,0.0
[2026-05-10 17:00:40.260] [GetTemp--2147478764]:i2c write failed
[2026-05-10 17:00:40.263] 4288,91,97,0.0
[2026-05-10 17:00:40.363] [GetTemp--2147478764]:i2c write failed
[2026-05-10 17:00:40.363] 4289,91,97,0.0
[2026-05-10 17:00:40.597] HR=100 SpO2=97 (raw:96/97 valid:1/1 sqi:1)
[2026-05-10 17:00:40.672] [GetTemp--2147478764]:i2c write failed
[2026-05-10 17:00:40.675] 4290,90,97,0.0
[2026-05-10 17:00:40.772] [GetTemp--2147478764]:i2c write failed
[2026-05-10 17:00:40.772] 4291,90,97,0.0
[2026-05-10 17:00:40.871] [GetTemp--2147478764]:i2c write failed
[2026-05-10 17:00:40.872] 4292,90,97,0.0
[2026-05-10 17:00:40.971] [GetTemp--2147478764]:i2c write failed
[2026-05-10 17:00:40.973] 4293,90,97,0.0
[2026-05-10 17:00:41.071] [GetTemp--2147478764]:i2c write failed
[2026-05-10 17:00:41.075] 4294,90,97,0.0
[2026-05-10 17:00:41.381] [GetTemp--2147478764]:i2c write failed
[2026-05-10 17:00:41.386] 4295,90,97,0.0
[2026-05-10 17:00:41.489] [GetTemp--2147478764]:i2c write failed
[2026-05-10 17:00:41.491] 4296,90,97,0.0
[2026-05-10 17:00:41.583] [GetTemp--2147478764]:i2c write failed
[2026-05-10 17:00:41.584] 4297,90,97,0.0
[2026-05-10 17:00:41.602] HR=100 SpO2=97 (raw:93/97 valid:1/1 sqi:1)
[2026-05-10 17:00:41.689] [GetTemp--2147478764]:i2c write failed
[2026-05-10 17:00:41.693] 4298,90,97,0.0
[2026-05-10 17:00:41.781] [GetTemp--2147478764]:i2c write failed
[2026-05-10 17:00:41.783] 4299,90,97,0.0
[2026-05-10 17:00:42.092] [GetTemp--2147478764]:i2c write failed
[2026-05-10 17:00:42.093] 4300,90,97,0.0
[2026-05-10 17:00:42.192] [GetTemp--2147478764]:i2c write failed
[2026-05-10 17:00:42.196] 4301,90,97,0.0
[2026-05-10 17:00:42.296] [GetTemp--2147478764]:i2c write failed
[2026-05-10 17:00:42.298] 4302,90,97,0.0
[2026-05-10 17:00:42.393] [GetTemp--2147478764]:i2c write failed
[2026-05-10 17:00:42.394] 4303,90,97,0.0
[2026-05-10 17:00:42.498] [GetTemp--2147478764]:i2c write failed
[2026-05-10 17:00:42.501] 4304,90,97,0.0
[2026-05-10 17:00:42.800] [GetTemp--2147478764]:i2c write failed
[2026-05-10 17:00:42.804] 4305,90,97,0.0
[2026-05-10 17:00:42.867] HR=98 SpO2=97 (raw:98/97 valid:1/1 sqi:1)
[2026-05-10 17:00:42.900] [GetTemp--2147478764]:i2c write failed
[2026-05-10 17:00:42.902] 4306,88,97,0.0
[2026-05-10 17:00:43.002] [GetTemp--2147478764]:i2c write failed
[2026-05-10 17:00:43.004] 4307,88,97,0.0
[2026-05-10 17:00:43.101] [GetTemp--2147478764]:i2c write failed
[2026-05-10 17:00:43.104] 4308,88,97,0.0
[2026-05-10 17:00:43.202] [GetTemp--2147478764]:i2c write failed
[2026-05-10 17:00:43.202] 4309,88,97,0.0
[2026-05-10 17:00:43.524] [GetTemp--2147478764]:i2c write failed
[2026-05-10 17:00:43.526] 4310,88,97,0.0
[2026-05-10 17:00:43.617] [GetTemp--2147478764]:i2c write failed
[2026-05-10 17:00:43.619] 4311,88,97,0.0
[2026-05-10 17:00:43.718] [GetTemp--2147478764]:i2c write failed
[2026-05-10 17:00:43.718] 4312,88,97,0.0
[2026-05-10 17:00:43.817] [GetTemp--2147478764]:i2c write failed
[2026-05-10 17:00:43.817] 4313,88,97,0.0
[2026-05-10 17:00:43.896] HR=96 SpO2=97 (raw:82/97 valid:1/1 sqi:1)
[2026-05-10 17:00:43.908] [GetTemp--2147478764]:i2c write failed
[2026-05-10 17:00:43.913] 4314,86,97,0.0
[2026-05-10 17:00:44.231] [GetTemp--2147478764]:i2c write failed
[2026-05-10 17:00:44.234] 4315,86,97,0.0
[2026-05-10 17:00:44.330] [GetTemp--2147478764]:i2c write failed
[2026-05-10 17:00:44.332] 4316,86,97,0.0
[2026-05-10 17:00:44.426] [GetTemp--2147478764]:i2c write failed
[2026-05-10 17:00:44.427] 4317,86,97,0.0
[2026-05-10 17:00:44.521] [GetTemp--2147478764]:i2c write failed
[2026-05-10 17:00:44.523] 4318,86,97,0.0
[2026-05-10 17:00:44.628] [GetTemp--2147478764]:i2c write failed
[2026-05-10 17:00:44.629] 4319,86,97,0.0
[2026-05-10 17:00:44.931] [GetTemp--2147478764]:i2c write failed
[2026-05-10 17:00:44.935] 4320,86,97,0.0
[2026-05-10 17:00:45.000] HR=93 SpO2=97 (raw:82/97 valid:1/1 sqi:1)
[2026-05-10 17:00:45.029] [GetTemp--2147478764]:i2c write failed
[2026-05-10 17:00:45.032] 4321,83,97,0.0
[2026-05-10 17:00:45.134] [GetTemp--2147478764]:i2c write failed
[2026-05-10 17:00:45.134] 4322,83,97,0.0
[2026-05-10 17:00:45.230] [GetTemp--2147478764]:i2c write failed
[2026-05-10 17:00:45.233] 4323,83,97,0.0
[2026-05-10 17:00:45.334] [GetTemp--2147478764]:i2c write failed
[2026-05-10 17:00:45.334] 4324,83,97,0.0
[2026-05-10 17:00:45.642] [GetTemp--2147478764]:i2c write failed
[2026-05-10 17:00:45.642] 4325,83,97,0.0
[2026-05-10 17:00:45.743] [GetTemp--2147478764]:i2c write failed
[2026-05-10 17:00:45.744] 4326,83,97,0.0
[2026-05-10 17:00:45.844] [GetTemp--2147478764]:i2c write failed
[2026-05-10 17:00:45.845] 4327,83,97,0.0
[2026-05-10 17:00:45.942] [GetTemp--2147478764]:i2c write failed
[2026-05-10 17:00:45.943] 4328,83,97,0.0
[2026-05-10 17:00:46.029] HR=83 SpO2=97 (raw:83/97 valid:1/1 sqi:1)
[2026-05-10 17:00:46.039] [GetTemp--2147478764]:i2c write failed
[2026-05-10 17:00:46.042] 4329,73,97,0.0
[2026-05-10 17:00:46.351] [GetTemp--2147478764]:i2c write failed
[2026-05-10 17:00:46.354] 4330,73,97,0.0
[2026-05-10 17:00:46.460] [GetTemp--2147478764]:i2c write failed
[2026-05-10 17:00:46.461] 4331,73,97,0.0
[2026-05-10 17:00:46.552] [GetTemp--2147478764]:i2c write failed
[2026-05-10 17:00:46.554] 4332,73,97,0.0
[2026-05-10 17:00:46.660] [GetTemp--2147478764]:i2c write failed
[2026-05-10 17:00:46.661] 4333,73,97,0.0
[2026-05-10 17:00:46.750] [GetTemp--2147478764]:i2c write failed
[2026-05-10 17:00:46.753] 4334,73,97,0.0
[2026-05-10 17:00:47.063] [GetTemp--2147478764]:i2c write failed
[2026-05-10 17:00:47.064] 4335,73,97,0.0
[2026-05-10 17:00:47.163] [GetTemp--2147478764]:i2c write failed
[2026-05-10 17:00:47.165] 4336,73,97,0.0
[2026-05-10 17:00:47.260] [GetTemp--2147478764]:i2c write failed
[2026-05-10 17:00:47.273] 4337,73,97,0.0
[2026-05-10 17:00:47.290] HR=83 SpO2=97 (raw:90/97 valid:1/1 sqi:1)
[2026-05-10 17:00:47.364] [GetTemp--2147478764]:i2c write failed
[2026-05-10 17:00:47.364] 4338,73,97,0.0
[2026-05-10 17:00:47.464] [GetTemp--2147478764]:i2c write failed
[2026-05-10 17:00:47.464] 4339,73,97,0.0
[2026-05-10 17:00:47.772] [GetTemp--2147478764]:i2c write failed
[2026-05-10 17:00:47.772] 4340,73,97,0.0
[2026-05-10 17:00:47.871] [GetTemp--2147478764]:i2c write failed
[2026-05-10 17:00:47.886] 4341,73,97,0.0
[2026-05-10 17:00:47.972] [GetTemp--2147478764]:i2c write failed
[2026-05-10 17:00:47.973] 4342,73,97,0.0
[2026-05-10 17:00:48.072] [GetTemp--2147478764]:i2c write failed
[2026-05-10 17:00:48.074] 4343,73,97,0.0
[2026-05-10 17:00:48.171] [GetTemp--2147478764]:i2c write failed
[2026-05-10 17:00:48.172] 4344,73,97,0.0
[2026-05-10 17:00:48.401] HR=83 SpO2=97 (raw:92/98 valid:1/1 sqi:1)
[2026-05-10 17:00:48.480] [GetTemp--2147478764]:i2c write failed
[2026-05-10 17:00:48.485] 4345,73,97,0.0
[2026-05-10 17:00:48.590] [GetTemp--2147478764]:i2c write failed
[2026-05-10 17:00:48.591] 4346,73,97,0.0
[2026-05-10 17:00:48.688] [GetTemp--2147478764]:i2c write failed
[2026-05-10 17:00:48.688] 4347,73,97,0.0
[2026-05-10 17:00:48.781] [GetTemp--2147478764]:i2c write failed
[2026-05-10 17:00:48.783] 4348,73,97,0.0
[2026-05-10 17:00:48.881] [GetTemp--2147478764]:i2c write failed
[2026-05-10 17:00:48.886] 4349,73,97,0.0
[2026-05-10 17:00:49.192] [GetTemp--2147478764]:i2c write failed
[2026-05-10 17:00:49.193] 4350,73,97,0.0
[2026-05-10 17:00:49.292] [GetTemp--2147478764]:i2c write failed
[2026-05-10 17:00:49.293] 4351,73,97,0.0
[2026-05-10 17:00:49.394] [GetTemp--2147478764]:i2c write failed
[2026-05-10 17:00:49.395] 4352,73,97,0.0
[2026-05-10 17:00:49.413] HR=90 SpO2=97 (raw:93/98 valid:1/1 sqi:1)
[2026-05-10 17:00:49.503] [GetTemp--2147478764]:i2c write failed
[2026-05-10 17:00:49.505] 4353,80,97,0.0
[2026-05-10 17:00:49.596] [GetTemp--2147478764]:i2c write failed
[2026-05-10 17:00:49.598] 4354,80,97,0.0
[2026-05-10 17:00:49.901] [GetTemp--2147478764]:i2c write failed
[2026-05-10 17:00:49.904] 4355,80,97,0.0
[2026-05-10 17:00:50.002] [GetTemp--2147478764]:i2c write failed
[2026-05-10 17:00:50.003] 4356,80,97,0.0
[2026-05-10 17:00:50.110] [GetTemp--2147478764]:i2c write failed
[2026-05-10 17:00:50.113] 4357,80,97,0.0
[2026-05-10 17:00:50.210] [GetTemp--2147478764]:i2c write failed
[2026-05-10 17:00:50.213] 4358,80,97,0.0
[2026-05-10 17:00:50.301] [GetTemp--2147478764]:i2c write failed
[2026-05-10 17:00:50.304] 4359,80,97,0.0
[2026-05-10 17:00:50.538] HR=92 SpO2=98 (raw:93/98 valid:1/1 sqi:1)
[2026-05-10 17:00:50.614] [GetTemp--2147478764]:i2c write failed
[2026-05-10 17:00:50.615] 4360,82,98,0.0
[2026-05-10 17:00:50.719] [GetTemp--2147478764]:i2c write failed
[2026-05-10 17:00:50.721] 4361,82,98,0.0
[2026-05-10 17:00:50.819] [GetTemp--2147478764]:i2c write failed
[2026-05-10 17:00:50.819] 4362,82,98,0.0
[2026-05-10 17:00:50.923] [GetTemp--2147478764]:i2c write failed
[2026-05-10 17:00:50.924] 4363,82,98,0.0
[2026-05-10 17:00:51.013] [GetTemp--2147478764]:i2c write failed
[2026-05-10 17:00:51.013] 4364,82,98,0.0
[2026-05-10 17:00:51.331] [GetTemp--2147478764]:i2c write failed
[2026-05-10 17:00:51.334] 4365,82,98,0.0
[2026-05-10 17:00:51.428] [GetTemp--2147478764]:i2c write failed
[2026-05-10 17:00:51.429] 4366,82,98,0.0
[2026-05-10 17:00:51.522] [GetTemp--2147478764]:i2c write failed
[2026-05-10 17:00:51.522] 4367,82,98,0.0
[2026-05-10 17:00:51.630] [GetTemp--2147478764]:i2c write failed
[2026-05-10 17:00:51.631] 4368,82,98,0.0
[2026-05-10 17:00:51.709] HR=93 SpO2=98 (raw:93/98 valid:1/1 sqi:1)
[2026-05-10 17:00:51.719] [GetTemp--2147478764]:i2c write failed
[2026-05-10 17:00:51.723] 4369,83,98,0.0
[2026-05-10 17:00:52.030] [GetTemp--2147478764]:i2c write failed
[2026-05-10 17:00:52.036] 4370,83,98,0.0
[2026-05-10 17:00:52.129] [GetTemp--2147478764]:i2c write failed
[2026-05-10 17:00:52.134] 4371,83,98,0.0
[2026-05-10 17:00:52.230] [GetTemp--2147478764]:i2c write failed
[2026-05-10 17:00:52.234] 4372,83,98,0.0
[2026-05-10 17:00:52.331] [GetTemp--2147478764]:i2c write failed
[2026-05-10 17:00:52.336] 4373,83,98,0.0
[2026-05-10 17:00:52.434] [GetTemp--2147478764]:i2c write failed
[2026-05-10 17:00:52.435] 4374,83,98,0.0
[2026-05-10 17:00:52.747] [GetTemp--2147478764]:i2c write failed
[2026-05-10 17:00:52.748] 4375,83,98,0.0
[2026-05-10 17:00:52.809] HR=93 SpO2=98 (raw:96/98 valid:1/1 sqi:1)
[2026-05-10 17:00:52.842] [GetTemp--2147478764]:i2c write failed
[2026-05-10 17:00:52.844] 4376,83,98,0.0
[2026-05-10 17:00:52.943] [GetTemp--2147478764]:i2c write failed
[2026-05-10 17:00:52.944] 4377,83,98,0.0
[2026-05-10 17:00:53.047] [GetTemp--2147478764]:i2c write failed
[2026-05-10 17:00:53.048] 4378,83,98,0.0
[2026-05-10 17:00:53.148] [GetTemp--2147478764]:i2c write failed
[2026-05-10 17:00:53.149] 4379,83,98,0.0
[2026-05-10 17:00:53.464] [GetTemp--2147478764]:i2c write failed
[2026-05-10 17:00:53.464] 4380,83,98,0.0
[2026-05-10 17:00:53.559] [GetTemp--2147478764]:i2c write failed
[2026-05-10 17:00:53.559] 4381,83,98,0.0
[2026-05-10 17:00:53.652] [GetTemp--2147478764]:i2c write failed
[2026-05-10 17:00:53.655] 4382,83,98,0.0
[2026-05-10 17:00:53.751] [GetTemp--2147478764]:i2c write failed
[2026-05-10 17:00:53.753] 4383,83,98,0.0
[2026-05-10 17:00:53.847] HR=93 SpO2=98 (raw:100/98 valid:1/1 sqi:1)
[2026-05-10 17:00:53.850] [GetTemp--2147478764]:i2c write failed
[2026-05-10 17:00:53.852] 4384,83,98,0.0
[2026-05-10 17:00:54.163] [GetTemp--2147478764]:i2c write failed
[2026-05-10 17:00:54.163] 4385,83,98,0.0
[2026-05-10 17:00:54.272] [GetTemp--2147478764]:i2c write failed
[2026-05-10 17:00:54.274] 4386,83,98,0.0
[2026-05-10 17:00:54.366] [GetTemp--2147478764]:i2c write failed
[2026-05-10 17:00:54.369] 4387,83,98,0.0
[2026-05-10 17:00:54.475] [GetTemp--2147478764]:i2c write failed
[2026-05-10 17:00:54.476] 4388,83,98,0.0
[2026-05-10 17:00:54.569] [GetTemp--2147478764]:i2c write failed
[2026-05-10 17:00:54.570] 4389,83,98,0.0
[2026-05-10 17:00:54.871] [GetTemp--2147478764]:i2c write failed
[2026-05-10 17:00:54.874] 4390,83,98,0.0
[2026-05-10 17:00:54.947] HR=96 SpO2=98 (raw:103/98 valid:1/1 sqi:1)
[2026-05-10 17:00:54.968] [GetTemp--2147478764]:i2c write failed
[2026-05-10 17:00:54.972] 4391,86,98,0.0
[2026-05-10 17:00:55.071] [GetTemp--2147478764]:i2c write failed
[2026-05-10 17:00:55.073] 4392,86,98,0.0
[2026-05-10 17:00:55.172] [GetTemp--2147478764]:i2c write failed
[2026-05-10 17:00:55.182] 4393,86,98,0.0
[2026-05-10 17:00:55.272] [GetTemp--2147478764]:i2c write failed
[2026-05-10 17:00:55.277] 4394,86,98,0.0
[2026-05-10 17:00:55.587] [GetTemp--2147478764]:i2c write failed
[2026-05-10 17:00:55.588] 4395,86,98,0.0
[2026-05-10 17:00:55.680] [GetTemp--2147478764]:i2c write failed
[2026-05-10 17:00:55.684] 4396,86,98,0.0
[2026-05-10 17:00:55.784] [GetTemp--2147478764]:i2c write failed
[2026-05-10 17:00:55.785] 4397,86,98,0.0
[2026-05-10 17:00:55.880] [GetTemp--2147478764]:i2c write failed
[2026-05-10 17:00:55.884] 4398,86,98,0.0
[2026-05-10 17:00:55.981] [GetTemp--2147478764]:i2c write failed
[2026-05-10 17:00:55.985] 4399,86,98,0.0
[2026-05-10 17:00:56.210] HR=100 SpO2=98 (raw:107/98 valid:1/1 sqi:1)
[2026-05-10 17:00:56.297] [GetTemp--2147478764]:i2c write failed
[2026-05-10 17:00:56.298] 4400,90,98,0.0
[2026-05-10 17:00:56.397] [GetTemp--2147478764]:i2c write failed
[2026-05-10 17:00:56.398] 4401,90,98,0.0
[2026-05-10 17:00:56.491] [GetTemp--2147478764]:i2c write failed
[2026-05-10 17:00:56.494] 4402,90,98,0.0
[2026-05-10 17:00:56.601] [GetTemp--2147478764]:i2c write failed
[2026-05-10 17:00:56.603] 4403,90,98,0.0
[2026-05-10 17:00:56.695] [GetTemp--2147478764]:i2c write failed
[2026-05-10 17:00:56.696] 4404,90,98,0.0
[2026-05-10 17:00:57.001] [GetTemp--2147478764]:i2c write failed
[2026-05-10 17:00:57.003] 4405,90,98,0.0
[2026-05-10 17:00:57.105] [GetTemp--2147478764]:i2c write failed
[2026-05-10 17:00:57.105] 4406,90,98,0.0
[2026-05-10 17:00:57.210] [GetTemp--2147478764]:i2c write failed
[2026-05-10 17:00:57.213] 4407,90,98,0.0
[2026-05-10 17:00:57.223] HR=103 SpO2=98 (raw:103/97 valid:1/1 sqi:1)
[2026-05-10 17:00:57.301] [GetTemp--2147478764]:i2c write failed
[2026-05-10 17:00:57.304] 4408,93,98,0.0
[2026-05-10 17:00:57.392] ReadLicenseData(), failed to get licdata string
[2026-05-10 17:00:57.394] VerifyLicense(), cannot read license data files
[2026-05-10 17:00:57.399] license_task_main() verify license invalid, reboot after 51 mins
[2026-05-10 17:00:57.405] [GetTemp--2147478764]:i2c write failed
[2026-05-10 17:00:57.408] 4409,93,98,0.0
[2026-05-10 17:00:57.718] [GetTemp--2147478764]:i2c write failed
[2026-05-10 17:00:57.718] 4410,93,98,0.0
[2026-05-10 17:00:57.822] [GetTemp--2147478764]:i2c write failed
[2026-05-10 17:00:57.822] 4411,93,98,0.0
[2026-05-10 17:00:57.910] [GetTemp--2147478764]:i2c write failed
[2026-05-10 17:00:57.914] 4412,93,98,0.0
[2026-05-10 17:00:58.015] [GetTemp--2147478764]:i2c write failed
[2026-05-10 17:00:58.016] 4413,93,98,0.0
[2026-05-10 17:00:58.110] [GetTemp--2147478764]:i2c write failed
[2026-05-10 17:00:58.113] 4414,93,98,0.0
[2026-05-10 17:00:58.343] HR=103 SpO2=98 (raw:101/97 valid:1/1 sqi:1)
[2026-05-10 17:00:58.426] [GetTemp--2147478764]:i2c write failed
[2026-05-10 17:00:58.426] 4415,93,98,0.0
[2026-05-10 17:00:58.534] [GetTemp--2147478764]:i2c write failed
[2026-05-10 17:00:58.534] 4416,93,98,0.0
[2026-05-10 17:00:58.630] [GetTemp--2147478764]:i2c write failed
[2026-05-10 17:00:58.630] 4417,93,98,0.0
[2026-05-10 17:00:58.723] [GetTemp--2147478764]:i2c write failed
[2026-05-10 17:00:58.724] 4418,93,98,0.0
[2026-05-10 17:00:58.821] [GetTemp--2147478764]:i2c write failed
[2026-05-10 17:00:58.825] 4419,93,98,0.0
[2026-05-10 17:00:59.131] [GetTemp--2147478764]:i2c write failed
[2026-05-10 17:00:59.134] 4420,93,98,0.0
[2026-05-10 17:00:59.234] [GetTemp--2147478764]:i2c write failed
[2026-05-10 17:00:59.235] 4421,93,98,0.0
[2026-05-10 17:00:59.331] [GetTemp--2147478764]:i2c write failed
[2026-05-10 17:00:59.335] 4422,93,98,0.0
[2026-05-10 17:00:59.353] HR=103 SpO2=97 (raw:98/97 valid:1/1 sqi:1)
[2026-05-10 17:00:59.440] [GetTemp--2147478764]:i2c write failed
[2026-05-10 17:00:59.442] 4423,93,97,0.0
[2026-05-10 17:00:59.533] [GetTemp--2147478764]:i2c write failed
[2026-05-10 17:00:59.534] 4424,93,97,0.0
[2026-05-10 17:00:59.843] [GetTemp--2147478764]:i2c write failed
[2026-05-10 17:00:59.844] 4425,93,97,0.0
[2026-05-10 17:00:59.940] [GetTemp--2147478764]:i2c write failed
[2026-05-10 17:00:59.960] 4426,93,97,0.0
[2026-05-10 17:01:00.042] [GetTemp--2147478764]:i2c write failed
[2026-05-10 17:01:00.042] 4427,93,97,0.0
[2026-05-10 17:01:00.142] [GetTemp--2147478764]:i2c write failed
[2026-05-10 17:01:00.143] 4428,93,97,0.0
[2026-05-10 17:01:00.243] [GetTemp--2147478764]:i2c write failed
[2026-05-10 17:01:00.243] 4429,93,97,0.0
[2026-05-10 17:01:00.556] [GetTemp--2147478764]:i2c write failed
[2026-05-10 17:01:00.556] 4430,93,97,0.0
[2026-05-10 17:01:00.618] HR=101 SpO2=97 (raw:93/97 valid:1/1 sqi:1)
[2026-05-10 17:01:00.664] [GetTemp--2147478764]:i2c write failed
[2026-05-10 17:01:00.664] 4431,91,97,0.0
[2026-05-10 17:01:00.755] [GetTemp--2147478764]:i2c write failed
[2026-05-10 17:01:00.755] 4432,91,97,0.0
[2026-05-10 17:01:00.852] [GetTemp--2147478764]:i2c write failed
[2026-05-10 17:01:00.856] 4433,91,97,0.0
[2026-05-10 17:01:00.952] [GetTemp--2147478764]:i2c write failed
[2026-05-10 17:01:00.956] 4434,91,97,0.0
[2026-05-10 17:01:01.263] [GetTemp--2147478764]:i2c write failed
[2026-05-10 17:01:01.265] 4435,91,97,0.0
[2026-05-10 17:01:01.363] [GetTemp--2147478764]:i2c write failed
[2026-05-10 17:01:01.367] 4436,91,97,0.0
[2026-05-10 17:01:01.473] [GetTemp--2147478764]:i2c write failed
[2026-05-10 17:01:01.474] 4437,91,97,0.0
[2026-05-10 17:01:01.567] [GetTemp--2147478764]:i2c write failed
[2026-05-10 17:01:01.568] 4438,91,97,0.0
[2026-05-10 17:01:01.661] HR=98 SpO2=97 (raw:93/97 valid:1/1 sqi:1)
[2026-05-10 17:01:01.663] [GetTemp--2147478764]:i2c write failed
[2026-05-10 17:01:01.664] 4439,88,97,0.0
[2026-05-10 17:01:01.976] [GetTemp--2147478764]:i2c write failed
[2026-05-10 17:01:01.978] 4440,88,97,0.0
[2026-05-10 17:01:02.071] [GetTemp--2147478764]:i2c write failed
[2026-05-10 17:01:02.074] 4441,88,97,0.0
[2026-05-10 17:01:02.172] [GetTemp--2147478764]:i2c write failed
[2026-05-10 17:01:02.174] 4442,88,97,0.0
[2026-05-10 17:01:02.283] [GetTemp--2147478764]:i2c write failed
[2026-05-10 17:01:02.284] 4443,88,97,0.0
[2026-05-10 17:01:02.372] [GetTemp--2147478764]:i2c write failed
[2026-05-10 17:01:02.373] 4444,88,97,0.0
[2026-05-10 17:01:02.680] [GetTemp--2147478764]:i2c write failed
[2026-05-10 17:01:02.696] 4445,88,97,0.0
[2026-05-10 17:01:02.750] HR=93 SpO2=97 (raw:90/98 valid:1/1 sqi:1)
[2026-05-10 17:01:02.780] [GetTemp--2147478764]:i2c write failed
[2026-05-10 17:01:02.784] 4446,83,97,0.0
[2026-05-10 17:01:02.884] [GetTemp--2147478764]:i2c write failed
[2026-05-10 17:01:02.888] 4447,83,97,0.0
[2026-05-10 17:01:02.980] [GetTemp--2147478764]:i2c write failed
[2026-05-10 17:01:02.984] 4448,83,97,0.0
[2026-05-10 17:01:03.081] [GetTemp--2147478764]:i2c write failed
[2026-05-10 17:01:03.084] 4449,83,97,0.0
[2026-05-10 17:01:03.401] [GetTemp--2147478764]:i2c write failed
[2026-05-10 17:01:03.401] 4450,83,97,0.0
[2026-05-10 17:01:03.494] [GetTemp--2147478764]:i2c write failed
[2026-05-10 17:01:03.494] 4451,83,97,0.0
[2026-05-10 17:01:03.603] [GetTemp--2147478764]:i2c write failed
[2026-05-10 17:01:03.604] 4452,83,97,0.0
[2026-05-10 17:01:03.693] [GetTemp--2147478764]:i2c write failed
[2026-05-10 17:01:03.693] 4453,83,97,0.0
[2026-05-10 17:01:03.789] HR=93 SpO2=97 (raw:90/97 valid:1/1 sqi:1)
[2026-05-10 17:01:03.789] [GetTemp--2147478764]:i2c write failed
[2026-05-10 17:01:03.794] 4454,83,97,0.0
[2026-05-10 17:01:04.101] [GetTemp--2147478764]:i2c write failed
[2026-05-10 17:01:04.105] 4455,83,97,0.0
[2026-05-10 17:01:04.203] [GetTemp--2147478764]:i2c write failed
[2026-05-10 17:01:04.203] 4456,83,97,0.0
[2026-05-10 17:01:04.301] [GetTemp--2147478764]:i2c write failed
[2026-05-10 17:01:04.317] 4457,83,97,0.0
[2026-05-10 17:01:04.410] [GetTemp--2147478764]:i2c write failed
[2026-05-10 17:01:04.411] 4458,83,97,0.0
[2026-05-10 17:01:04.506] [GetTemp--2147478764]:i2c write failed
[2026-05-10 17:01:04.506] 4459,83,97,0.0
[2026-05-10 17:01:04.813] [GetTemp--2147478764]:i2c write failed
[2026-05-10 17:01:04.813] 4460,83,97,0.0
[2026-05-10 17:01:04.915] [GetTemp--2147478764]:i2c write failed
[2026-05-10 17:01:04.917] 4461,83,97,0.0
[2026-05-10 17:01:05.010] [GetTemp--2147478764]:i2c write failed
[2026-05-10 17:01:05.016] 4462,83,97,0.0
[2026-05-10 17:01:05.033] HR=90 SpO2=97 (raw:90/97 valid:1/1 sqi:1)
[2026-05-10 17:01:05.111] [GetTemp--2147478764]:i2c write failed
[2026-05-10 17:01:05.113] 4463,80,97,0.0
[2026-05-10 17:01:05.213] [GetTemp--2147478764]:i2c write failed
[2026-05-10 17:01:05.214] 4464,80,97,0.0
[2026-05-10 17:01:05.524] [GetTemp--2147478764]:i2c write failed
[2026-05-10 17:01:05.524] 4465,80,97,0.0
[2026-05-10 17:01:05.633] [GetTemp--2147478764]:i2c write failed
[2026-05-10 17:01:05.634] 4466,80,97,0.0
[2026-05-10 17:01:05.726] [GetTemp--2147478764]:i2c write failed
[2026-05-10 17:01:05.726] 4467,80,97,0.0
[2026-05-10 17:01:05.822] [GetTemp--2147478764]:i2c write failed
[2026-05-10 17:01:05.824] 4468,80,97,0.0
[2026-05-10 17:01:05.921] [GetTemp--2147478764]:i2c write failed
[2026-05-10 17:01:05.924] 4469,80,97,0.0
[2026-05-10 17:01:06.151] HR=90 SpO2=97 (raw:93/97 valid:1/1 sqi:1)
[2026-05-10 17:01:06.235] [GetTemp--2147478764]:i2c write failed
[2026-05-10 17:01:06.235] 4470,80,97,0.0
[2026-05-10 17:01:06.332] [GetTemp--2147478764]:i2c write failed
[2026-05-10 17:01:06.333] 4471,80,97,0.0
[2026-05-10 17:01:06.441] [GetTemp--2147478764]:i2c write failed
[2026-05-10 17:01:06.442] 4472,80,97,0.0
[2026-05-10 17:01:06.535] [GetTemp--2147478764]:i2c write failed
[2026-05-10 17:01:06.536] 4473,80,97,0.0
[2026-05-10 17:01:06.639] [GetTemp--2147478764]:i2c write failed
[2026-05-10 17:01:06.640] 4474,80,97,0.0
[2026-05-10 17:01:06.943] [GetTemp--2147478764]:i2c write failed
[2026-05-10 17:01:06.944] 4475,80,97,0.0
[2026-05-10 17:01:07.042] [GetTemp--2147478764]:i2c write failed
[2026-05-10 17:01:07.043] 4476,80,97,0.0
[2026-05-10 17:01:07.142] [GetTemp--2147478764]:i2c write failed
[2026-05-10 17:01:07.145] 4477,80,97,0.0
[2026-05-10 17:01:07.165] HR=90 SpO2=97 (raw:93/98 valid:1/1 sqi:1)
[2026-05-10 17:01:07.242] [GetTemp--2147478764]:i2c write failed
[2026-05-10 17:01:07.244] 4478,80,97,0.0
[2026-05-10 17:01:07.343] [GetTemp--2147478764]:i2c write failed
[2026-05-10 17:01:07.343] 4479,80,97,0.0
[2026-05-10 17:01:07.660] [GetTemp--2147478764]:i2c write failed
[2026-05-10 17:01:07.661] 4480,80,97,0.0
[2026-05-10 17:01:07.751] [GetTemp--2147478764]:i2c write failed
[2026-05-10 17:01:07.754] 4481,80,97,0.0
[2026-05-10 17:01:07.855] [GetTemp--2147478764]:i2c write failed
[2026-05-10 17:01:07.856] 4482,80,97,0.0
[2026-05-10 17:01:07.955] [GetTemp--2147478764]:i2c write failed
[2026-05-10 17:01:07.956] 4483,80,97,0.0
[2026-05-10 17:01:08.055] [GetTemp--2147478764]:i2c write failed
[2026-05-10 17:01:08.055] 4484,80,97,0.0
[2026-05-10 17:01:08.281] HR=92 SpO2=97 (raw:92/98 valid:1/1 sqi:1)
[2026-05-10 17:01:08.369] [GetTemp--2147478764]:i2c write failed
[2026-05-10 17:01:08.370] 4485,82,97,0.0
[2026-05-10 17:01:08.462] [GetTemp--2147478764]:i2c write failed
[2026-05-10 17:01:08.463] 4486,82,97,0.0
[2026-05-10 17:01:08.572] [GetTemp--2147478764]:i2c write failed
[2026-05-10 17:01:08.572] 4487,82,97,0.0
[2026-05-10 17:01:08.672] [GetTemp--2147478764]:i2c write failed
[2026-05-10 17:01:08.672] 4488,82,97,0.0
[2026-05-10 17:01:08.765] [GetTemp--2147478764]:i2c write failed
[2026-05-10 17:01:08.765] 4489,82,97,0.0
[2026-05-10 17:01:09.072] [GetTemp--2147478764]:i2c write failed
[2026-05-10 17:01:09.074] 4490,82,97,0.0
[2026-05-10 17:01:09.172] [GetTemp--2147478764]:i2c write failed
[2026-05-10 17:01:09.173] 4491,82,97,0.0
[2026-05-10 17:01:09.272] [GetTemp--2147478764]:i2c write failed
[2026-05-10 17:01:09.281] 4492,82,97,0.0
[2026-05-10 17:01:09.381] [GetTemp--2147478764]:i2c write failed
[2026-05-10 17:01:09.384] 4493,82,97,0.0
[2026-05-10 17:01:09.474] HR=93 SpO2=97 (raw:93/97 valid:1/1 sqi:1)
[2026-05-10 17:01:09.476] [GetTemp--2147478764]:i2c write failed
[2026-05-10 17:01:09.477] 4494,83,97,0.0
[2026-05-10 17:01:09.784] [GetTemp--2147478764]:i2c write failed
[2026-05-10 17:01:09.785] 4495,83,97,0.0
[2026-05-10 17:01:09.880] [GetTemp--2147478764]:i2c write failed
[2026-05-10 17:01:09.884] 4496,83,97,0.0
[2026-05-10 17:01:09.982] [GetTemp--2147478764]:i2c write failed
[2026-05-10 17:01:09.984] 4497,83,97,0.0
[2026-05-10 17:01:10.086] [GetTemp--2147478764]:i2c write failed
[2026-05-10 17:01:10.088] 4498,83,97,0.0
[2026-05-10 17:01:10.189] [GetTemp--2147478764]:i2c write failed
[2026-05-10 17:01:10.190] 4499,83,97,0.0
[2026-05-10 17:01:10.503] [GetTemp--2147478764]:i2c write failed
[2026-05-10 17:01:10.504] 4500,83,97,0.0
[2026-05-10 17:01:10.565] HR=93 SpO2=97 (raw:95/97 valid:1/1 sqi:1)
[2026-05-10 17:01:10.590] [GetTemp--2147478764]:i2c write failed
[2026-05-10 17:01:10.593] 4501,83,97,0.0
[2026-05-10 17:01:10.693] [GetTemp--2147478764]:i2c write failed
[2026-05-10 17:01:10.695] 4502,83,97,0.0
[2026-05-10 17:01:10.801] [GetTemp--2147478764]:i2c write failed
[2026-05-10 17:01:10.803] 4503,83,97,0.0
[2026-05-10 17:01:10.893] [GetTemp--2147478764]:i2c write failed
[2026-05-10 17:01:10.894] 4504,83,97,0.0
[2026-05-10 17:01:11.201] [GetTemp--2147478764]:i2c write failed
[2026-05-10 17:01:11.213] 4505,83,97,0.0
[2026-05-10 17:01:11.301] [GetTemp--2147478764]:i2c write failed
[2026-05-10 17:01:11.305] 4506,83,97,0.0
[2026-05-10 17:01:11.413] [GetTemp--2147478764]:i2c write failed
[2026-05-10 17:01:11.414] 4507,83,97,0.0
[2026-05-10 17:01:11.507] [GetTemp--2147478764]:i2c write failed
[2026-05-10 17:01:11.510] 4508,83,97,0.0
[2026-05-10 17:01:11.601] HR=93 SpO2=98 (raw:95/98 valid:1/1 sqi:1)
[2026-05-10 17:01:11.602] [GetTemp--2147478764]:i2c write failed
[2026-05-10 17:01:11.604] 4509,83,98,0.0
[2026-05-10 17:01:11.910] [GetTemp--2147478764]:i2c write failed
[2026-05-10 17:01:11.916] 4510,83,98,0.0
[2026-05-10 17:01:12.014] [GetTemp--2147478764]:i2c write failed
[2026-05-10 17:01:12.015] 4511,83,98,0.0
[2026-05-10 17:01:12.115] [GetTemp--2147478764]:i2c write failed
[2026-05-10 17:01:12.115] 4512,83,98,0.0
[2026-05-10 17:01:12.215] [GetTemp--2147478764]:i2c write failed
[2026-05-10 17:01:12.217] 4513,83,98,0.0
[2026-05-10 17:01:12.310] [GetTemp--2147478764]:i2c write failed
[2026-05-10 17:01:12.314] 4514,83,98,0.0
[2026-05-10 17:01:12.552] HR=93 SpO2=98 (raw:92/98 valid:1/1 sqi:1)
[2026-05-10 17:01:12.626] [GetTemp--2147478764]:i2c write failed
[2026-05-10 17:01:12.628] 4515,83,98,0.0
[2026-05-10 17:01:12.722] [GetTemp--2147478764]:i2c write failed
[2026-05-10 17:01:12.724] 4516,83,98,0.0
[2026-05-10 17:01:12.822] [GetTemp--2147478764]:i2c write failed
[2026-05-10 17:01:12.826] 4517,83,98,0.0
[2026-05-10 17:01:12.926] [GetTemp--2147478764]:i2c write failed
[2026-05-10 17:01:12.928] 4518,83,98,0.0
[2026-05-10 17:01:13.031] [GetTemp--2147478764]:i2c write failed
[2026-05-10 17:01:13.033] 4519,83,98,0.0
[2026-05-10 17:01:13.336] [GetTemp--2147478764]:i2c write failed
[2026-05-10 17:01:13.336] 4520,83,98,0.0
[2026-05-10 17:01:13.444] [GetTemp--2147478764]:i2c write failed
[2026-05-10 17:01:13.444] 4521,83,98,0.0
[2026-05-10 17:01:13.537] [GetTemp--2147478764]:i2c write failed
[2026-05-10 17:01:13.538] 4522,83,98,0.0
[2026-05-10 17:01:13.630] [GetTemp--2147478764]:i2c write failed
[2026-05-10 17:01:13.642] 4523,83,98,0.0
[2026-05-10 17:01:13.731] [GetTemp--2147478764]:i2c write failed
[2026-05-10 17:01:13.735] 4524,83,98,0.0
[2026-05-10 17:01:13.964] HR=93 SpO2=98 (raw:90/98 valid:1/1 sqi:1)
[2026-05-10 17:01:14.052] [GetTemp--2147478764]:i2c write failed
[2026-05-10 17:01:14.053] 4525,83,98,0.0
[2026-05-10 17:01:14.155] [GetTemp--2147478764]:i2c write failed
[2026-05-10 17:01:14.156] 4526,83,98,0.0
[2026-05-10 17:01:14.243] [GetTemp--2147478764]:i2c write failed
[2026-05-10 17:01:14.243] 4527,83,98,0.0
[2026-05-10 17:01:14.343] [GetTemp--2147478764]:i2c write failed
[2026-05-10 17:01:14.343] 4528,83,98,0.0
[2026-05-10 17:01:14.446] [GetTemp--2147478764]:i2c write failed
[2026-05-10 17:01:14.446] 4529,83,98,0.0
[2026-05-10 17:01:14.751] [GetTemp--2147478764]:i2c write failed
[2026-05-10 17:01:14.755] 4530,83,98,0.0
[2026-05-10 17:01:14.852] [GetTemp--2147478764]:i2c write failed
[2026-05-10 17:01:14.853] 4531,83,98,0.0
[2026-05-10 17:01:14.951] [GetTemp--2147478764]:i2c write failed
[2026-05-10 17:01:14.955] 4532,83,98,0.0
[2026-05-10 17:01:14.975] HR=92 SpO2=98 (raw:92/98 valid:1/1 sqi:1)
[2026-05-10 17:01:15.051] [GetTemp--2147478764]:i2c write failed
[2026-05-10 17:01:15.055] 4533,82,98,0.0
[2026-05-10 17:01:15.152] [GetTemp--2147478764]:i2c write failed
[2026-05-10 17:01:15.153] 4534,82,98,0.0
[2026-05-10 17:01:15.464] [GetTemp--2147478764]:i2c write failed
[2026-05-10 17:01:15.465] 4535,82,98,0.0
[2026-05-10 17:01:15.573] [GetTemp--2147478764]:i2c write failed
[2026-05-10 17:01:15.573] 4536,82,98,0.0
[2026-05-10 17:01:15.663] [GetTemp--2147478764]:i2c write failed
[2026-05-10 17:01:15.663] 4537,82,98,0.0
[2026-05-10 17:01:15.764] [GetTemp--2147478764]:i2c write failed
[2026-05-10 17:01:15.766] 4538,82,98,0.0
[2026-05-10 17:01:15.863] [GetTemp--2147478764]:i2c write failed
[2026-05-10 17:01:15.865] 4539,82,98,0.0
[2026-05-10 17:01:16.093] HR=92 SpO2=98 (raw:96/97 valid:1/1 sqi:1)
[2026-05-10 17:01:16.180] [GetTemp--2147478764]:i2c write failed
[2026-05-10 17:01:16.183] 4540,82,98,0.0
[2026-05-10 17:01:16.281] [GetTemp--2147478764]:i2c write failed
[2026-05-10 17:01:16.282] 4541,82,98,0.0
[2026-05-10 17:01:16.381] [GetTemp--2147478764]:i2c write failed
[2026-05-10 17:01:16.383] 4542,82,98,0.0
[2026-05-10 17:01:16.473] [GetTemp--2147478764]:i2c write failed
[2026-05-10 17:01:16.473] 4543,82,98,0.0
[2026-05-10 17:01:16.582] [GetTemp--2147478764]:i2c write failed
[2026-05-10 17:01:16.584] 4544,82,98,0.0
[2026-05-10 17:01:16.890] [GetTemp--2147478764]:i2c write failed
[2026-05-10 17:01:16.890] 4545,82,98,0.0
[2026-05-10 17:01:16.988] [GetTemp--2147478764]:i2c write failed
[2026-05-10 17:01:16.988] 4546,82,98,0.0
[2026-05-10 17:01:17.080] [GetTemp--2147478764]:i2c write failed
[2026-05-10 17:01:17.097] 4547,82,98,0.0
[2026-05-10 17:01:17.106] HR=92 SpO2=98 (raw:96/98 valid:1/1 sqi:1)
[2026-05-10 17:01:17.181] [GetTemp--2147478764]:i2c write failed
[2026-05-10 17:01:17.194] 4548,82,98,0.0
[2026-05-10 17:01:17.281] [GetTemp--2147478764]:i2c write failed
[2026-05-10 17:01:17.285] 4549,82,98,0.0
[2026-05-10 17:01:17.598] [GetTemp--2147478764]:i2c write failed
[2026-05-10 17:01:17.600] 4550,82,98,0.0
[2026-05-10 17:01:17.693] [GetTemp--2147478764]:i2c write failed
[2026-05-10 17:01:17.697] 4551,82,98,0.0
[2026-05-10 17:01:17.793] [GetTemp--2147478764]:i2c write failed
[2026-05-10 17:01:17.796] 4552,82,98,0.0
[2026-05-10 17:01:17.893] [GetTemp--2147478764]:i2c write failed
[2026-05-10 17:01:17.894] 4553,82,98,0.0
[2026-05-10 17:01:17.993] [GetTemp--2147478764]:i2c write failed
[2026-05-10 17:01:17.993] 4554,82,98,0.0
[2026-05-10 17:01:18.301] [GetTemp--2147478764]:i2c write failed
[2026-05-10 17:01:18.314] 4555,82,98,0.0
[2026-05-10 17:01:18.382] HR=92 SpO2=98 (raw:90/97 valid:1/1 sqi:1)
[2026-05-10 17:01:18.401] [GetTemp--2147478764]:i2c write failed
[2026-05-10 17:01:18.402] 4556,82,98,0.0
[2026-05-10 17:01:18.505] [GetTemp--2147478764]:i2c write failed
[2026-05-10 17:01:18.505] 4557,82,98,0.0
[2026-05-10 17:01:18.615] [GetTemp--2147478764]:i2c write failed
[2026-05-10 17:01:18.616] 4558,82,98,0.0
[2026-05-10 17:01:18.701] [GetTemp--2147478764]:i2c write failed
[2026-05-10 17:01:18.705] 4559,82,98,0.0
[2026-05-10 17:01:19.013] [GetTemp--2147478764]:i2c write failed
[2026-05-10 17:01:19.014] 4560,82,98,0.0
[2026-05-10 17:01:19.111] [GetTemp--2147478764]:i2c write failed
[2026-05-10 17:01:19.113] 4561,82,98,0.0
[2026-05-10 17:01:19.213] [GetTemp--2147478764]:i2c write failed
[2026-05-10 17:01:19.214] 4562,82,98,0.0
[2026-05-10 17:01:19.314] [GetTemp--2147478764]:i2c write failed
[2026-05-10 17:01:19.314] 4563,82,98,0.0
[2026-05-10 17:01:19.412] HR=92 SpO2=97 (raw:90/97 valid:1/1 sqi:1)
[2026-05-10 17:01:19.412] [GetTemp--2147478764]:i2c write failed
[2026-05-10 17:01:19.415] 4564,82,97,0.0
[2026-05-10 17:01:19.722] [GetTemp--2147478764]:i2c write failed
[2026-05-10 17:01:19.723] 4565,82,97,0.0
[2026-05-10 17:01:19.822] [GetTemp--2147478764]:i2c write failed
[2026-05-10 17:01:19.823] 4566,82,97,0.0
[2026-05-10 17:01:19.922] [GetTemp--2147478764]:i2c write failed
[2026-05-10 17:01:19.923] 4567,82,97,0.0
[2026-05-10 17:01:20.026] [GetTemp--2147478764]:i2c write failed
[2026-05-10 17:01:20.026] 4568,82,97,0.0
[2026-05-10 17:01:20.122] [GetTemp--2147478764]:i2c write failed
[2026-05-10 17:01:20.124] 4569,82,97,0.0
[2026-05-10 17:01:20.440] [GetTemp--2147478764]:i2c write failed
[2026-05-10 17:01:20.441] 4570,82,97,0.0
[2026-05-10 17:01:20.502] HR=93 SpO2=97 (raw:93/98 valid:1/1 sqi:1)
[2026-05-10 17:01:20.530] [GetTemp--2147478764]:i2c write failed
[2026-05-10 17:01:20.533] 4571,83,97,0.0
[2026-05-10 17:01:20.643] [GetTemp--2147478764]:i2c write failed
[2026-05-10 17:01:20.644] 4572,83,97,0.0
[2026-05-10 17:01:20.731] [GetTemp--2147478764]:i2c write failed
[2026-05-10 17:01:20.735] 4573,83,97,0.0
[2026-05-10 17:01:20.842] [GetTemp--2147478764]:i2c write failed
[2026-05-10 17:01:20.843] 4574,83,97,0.0
[2026-05-10 17:01:21.143] [GetTemp--2147478764]:i2c write failed
[2026-05-10 17:01:21.144] 4575,83,97,0.0
[2026-05-10 17:01:21.243] [GetTemp--2147478764]:i2c write failed
[2026-05-10 17:01:21.244] 4576,83,97,0.0
[2026-05-10 17:01:21.343] [GetTemp--2147478764]:i2c write failed
[2026-05-10 17:01:21.343] 4577,83,97,0.0
[2026-05-10 17:01:21.444] [GetTemp--2147478764]:i2c write failed
[2026-05-10 17:01:21.444] 4578,83,97,0.0
[2026-05-10 17:01:21.538] HR=93 SpO2=98 (raw:95/98 valid:1/1 sqi:1)
[2026-05-10 17:01:21.540] [GetTemp--2147478764]:i2c write failed
[2026-05-10 17:01:21.544] 4579,83,98,0.0
[2026-05-10 17:01:21.852] [GetTemp--2147478764]:i2c write failed
[2026-05-10 17:01:21.855] 4580,83,98,0.0
[2026-05-10 17:01:21.952] [GetTemp--2147478764]:i2c write failed
[2026-05-10 17:01:21.955] 4581,83,98,0.0
[2026-05-10 17:01:22.052] [GetTemp--2147478764]:i2c write failed
[2026-05-10 17:01:22.052] 4582,83,98,0.0
[2026-05-10 17:01:22.151] [GetTemp--2147478764]:i2c write failed
[2026-05-10 17:01:22.156] 4583,83,98,0.0
[2026-05-10 17:01:22.255] [GetTemp--2147478764]:i2c write failed
[2026-05-10 17:01:22.255] 4584,83,98,0.0
[2026-05-10 17:01:22.568] [GetTemp--2147478764]:i2c write failed
[2026-05-10 17:01:22.569] 4585,83,98,0.0
[2026-05-10 17:01:22.663] [GetTemp--2147478764]:i2c write failed
[2026-05-10 17:01:22.665] 4586,83,98,0.0
[2026-05-10 17:01:22.761] [GetTemp--2147478764]:i2c write failed
[2026-05-10 17:01:22.767] 4587,83,98,0.0
[2026-05-10 17:01:22.783] HR=93 SpO2=98 (raw:95/98 valid:1/1 sqi:1)
[2026-05-10 17:01:22.864] [GetTemp--2147478764]:i2c write failed
[2026-05-10 17:01:22.865] 4588,83,98,0.0
[2026-05-10 17:01:22.963] [GetTemp--2147478764]:i2c write failed
[2026-05-10 17:01:22.964] 4589,83,98,0.0
[2026-05-10 17:01:23.276] [GetTemp--2147478764]:i2c write failed
[2026-05-10 17:01:23.278] 4590,83,98,0.0
[2026-05-10 17:01:23.384] [GetTemp--2147478764]:i2c write failed
[2026-05-10 17:01:23.386] 4591,83,98,0.0
[2026-05-10 17:01:23.485] [GetTemp--2147478764]:i2c write failed
[2026-05-10 17:01:23.486] 4592,83,98,0.0
[2026-05-10 17:01:23.578] [GetTemp--2147478764]:i2c write failed
[2026-05-10 17:01:23.579] 4593,83,98,0.0
[2026-05-10 17:01:23.672] [GetTemp--2147478764]:i2c write failed
[2026-05-10 17:01:23.672] 4594,83,98,0.0
[2026-05-10 17:01:23.897] HR=93 SpO2=98 (raw:85/97 valid:1/1 sqi:1)
[2026-05-10 17:01:23.980] [GetTemp--2147478764]:i2c write failed
[2026-05-10 17:01:23.991] 4595,83,98,0.0
[2026-05-10 17:01:24.081] [GetTemp--2147478764]:i2c write failed
[2026-05-10 17:01:24.087] 4596,83,98,0.0
[2026-05-10 17:01:24.180] [GetTemp--2147478764]:i2c write failed
[2026-05-10 17:01:24.192] 4597,83,98,0.0
[2026-05-10 17:01:24.280] [GetTemp--2147478764]:i2c write failed
[2026-05-10 17:01:24.288] 4598,83,98,0.0
[2026-05-10 17:01:24.393] [GetTemp--2147478764]:i2c write failed
[2026-05-10 17:01:24.395] 4599,83,98,0.0
[2026-05-10 17:01:24.694] [GetTemp--2147478764]:i2c write failed
[2026-05-10 17:01:24.695] 4600,83,98,0.0
[2026-05-10 17:01:24.794] [GetTemp--2147478764]:i2c write failed
[2026-05-10 17:01:24.795] 4601,83,98,0.0
[2026-05-10 17:01:24.899] [GetTemp--2147478764]:i2c write failed
[2026-05-10 17:01:24.901] 4602,83,98,0.0
[2026-05-10 17:01:24.916] HR=93 SpO2=98 (raw:83/97 valid:1/1 sqi:1)
[2026-05-10 17:01:24.997] [GetTemp--2147478764]:i2c write failed
[2026-05-10 17:01:24.998] 4603,83,98,0.0
[2026-05-10 17:01:25.104] [GetTemp--2147478764]:i2c write failed
[2026-05-10 17:01:25.104] 4604,83,98,0.0
[2026-05-10 17:01:25.412] [GetTemp--2147478764]:i2c write failed
[2026-05-10 17:01:25.413] 4605,83,98,0.0
[2026-05-10 17:01:25.506] [GetTemp--2147478764]:i2c write failed
[2026-05-10 17:01:25.506] 4606,83,98,0.0
[2026-05-10 17:01:25.616] [GetTemp--2147478764]:i2c write failed
[2026-05-10 17:01:25.617] 4607,83,98,0.0
[2026-05-10 17:01:25.705] [GetTemp--2147478764]:i2c write failed
[2026-05-10 17:01:25.706] 4608,83,98,0.0
[2026-05-10 17:01:25.803] [GetTemp--2147478764]:i2c write failed
[2026-05-10 17:01:25.803] 4609,83,98,0.0
[2026-05-10 17:01:26.034] HR=85 SpO2=97 (raw:84/97 valid:1/1 sqi:1)
[2026-05-10 17:01:26.111] [GetTemp--2147478764]:i2c write failed
[2026-05-10 17:01:26.113] 4610,75,97,0.0
[2026-05-10 17:01:26.213] [GetTemp--2147478764]:i2c write failed
[2026-05-10 17:01:26.214] 4611,75,97,0.0
[2026-05-10 17:01:26.311] [GetTemp--2147478764]:i2c write failed
[2026-05-10 17:01:26.314] 4612,75,97,0.0
[2026-05-10 17:01:26.416] [GetTemp--2147478764]:i2c write failed
[2026-05-10 17:01:26.417] 4613,75,97,0.0
[2026-05-10 17:01:26.525] [GetTemp--2147478764]:i2c write failed
[2026-05-10 17:01:26.526] 4614,75,97,0.0
[2026-05-10 17:01:26.821] [GetTemp--2147478764]:i2c write failed
[2026-05-10 17:01:26.826] 4615,75,97,0.0
[2026-05-10 17:01:26.932] [GetTemp--2147478764]:i2c write failed
[2026-05-10 17:01:26.934] 4616,75,97,0.0
[2026-05-10 17:01:27.026] [GetTemp--2147478764]:i2c write failed
[2026-05-10 17:01:27.027] 4617,75,97,0.0
[2026-05-10 17:01:27.122] [GetTemp--2147478764]:i2c write failed
[2026-05-10 17:01:27.126] 4618,75,97,0.0
[2026-05-10 17:01:27.214] HR=84 SpO2=97 (raw:84/98 valid:1/1 sqi:1)
[2026-05-10 17:01:27.222] [GetTemp--2147478764]:i2c write failed
[2026-05-10 17:01:27.224] 4619,74,97,0.0
[2026-05-10 17:01:27.535] [GetTemp--2147478764]:i2c write failed
[2026-05-10 17:01:27.535] 4620,74,97,0.0
[2026-05-10 17:01:27.646] [GetTemp--2147478764]:i2c write failed
[2026-05-10 17:01:27.646] 4621,74,97,0.0
[2026-05-10 17:01:27.739] [GetTemp--2147478764]:i2c write failed
[2026-05-10 17:01:27.739] 4622,74,97,0.0
[2026-05-10 17:01:27.831] [GetTemp--2147478764]:i2c write failed
[2026-05-10 17:01:27.840] 4623,74,97,0.0
[2026-05-10 17:01:27.931] [GetTemp--2147478764]:i2c write failed
[2026-05-10 17:01:27.934] 4624,74,97,0.0
[2026-05-10 17:01:28.172] HR=84 SpO2=97 (raw:84/97 valid:1/1 sqi:1)
[2026-05-10 17:01:28.243] [GetTemp--2147478764]:i2c write failed
[2026-05-10 17:01:28.243] 4625,74,97,0.0
[2026-05-10 17:01:28.344] [GetTemp--2147478764]:i2c write failed
[2026-05-10 17:01:28.344] 4626,74,97,0.0
[2026-05-10 17:01:28.441] [GetTemp--2147478764]:i2c write failed
[2026-05-10 17:01:28.445] 4627,74,97,0.0
[2026-05-10 17:01:28.549] [GetTemp--2147478764]:i2c write failed
[2026-05-10 17:01:28.551] 4628,74,97,0.0
[2026-05-10 17:01:28.642] [GetTemp--2147478764]:i2c write failed
[2026-05-10 17:01:28.643] 4629,74,97,0.0
[2026-05-10 17:01:28.951] [GetTemp--2147478764]:i2c write failed
[2026-05-10 17:01:28.957] 4630,74,97,0.0
[2026-05-10 17:01:29.060] [GetTemp--2147478764]:i2c write failed
[2026-05-10 17:01:29.061] 4631,74,97,0.0
[2026-05-10 17:01:29.152] [GetTemp--2147478764]:i2c write failed
[2026-05-10 17:01:29.164] 4632,74,97,0.0
[2026-05-10 17:01:29.253] [GetTemp--2147478764]:i2c write failed
[2026-05-10 17:01:29.256] 4633,74,97,0.0
[2026-05-10 17:01:29.336] HR=84 SpO2=97 (raw:86/97 valid:1/1 sqi:1)
[2026-05-10 17:01:29.351] [GetTemp--2147478764]:i2c write failed
[2026-05-10 17:01:29.353] 4634,74,97,0.0
[2026-05-10 17:01:29.669] [GetTemp--2147478764]:i2c write failed
[2026-05-10 17:01:29.670] 4635,74,97,0.0
[2026-05-10 17:01:29.761] [GetTemp--2147478764]:i2c write failed
[2026-05-10 17:01:29.765] 4636,74,97,0.0
[2026-05-10 17:01:29.864] [GetTemp--2147478764]:i2c write failed
[2026-05-10 17:01:29.866] 4637,74,97,0.0
[2026-05-10 17:01:29.964] [GetTemp--2147478764]:i2c write failed
[2026-05-10 17:01:29.966] 4638,74,97,0.0
[2026-05-10 17:01:30.064] [GetTemp--2147478764]:i2c write failed
[2026-05-10 17:01:30.064] 4639,74,97,0.0
[2026-05-10 17:01:30.370] [GetTemp--2147478764]:i2c write failed
[2026-05-10 17:01:30.378] 4640,74,97,0.0
[2026-05-10 17:01:30.448] HR=84 SpO2=97 (raw:89/97 valid:1/1 sqi:1)
[2026-05-10 17:01:30.470] [GetTemp--2147478764]:i2c write failed
[2026-05-10 17:01:30.475] 4641,74,97,0.0
[2026-05-10 17:01:30.574] [GetTemp--2147478764]:i2c write failed
[2026-05-10 17:01:30.575] 4642,74,97,0.0
[2026-05-10 17:01:30.672] [GetTemp--2147478764]:i2c write failed
[2026-05-10 17:01:30.674] 4643,74,97,0.0
[2026-05-10 17:01:30.772] [GetTemp--2147478764]:i2c write failed
[2026-05-10 17:01:30.773] 4644,74,97,0.0
[2026-05-10 17:01:31.082] [GetTemp--2147478764]:i2c write failed
[2026-05-10 17:01:31.087] 4645,74,97,0.0
[2026-05-10 17:01:31.185] [GetTemp--2147478764]:i2c write failed
[2026-05-10 17:01:31.185] 4646,74,97,0.0
[2026-05-10 17:01:31.281] [GetTemp--2147478764]:i2c write failed
[2026-05-10 17:01:31.289] 4647,74,97,0.0
[2026-05-10 17:01:31.395] [GetTemp--2147478764]:i2c write failed
[2026-05-10 17:01:31.395] 4648,74,97,0.0
[2026-05-10 17:01:31.488] [GetTemp--2147478764]:i2c write failed
[2026-05-10 17:01:31.488] 4649,74,97,0.0
[2026-05-10 17:01:31.711] HR=86 SpO2=97 (raw:92/97 valid:1/1 sqi:1)
[2026-05-10 17:01:31.793] [GetTemp--2147478764]:i2c write failed
[2026-05-10 17:01:31.794] 4650,76,97,0.0
[2026-05-10 17:01:31.893] [GetTemp--2147478764]:i2c write failed
[2026-05-10 17:01:31.893] 4651,76,97,0.0
[2026-05-10 17:01:32.002] [GetTemp--2147478764]:i2c write failed
[2026-05-10 17:01:32.003] 4652,76,97,0.0
[2026-05-10 17:01:32.104] [GetTemp--2147478764]:i2c write failed
[2026-05-10 17:01:32.105] 4653,76,97,0.0
[2026-05-10 17:01:32.193] [GetTemp--2147478764]:i2c write failed
[2026-05-10 17:01:32.194] 4654,76,97,0.0
[2026-05-10 17:01:32.513] [GetTemp--2147478764]:i2c write failed
[2026-05-10 17:01:32.514] 4655,76,97,0.0
[2026-05-10 17:01:32.605] [GetTemp--2147478764]:i2c write failed
[2026-05-10 17:01:32.606] 4656,76,97,0.0
[2026-05-10 17:01:32.702] [GetTemp--2147478764]:i2c write failed
[2026-05-10 17:01:32.702] 4657,76,97,0.0
[2026-05-10 17:01:32.728] HR=89 SpO2=97 (raw:92/98 valid:1/1 sqi:1)
[2026-05-10 17:01:32.801] [GetTemp--2147478764]:i2c write failed
[2026-05-10 17:01:32.803] 4658,79,97,0.0
[2026-05-10 17:01:32.902] [GetTemp--2147478764]:i2c write failed
[2026-05-10 17:01:32.906] 4659,79,97,0.0
[2026-05-10 17:01:33.214] [GetTemp--2147478764]:i2c write failed
[2026-05-10 17:01:33.214] 4660,79,97,0.0
[2026-05-10 17:01:33.311] [GetTemp--2147478764]:i2c write failed
[2026-05-10 17:01:33.314] 4661,79,97,0.0
[2026-05-10 17:01:33.421] [GetTemp--2147478764]:i2c write failed
[2026-05-10 17:01:33.422] 4662,79,97,0.0
[2026-05-10 17:01:33.514] [GetTemp--2147478764]:i2c write failed
[2026-05-10 17:01:33.514] 4663,79,97,0.0
[2026-05-10 17:01:33.621] [GetTemp--2147478764]:i2c write failed
[2026-05-10 17:01:33.621] 4664,79,97,0.0
[2026-05-10 17:01:33.843] HR=92 SpO2=97 (raw:92/98 valid:1/1 sqi:1)
[2026-05-10 17:01:33.922] [GetTemp--2147478764]:i2c write failed
[2026-05-10 17:01:33.923] 4665,82,97,0.0
[2026-05-10 17:01:34.022] [GetTemp--2147478764]:i2c write failed
[2026-05-10 17:01:34.024] 4666,82,97,0.0
[2026-05-10 17:01:34.122] [GetTemp--2147478764]:i2c write failed
[2026-05-10 17:01:34.123] 4667,82,97,0.0
[2026-05-10 17:01:34.222] [GetTemp--2147478764]:i2c write failed
[2026-05-10 17:01:34.224] 4668,82,97,0.0
[2026-05-10 17:01:34.322] [GetTemp--2147478764]:i2c write failed
[2026-05-10 17:01:34.324] 4669,82,97,0.0
[2026-05-10 17:01:34.631] [GetTemp--2147478764]:i2c write failed
[2026-05-10 17:01:34.647] 4670,82,97,0.0
[2026-05-10 17:01:34.739] [GetTemp--2147478764]:i2c write failed
[2026-05-10 17:01:34.739] 4671,82,97,0.0
[2026-05-10 17:01:34.831] [GetTemp--2147478764]:i2c write failed
[2026-05-10 17:01:34.835] 4672,82,97,0.0
[2026-05-10 17:01:34.861] HR=92 SpO2=97 (raw:89/97 valid:1/1 sqi:1)
[2026-05-10 17:01:34.935] [GetTemp--2147478764]:i2c write failed
[2026-05-10 17:01:34.937] 4673,82,97,0.0
[2026-05-10 17:01:35.035] [GetTemp--2147478764]:i2c write failed
[2026-05-10 17:01:35.035] 4674,82,97,0.0
[2026-05-10 17:01:35.344] [GetTemp--2147478764]:i2c write failed
[2026-05-10 17:01:35.344] 4675,82,97,0.0
[2026-05-10 17:01:35.446] [GetTemp--2147478764]:i2c write failed
[2026-05-10 17:01:35.446] 4676,82,97,0.0
[2026-05-10 17:01:35.554] [GetTemp--2147478764]:i2c write failed
[2026-05-10 17:01:35.555] 4677,82,97,0.0
[2026-05-10 17:01:35.649] [GetTemp--2147478764]:i2c write failed
[2026-05-10 17:01:35.650] 4678,82,97,0.0
[2026-05-10 17:01:35.752] [GetTemp--2147478764]:i2c write failed
[2026-05-10 17:01:35.752] 4679,82,97,0.0
[2026-05-10 17:01:36.052] [GetTemp--2147478764]:i2c write failed
[2026-05-10 17:01:36.054] 4680,82,97,0.0
[2026-05-10 17:01:36.114] HR=92 SpO2=98 (raw:92/98 valid:1/1 sqi:1)
[2026-05-10 17:01:36.159] [GetTemp--2147478764]:i2c write failed
[2026-05-10 17:01:36.160] 4681,82,98,0.0
[2026-05-10 17:01:36.261] [GetTemp--2147478764]:i2c write failed
[2026-05-10 17:01:36.262] 4682,82,98,0.0
[2026-05-10 17:01:36.353] [GetTemp--2147478764]:i2c write failed
[2026-05-10 17:01:36.354] 4683,82,98,0.0
[2026-05-10 17:01:36.460] [GetTemp--2147478764]:i2c write failed
[2026-05-10 17:01:36.462] 4684,82,98,0.0
[2026-05-10 17:01:36.769] [GetTemp--2147478764]:i2c write failed
[2026-05-10 17:01:36.772] 4685,82,98,0.0
[2026-05-10 17:01:36.868] [GetTemp--2147478764]:i2c write failed
[2026-05-10 17:01:36.868] 4686,82,98,0.0
[2026-05-10 17:01:36.963] [GetTemp--2147478764]:i2c write failed
[2026-05-10 17:01:36.963] 4687,82,98,0.0
[2026-05-10 17:01:37.068] [GetTemp--2147478764]:i2c write failed
[2026-05-10 17:01:37.068] 4688,82,98,0.0
[2026-05-10 17:01:37.151] HR=92 SpO2=98 (raw:88/97 valid:1/1 sqi:1)
[2026-05-10 17:01:37.159] [GetTemp--2147478764]:i2c write failed
[2026-05-10 17:01:37.163] 4689,82,98,0.0
[2026-05-10 17:01:37.477] [GetTemp--2147478764]:i2c write failed
[2026-05-10 17:01:37.477] 4690,82,98,0.0
[2026-05-10 17:01:37.571] [GetTemp--2147478764]:i2c write failed
[2026-05-10 17:01:37.587] 4691,82,98,0.0
[2026-05-10 17:01:37.683] [GetTemp--2147478764]:i2c write failed
[2026-05-10 17:01:37.684] 4692,82,98,0.0
[2026-05-10 17:01:37.772] [GetTemp--2147478764]:i2c write failed
[2026-05-10 17:01:37.777] 4693,82,98,0.0
[2026-05-10 17:01:37.872] [GetTemp--2147478764]:i2c write failed
[2026-05-10 17:01:37.875] 4694,82,98,0.0
[2026-05-10 17:01:38.182] [GetTemp--2147478764]:i2c write failed
[2026-05-10 17:01:38.185] 4695,82,98,0.0
[2026-05-10 17:01:38.247] HR=89 SpO2=97 (raw:89/97 valid:1/1 sqi:1)
[2026-05-10 17:01:38.280] [GetTemp--2147478764]:i2c write failed
[2026-05-10 17:01:38.284] 4696,79,97,0.0
[2026-05-10 17:01:38.381] [GetTemp--2147478764]:i2c write failed
[2026-05-10 17:01:38.398] 4697,79,97,0.0
[2026-05-10 17:01:38.489] [GetTemp--2147478764]:i2c write failed
[2026-05-10 17:01:38.489] 4698,79,97,0.0
[2026-05-10 17:01:38.582] [GetTemp--2147478764]:i2c write failed
[2026-05-10 17:01:38.584] 4699,79,97,0.0
[2026-05-10 17:01:38.897] [GetTemp--2147478764]:i2c write failed
[2026-05-10 17:01:38.898] 4700,79,97,0.0
[2026-05-10 17:01:39.002] [GetTemp--2147478764]:i2c write failed
[2026-05-10 17:01:39.004] 4701,79,97,0.0
[2026-05-10 17:01:39.093] [GetTemp--2147478764]:i2c write failed
[2026-05-10 17:01:39.094] 4702,79,97,0.0
[2026-05-10 17:01:39.198] [GetTemp--2147478764]:i2c write failed
[2026-05-10 17:01:39.199] 4703,79,97,0.0
[2026-05-10 17:01:39.281] HR=89 SpO2=97 (raw:95/98 valid:1/1 sqi:1)
[2026-05-10 17:01:39.290] [GetTemp--2147478764]:i2c write failed
[2026-05-10 17:01:39.294] 4704,79,97,0.0
[2026-05-10 17:01:39.603] [GetTemp--2147478764]:i2c write failed
[2026-05-10 17:01:39.606] 4705,79,97,0.0
[2026-05-10 17:01:39.711] [GetTemp--2147478764]:i2c write failed
[2026-05-10 17:01:39.712] 4706,79,97,0.0
[2026-05-10 17:01:39.801] [GetTemp--2147478764]:i2c write failed
[2026-05-10 17:01:39.810] 4707,79,97,0.0
[2026-05-10 17:01:39.901] [GetTemp--2147478764]:i2c write failed
[2026-05-10 17:01:39.905] 4708,79,97,0.0
[2026-05-10 17:01:40.001] [GetTemp--2147478764]:i2c write failed
[2026-05-10 17:01:40.005] 4709,79,97,0.0
[2026-05-10 17:01:40.313] [GetTemp--2147478764]:i2c write failed
[2026-05-10 17:01:40.314] 4710,79,97,0.0
[2026-05-10 17:01:40.415] [GetTemp--2147478764]:i2c write failed
[2026-05-10 17:01:40.415] 4711,79,97,0.0
[2026-05-10 17:01:40.516] [GetTemp--2147478764]:i2c write failed
[2026-05-10 17:01:40.516] 4712,79,97,0.0
[2026-05-10 17:01:40.540] HR=92 SpO2=97 (raw:101/97 valid:1/1 sqi:1)
[2026-05-10 17:01:40.627] [GetTemp--2147478764]:i2c write failed
[2026-05-10 17:01:40.627] 4713,82,97,0.0
[2026-05-10 17:01:40.719] [GetTemp--2147478764]:i2c write failed
[2026-05-10 17:01:40.719] 4714,82,97,0.0
[2026-05-10 17:01:41.026] [GetTemp--2147478764]:i2c write failed
[2026-05-10 17:01:41.027] 4715,82,97,0.0
[2026-05-10 17:01:41.125] [GetTemp--2147478764]:i2c write failed
[2026-05-10 17:01:41.126] 4716,82,97,0.0
[2026-05-10 17:01:41.227] [GetTemp--2147478764]:i2c write failed
[2026-05-10 17:01:41.227] 4717,82,97,0.0
[2026-05-10 17:01:41.322] [GetTemp--2147478764]:i2c write failed
[2026-05-10 17:01:41.323] 4718,82,97,0.0
[2026-05-10 17:01:41.425] [GetTemp--2147478764]:i2c write failed
[2026-05-10 17:01:41.425] 4719,82,97,0.0
[2026-05-10 17:01:41.659] HR=95 SpO2=97 (raw:101/98 valid:1/1 sqi:1)
[2026-05-10 17:01:41.734] [GetTemp--2147478764]:i2c write failed
[2026-05-10 17:01:41.736] 4720,85,97,0.0
[2026-05-10 17:01:41.834] [GetTemp--2147478764]:i2c write failed
[2026-05-10 17:01:41.835] 4721,85,97,0.0
[2026-05-10 17:01:41.935] [GetTemp--2147478764]:i2c write failed
[2026-05-10 17:01:41.935] 4722,85,97,0.0
[2026-05-10 17:01:42.034] [GetTemp--2147478764]:i2c write failed
[2026-05-10 17:01:42.035] 4723,85,97,0.0
[2026-05-10 17:01:42.131] [GetTemp--2147478764]:i2c write failed
[2026-05-10 17:01:42.135] 4724,85,97,0.0
[2026-05-10 17:01:42.447] [GetTemp--2147478764]:i2c write failed
[2026-05-10 17:01:42.447] 4725,85,97,0.0
[2026-05-10 17:01:42.541] [GetTemp--2147478764]:i2c write failed
[2026-05-10 17:01:42.557] 4726,85,97,0.0
[2026-05-10 17:01:42.651] [GetTemp--2147478764]:i2c write failed
[2026-05-10 17:01:42.652] 4727,85,97,0.0
[2026-05-10 17:01:42.670] HR=101 SpO2=98 (raw:101/98 valid:1/1 sqi:1)
[2026-05-10 17:01:42.743] [GetTemp--2147478764]:i2c write failed
[2026-05-10 17:01:42.743] 4728,91,98,0.0
[2026-05-10 17:01:42.843] [GetTemp--2147478764]:i2c write failed
[2026-05-10 17:01:42.843] 4729,91,98,0.0
[2026-05-10 17:01:43.156] [GetTemp--2147478764]:i2c write failed
[2026-05-10 17:01:43.156] 4730,91,98,0.0
[2026-05-10 17:01:43.265] [GetTemp--2147478764]:i2c write failed
[2026-05-10 17:01:43.266] 4731,91,98,0.0
[2026-05-10 17:01:43.352] [GetTemp--2147478764]:i2c write failed
[2026-05-10 17:01:43.355] 4732,91,98,0.0
[2026-05-10 17:01:43.460] [GetTemp--2147478764]:i2c write failed
[2026-05-10 17:01:43.461] 4733,91,98,0.0
[2026-05-10 17:01:43.553] [GetTemp--2147478764]:i2c write failed
[2026-05-10 17:01:43.553] 4734,91,98,0.0
[2026-05-10 17:01:43.781] HR=101 SpO2=98 (raw:105/98 valid:1/1 sqi:1)
[2026-05-10 17:01:43.865] [GetTemp--2147478764]:i2c write failed
[2026-05-10 17:01:43.865] 4735,91,98,0.0
[2026-05-10 17:01:43.962] [GetTemp--2147478764]:i2c write failed
[2026-05-10 17:01:43.965] 4736,91,98,0.0
[2026-05-10 17:01:44.064] [GetTemp--2147478764]:i2c write failed
[2026-05-10 17:01:44.065] 4737,91,98,0.0
[2026-05-10 17:01:44.161] [GetTemp--2147478764]:i2c write failed
[2026-05-10 17:01:44.172] 4738,91,98,0.0
[2026-05-10 17:01:44.265] [GetTemp--2147478764]:i2c write failed
[2026-05-10 17:01:44.265] 4739,91,98,0.0
[2026-05-10 17:01:44.586] [GetTemp--2147478764]:i2c write failed
[2026-05-10 17:01:44.587] 4740,91,98,0.0
[2026-05-10 17:01:44.679] [GetTemp--2147478764]:i2c write failed
[2026-05-10 17:01:44.680] 4741,91,98,0.0
[2026-05-10 17:01:44.772] [GetTemp--2147478764]:i2c write failed
[2026-05-10 17:01:44.774] 4742,91,98,0.0
[2026-05-10 17:01:44.872] [GetTemp--2147478764]:i2c write failed
[2026-05-10 17:01:44.874] 4743,91,98,0.0
[2026-05-10 17:01:44.955] HR=101 SpO2=98 (raw:107/97 valid:1/1 sqi:1)
[2026-05-10 17:01:44.970] [GetTemp--2147478764]:i2c write failed
[2026-05-10 17:01:44.974] 4744,91,98,0.0
[2026-05-10 17:01:45.289] [GetTemp--2147478764]:i2c write failed
[2026-05-10 17:01:45.290] 4745,91,98,0.0
[2026-05-10 17:01:45.382] [GetTemp--2147478764]:i2c write failed
[2026-05-10 17:01:45.400] 4746,91,98,0.0
[2026-05-10 17:01:45.495] [GetTemp--2147478764]:i2c write failed
[2026-05-10 17:01:45.495] 4747,91,98,0.0
[2026-05-10 17:01:45.588] [GetTemp--2147478764]:i2c write failed
[2026-05-10 17:01:45.588] 4748,91,98,0.0
[2026-05-10 17:01:45.695] [GetTemp--2147478764]:i2c write failed
[2026-05-10 17:01:45.695] 4749,91,98,0.0
[2026-05-10 17:01:45.993] [GetTemp--2147478764]:i2c write failed
[2026-05-10 17:01:45.994] 4750,91,98,0.0
[2026-05-10 17:01:46.059] HR=105 SpO2=98 (raw:111/97 valid:1/1 sqi:1)
[2026-05-10 17:01:46.093] [GetTemp--2147478764]:i2c write failed
[2026-05-10 17:01:46.094] 4751,95,98,0.0
[2026-05-10 17:01:46.193] [GetTemp--2147478764]:i2c write failed
[2026-05-10 17:01:46.195] 4752,95,98,0.0
[2026-05-10 17:01:46.299] [GetTemp--2147478764]:i2c write failed
[2026-05-10 17:01:46.299] 4753,95,98,0.0
[2026-05-10 17:01:46.403] [GetTemp--2147478764]:i2c write failed
[2026-05-10 17:01:46.404] 4754,95,98,0.0
[2026-05-10 17:01:46.703] [GetTemp--2147478764]:i2c write failed
[2026-05-10 17:01:46.704] 4755,95,98,0.0
[2026-05-10 17:01:46.810] [GetTemp--2147478764]:i2c write failed
[2026-05-10 17:01:46.813] 4756,95,98,0.0
[2026-05-10 17:01:46.901] [GetTemp--2147478764]:i2c write failed
[2026-05-10 17:01:46.904] 4757,95,98,0.0
[2026-05-10 17:01:47.013] [GetTemp--2147478764]:i2c write failed
[2026-05-10 17:01:47.014] 4758,95,98,0.0
[2026-05-10 17:01:47.090] HR=107 SpO2=98 (raw:109/98 valid:1/1 sqi:1)
[2026-05-10 17:01:47.101] [GetTemp--2147478764]:i2c write failed
[2026-05-10 17:01:47.103] 4759,97,98,0.0
[2026-05-10 17:01:47.415] [GetTemp--2147478764]:i2c write failed
[2026-05-10 17:01:47.415] 4760,97,98,0.0
[2026-05-10 17:01:47.524] [GetTemp--2147478764]:i2c write failed
[2026-05-10 17:01:47.525] 4761,97,98,0.0
[2026-05-10 17:01:47.619] [GetTemp--2147478764]:i2c write failed
[2026-05-10 17:01:47.619] 4762,97,98,0.0
[2026-05-10 17:01:47.712] [GetTemp--2147478764]:i2c write failed
[2026-05-10 17:01:47.728] 4763,97,98,0.0
[2026-05-10 17:01:47.814] [GetTemp--2147478764]:i2c write failed
[2026-05-10 17:01:47.814] 4764,97,98,0.0
[2026-05-10 17:01:48.122] [GetTemp--2147478764]:i2c write failed
[2026-05-10 17:01:48.123] 4765,97,98,0.0
[2026-05-10 17:01:48.189] HR=109 SpO2=98 (raw:109/98 valid:1/1 sqi:1)
[2026-05-10 17:01:48.220] [GetTemp--2147478764]:i2c write failed
[2026-05-10 17:01:48.222] 4766,99,98,0.0
[2026-05-10 17:01:48.322] [GetTemp--2147478764]:i2c write failed
[2026-05-10 17:01:48.326] 4767,99,98,0.0
[2026-05-10 17:01:48.437] [GetTemp--2147478764]:i2c write failed
[2026-05-10 17:01:48.438] 4768,99,98,0.0
[2026-05-10 17:01:48.531] [GetTemp--2147478764]:i2c write failed
[2026-05-10 17:01:48.531] 4769,99,98,0.0
[2026-05-10 17:01:48.831] [GetTemp--2147478764]:i2c write failed
[2026-05-10 17:01:48.838] 4770,99,98,0.0
[2026-05-10 17:01:48.931] [GetTemp--2147478764]:i2c write failed
[2026-05-10 17:01:48.937] 4771,99,98,0.0
[2026-05-10 17:01:49.035] [GetTemp--2147478764]:i2c write failed
[2026-05-10 17:01:49.035] 4772,99,98,0.0
[2026-05-10 17:01:49.131] [GetTemp--2147478764]:i2c write failed
[2026-05-10 17:01:49.135] 4773,99,98,0.0
[2026-05-10 17:01:49.231] [GetTemp--2147478764]:i2c write failed
[2026-05-10 17:01:49.239] 4774,99,98,0.0
[2026-05-10 17:01:49.458] HR=109 SpO2=98 (raw:107/98 valid:1/1 sqi:1)
[2026-05-10 17:01:49.552] [GetTemp--2147478764]:i2c write failed
[2026-05-10 17:01:49.553] 4775,99,98,0.0
[2026-05-10 17:01:49.646] [GetTemp--2147478764]:i2c write failed
[2026-05-10 17:01:49.648] 4776,99,98,0.0
[2026-05-10 17:01:49.743] [GetTemp--2147478764]:i2c write failed
[2026-05-10 17:01:49.744] 4777,99,98,0.0
[2026-05-10 17:01:49.843] [GetTemp--2147478764]:i2c write failed
[2026-05-10 17:01:49.844] 4778,99,98,0.0
[2026-05-10 17:01:49.944] [GetTemp--2147478764]:i2c write failed
[2026-05-10 17:01:49.946] 4779,99,98,0.0
[2026-05-10 17:01:50.252] [GetTemp--2147478764]:i2c write failed
[2026-05-10 17:01:50.256] 4780,99,98,0.0
[2026-05-10 17:01:50.351] [GetTemp--2147478764]:i2c write failed
[2026-05-10 17:01:50.355] 4781,99,98,0.0
[2026-05-10 17:01:50.461] [GetTemp--2147478764]:i2c write failed
[2026-05-10 17:01:50.463] 4782,99,98,0.0
[2026-05-10 17:01:50.477] HR=109 SpO2=98 (raw:92/97 valid:1/1 sqi:1)
[2026-05-10 17:01:50.556] [GetTemp--2147478764]:i2c write failed
[2026-05-10 17:01:50.558] 4783,99,98,0.0
[2026-05-10 17:01:50.667] [GetTemp--2147478764]:i2c write failed
[2026-05-10 17:01:50.669] 4784,99,98,0.0
[2026-05-10 17:01:50.964] [GetTemp--2147478764]:i2c write failed
[2026-05-10 17:01:50.966] 4785,99,98,0.0
[2026-05-10 17:01:51.064] [GetTemp--2147478764]:i2c write failed
[2026-05-10 17:01:51.064] 4786,99,98,0.0
[2026-05-10 17:01:51.168] [GetTemp--2147478764]:i2c write failed
[2026-05-10 17:01:51.169] 4787,99,98,0.0
[2026-05-10 17:01:51.277] [GetTemp--2147478764]:i2c write failed
[2026-05-10 17:01:51.279] 4788,99,98,0.0
[2026-05-10 17:01:51.368] [GetTemp--2147478764]:i2c write failed
[2026-05-10 17:01:51.370] 4789,99,98,0.0
[2026-05-10 17:01:51.601] HR=107 SpO2=98 (raw:90/97 valid:1/1 sqi:1)
[2026-05-10 17:01:51.676] [GetTemp--2147478764]:i2c write failed
[2026-05-10 17:01:51.676] 4790,97,98,0.0
[2026-05-10 17:01:51.773] [GetTemp--2147478764]:i2c write failed
[2026-05-10 17:01:51.775] 4791,97,98,0.0
[2026-05-10 17:01:51.880] [GetTemp--2147478764]:i2c write failed
[2026-05-10 17:01:51.880] 4792,97,98,0.0
[2026-05-10 17:01:51.977] [GetTemp--2147478764]:i2c write failed
[2026-05-10 17:01:51.978] 4793,97,98,0.0
[2026-05-10 17:01:52.077] [GetTemp--2147478764]:i2c write failed
[2026-05-10 17:01:52.077] 4794,97,98,0.0
[2026-05-10 17:01:52.381] [GetTemp--2147478764]:i2c write failed
[2026-05-10 17:01:52.385] 4795,97,98,0.0
[2026-05-10 17:01:52.491] [GetTemp--2147478764]:i2c write failed
[2026-05-10 17:01:52.492] 4796,97,98,0.0
[2026-05-10 17:01:52.585] [GetTemp--2147478764]:i2c write failed
[2026-05-10 17:01:52.585] 4797,97,98,0.0
[2026-05-10 17:01:52.605] HR=94 SpO2=98 (raw:93/98 valid:1/1 sqi:1)
[2026-05-10 17:01:52.689] [GetTemp--2147478764]:i2c write failed
[2026-05-10 17:01:52.689] 4798,84,98,0.0
[2026-05-10 17:01:52.790] [GetTemp--2147478764]:i2c write failed
[2026-05-10 17:01:52.790] 4799,84,98,0.0
[2026-05-10 17:01:53.097] [GetTemp--2147478764]:i2c write failed
[2026-05-10 17:01:53.098] 4800,84,98,0.0
[2026-05-10 17:01:53.201] [GetTemp--2147478764]:i2c write failed
[2026-05-10 17:01:53.202] 4801,84,98,0.0
[2026-05-10 17:01:53.303] [GetTemp--2147478764]:i2c write failed
[2026-05-10 17:01:53.304] 4802,84,98,0.0
[2026-05-10 17:01:53.393] [GetTemp--2147478764]:i2c write failed
[2026-05-10 17:01:53.393] 4803,84,98,0.0
[2026-05-10 17:01:53.491] [GetTemp--2147478764]:i2c write failed
[2026-05-10 17:01:53.507] 4804,84,98,0.0
[2026-05-10 17:01:53.803] [GetTemp--2147478764]:i2c write failed
[2026-05-10 17:01:53.804] 4805,84,98,0.0
[2026-05-10 17:01:53.868] HR=94 SpO2=98 (raw:93/98 valid:1/1 sqi:1)
[2026-05-10 17:01:53.902] [GetTemp--2147478764]:i2c write failed
[2026-05-10 17:01:53.905] 4806,84,98,0.0
[2026-05-10 17:01:54.002] [GetTemp--2147478764]:i2c write failed
[2026-05-10 17:01:54.005] 4807,84,98,0.0
[2026-05-10 17:01:54.102] [GetTemp--2147478764]:i2c write failed
[2026-05-10 17:01:54.104] 4808,84,98,0.0
[2026-05-10 17:01:54.202] [GetTemp--2147478764]:i2c write failed
[2026-05-10 17:01:54.210] 4809,84,98,0.0
[2026-05-10 17:01:54.517] [GetTemp--2147478764]:i2c write failed
[2026-05-10 17:01:54.519] 4810,84,98,0.0
[2026-05-10 17:01:54.614] [GetTemp--2147478764]:i2c write failed
[2026-05-10 17:01:54.614] 4811,84,98,0.0
[2026-05-10 17:01:54.714] [GetTemp--2147478764]:i2c write failed
[2026-05-10 17:01:54.715] 4812,84,98,0.0
[2026-05-10 17:01:54.811] [GetTemp--2147478764]:i2c write failed
[2026-05-10 17:01:54.814] 4813,84,98,0.0
[2026-05-10 17:01:54.902] HR=93 SpO2=98 (raw:90/98 valid:1/1 sqi:1)
[2026-05-10 17:01:54.911] [GetTemp--2147478764]:i2c write failed
[2026-05-10 17:01:54.914] 4814,83,98,0.0
[2026-05-10 17:01:55.222] [GetTemp--2147478764]:i2c write failed
[2026-05-10 17:01:55.226] 4815,83,98,0.0
[2026-05-10 17:01:55.336] [GetTemp--2147478764]:i2c write failed
[2026-05-10 17:01:55.336] 4816,83,98,0.0
[2026-05-10 17:01:55.430] [GetTemp--2147478764]:i2c write failed
[2026-05-10 17:01:55.431] 4817,83,98,0.0
[2026-05-10 17:01:55.524] [GetTemp--2147478764]:i2c write failed
[2026-05-10 17:01:55.524] 4818,83,98,0.0
[2026-05-10 17:01:55.622] [GetTemp--2147478764]:i2c write failed
[2026-05-10 17:01:55.624] 4819,83,98,0.0
[2026-05-10 17:01:55.931] [GetTemp--2147478764]:i2c write failed
[2026-05-10 17:01:55.948] 4820,83,98,0.0
[2026-05-10 17:01:56.002] HR=93 SpO2=98 (raw:93/98 valid:1/1 sqi:1)
[2026-05-10 17:01:56.030] [GetTemp--2147478764]:i2c write failed
[2026-05-10 17:01:56.035] 4821,83,98,0.0
[2026-05-10 17:01:56.139] [GetTemp--2147478764]:i2c write failed
[2026-05-10 17:01:56.141] 4822,83,98,0.0
[2026-05-10 17:01:56.239] [GetTemp--2147478764]:i2c write failed
[2026-05-10 17:01:56.242] 4823,83,98,0.0
[2026-05-10 17:01:56.340] [GetTemp--2147478764]:i2c write failed
[2026-05-10 17:01:56.342] 4824,83,98,0.0
[2026-05-10 17:01:56.647] [GetTemp--2147478764]:i2c write failed
[2026-05-10 17:01:56.647] 4825,83,98,0.0
[2026-05-10 17:01:56.748] [GetTemp--2147478764]:i2c write failed
[2026-05-10 17:01:56.748] 4826,83,98,0.0
[2026-05-10 17:01:56.843] [GetTemp--2147478764]:i2c write failed
[2026-05-10 17:01:56.857] 4827,83,98,0.0
[2026-05-10 17:01:56.943] [GetTemp--2147478764]:i2c write failed
[2026-05-10 17:01:56.944] 4828,83,98,0.0
[2026-05-10 17:01:57.035] HR=93 SpO2=98 (raw:90/98 valid:1/1 sqi:1)
[2026-05-10 17:01:57.043] [GetTemp--2147478764]:i2c write failed
[2026-05-10 17:01:57.045] 4829,83,98,0.0
[2026-05-10 17:01:57.354] [GetTemp--2147478764]:i2c write failed
[2026-05-10 17:01:57.354] 4830,83,98,0.0
[2026-05-10 17:01:57.462] [GetTemp--2147478764]:i2c write failed
[2026-05-10 17:01:57.462] 4831,83,98,0.0
[2026-05-10 17:01:57.556] [GetTemp--2147478764]:i2c write failed
[2026-05-10 17:01:57.556] 4832,83,98,0.0
[2026-05-10 17:01:57.653] [GetTemp--2147478764]:i2c write failed
[2026-05-10 17:01:57.653] 4833,83,98,0.0
[2026-05-10 17:01:57.753] [GetTemp--2147478764]:i2c write failed
[2026-05-10 17:01:57.756] 4834,83,98,0.0
[2026-05-10 17:01:58.064] [GetTemp--2147478764]:i2c write failed
[2026-05-10 17:01:58.065] 4835,83,98,0.0
[2026-05-10 17:01:58.165] [GetTemp--2147478764]:i2c write failed
[2026-05-10 17:01:58.168] 4836,83,98,0.0
[2026-05-10 17:01:58.271] [GetTemp--2147478764]:i2c write failed
[2026-05-10 17:01:58.273] 4837,83,98,0.0
[2026-05-10 17:01:58.293] HR=90 SpO2=98 (raw:83/98 valid:1/1 sqi:1)
[2026-05-10 17:01:58.365] [GetTemp--2147478764]:i2c write failed
[2026-05-10 17:01:58.365] 4838,80,98,0.0
[2026-05-10 17:01:58.476] [GetTemp--2147478764]:i2c write failed
[2026-05-10 17:01:58.477] 4839,80,98,0.0
[2026-05-10 17:01:58.772] [GetTemp--2147478764]:i2c write failed
[2026-05-10 17:01:58.774] 4840,80,98,0.0
[2026-05-10 17:01:58.872] [GetTemp--2147478764]:i2c write failed
[2026-05-10 17:01:58.885] 4841,80,98,0.0
[2026-05-10 17:01:58.972] [GetTemp--2147478764]:i2c write failed
[2026-05-10 17:01:58.974] 4842,80,98,0.0
[2026-05-10 17:01:59.072] [GetTemp--2147478764]:i2c write failed
[2026-05-10 17:01:59.075] 4843,80,98,0.0
[2026-05-10 17:01:59.173] [GetTemp--2147478764]:i2c write failed
[2026-05-10 17:01:59.175] 4844,80,98,0.0
[2026-05-10 17:01:59.412] HR=90 SpO2=98 (raw:83/97 valid:1/1 sqi:1)
[2026-05-10 17:01:59.491] [GetTemp--2147478764]:i2c write failed
[2026-05-10 17:01:59.493] 4845,80,98,0.0
[2026-05-10 17:01:59.586] [GetTemp--2147478764]:i2c write failed
[2026-05-10 17:01:59.590] 4846,80,98,0.0
[2026-05-10 17:01:59.681] [GetTemp--2147478764]:i2c write failed
[2026-05-10 17:01:59.694] 4847,80,98,0.0
[2026-05-10 17:01:59.781] [GetTemp--2147478764]:i2c write failed
[2026-05-10 17:01:59.785] 4848,80,98,0.0
[2026-05-10 17:01:59.883] [GetTemp--2147478764]:i2c write failed
[2026-05-10 17:01:59.884] 4849,80,98,0.0
[2026-05-10 17:02:00.193] [GetTemp--2147478764]:i2c write failed
[2026-05-10 17:02:00.194] 4850,80,98,0.0
[2026-05-10 17:02:00.293] [GetTemp--2147478764]:i2c write failed
[2026-05-10 17:02:00.294] 4851,80,98,0.0
[2026-05-10 17:02:00.402] [GetTemp--2147478764]:i2c write failed
[2026-05-10 17:02:00.402] 4852,80,98,0.0
[2026-05-10 17:02:00.415] HR=83 SpO2=98 (raw:83/97 valid:1/1 sqi:1)
[2026-05-10 17:02:00.495] [GetTemp--2147478764]:i2c write failed
[2026-05-10 17:02:00.496] 4853,73,98,0.0
[2026-05-10 17:02:00.605] [GetTemp--2147478764]:i2c write failed
[2026-05-10 17:02:00.606] 4854,73,98,0.0
[2026-05-10 17:02:00.903] [GetTemp--2147478764]:i2c write failed
[2026-05-10 17:02:00.905] 4855,73,98,0.0
[2026-05-10 17:02:01.003] [GetTemp--2147478764]:i2c write failed
[2026-05-10 17:02:01.009] 4856,73,98,0.0
[2026-05-10 17:02:01.106] [GetTemp--2147478764]:i2c write failed
[2026-05-10 17:02:01.106] 4857,73,98,0.0
[2026-05-10 17:02:01.202] [GetTemp--2147478764]:i2c write failed
[2026-05-10 17:02:01.204] 4858,73,98,0.0
[2026-05-10 17:02:01.307] [GetTemp--2147478764]:i2c write failed
[2026-05-10 17:02:01.308] 4859,73,98,0.0
[2026-05-10 17:02:01.534] HR=83 SpO2=97 (raw:84/97 valid:1/1 sqi:1)
[2026-05-10 17:02:01.613] [GetTemp--2147478764]:i2c write failed
[2026-05-10 17:02:01.614] 4860,73,97,0.0
[2026-05-10 17:02:01.715] [GetTemp--2147478764]:i2c write failed
[2026-05-10 17:02:01.718] 4861,73,97,0.0
[2026-05-10 17:02:01.823] [GetTemp--2147478764]:i2c write failed
[2026-05-10 17:02:01.823] 4862,73,97,0.0
[2026-05-10 17:02:01.924] [GetTemp--2147478764]:i2c write failed
[2026-05-10 17:02:01.927] 4863,73,97,0.0
[2026-05-10 17:02:02.024] [GetTemp--2147478764]:i2c write failed
[2026-05-10 17:02:02.027] 4864,73,97,0.0
[2026-05-10 17:02:02.323] [GetTemp--2147478764]:i2c write failed
[2026-05-10 17:02:02.325] 4865,73,97,0.0
[2026-05-10 17:02:02.431] [GetTemp--2147478764]:i2c write failed
[2026-05-10 17:02:02.433] 4866,73,97,0.0
[2026-05-10 17:02:02.525] [GetTemp--2147478764]:i2c write failed
[2026-05-10 17:02:02.528] 4867,73,97,0.0
[2026-05-10 17:02:02.633] [GetTemp--2147478764]:i2c write failed
[2026-05-10 17:02:02.635] 4868,73,97,0.0
[2026-05-10 17:02:02.711] HR=83 SpO2=97 (raw:86/98 valid:1/1 sqi:1)
[2026-05-10 17:02:02.721] [GetTemp--2147478764]:i2c write failed
[2026-05-10 17:02:02.724] 4869,73,97,0.0
[2026-05-10 17:02:03.036] [GetTemp--2147478764]:i2c write failed
[2026-05-10 17:02:03.039] 4870,73,97,0.0
[2026-05-10 17:02:03.131] [GetTemp--2147478764]:i2c write failed
[2026-05-10 17:02:03.136] 4871,73,97,0.0
[2026-05-10 17:02:03.236] [GetTemp--2147478764]:i2c write failed
[2026-05-10 17:02:03.237] 4872,73,97,0.0
[2026-05-10 17:02:03.338] [GetTemp--2147478764]:i2c write failed
[2026-05-10 17:02:03.341] 4873,73,97,0.0
[2026-05-10 17:02:03.442] [GetTemp--2147478764]:i2c write failed
[2026-05-10 17:02:03.445] 4874,73,97,0.0
[2026-05-10 17:02:03.748] [GetTemp--2147478764]:i2c write failed
[2026-05-10 17:02:03.750] 4875,73,97,0.0
[2026-05-10 17:02:03.811] HR=84 SpO2=97 (raw:88/97 valid:1/1 sqi:1)
[2026-05-10 17:02:03.841] [GetTemp--2147478764]:i2c write failed
[2026-05-10 17:02:03.844] 4876,74,97,0.0
[2026-05-10 17:02:03.943] [GetTemp--2147478764]:i2c write failed
[2026-05-10 17:02:03.961] 4877,74,97,0.0
[2026-05-10 17:02:04.044] [GetTemp--2147478764]:i2c write failed
[2026-05-10 17:02:04.045] 4878,74,97,0.0
[2026-05-10 17:02:04.144] [GetTemp--2147478764]:i2c write failed
[2026-05-10 17:02:04.145] 4879,74,97,0.0
[2026-05-10 17:02:04.459] [GetTemp--2147478764]:i2c write failed
[2026-05-10 17:02:04.461] 4880,74,97,0.0
[2026-05-10 17:02:04.553] [GetTemp--2147478764]:i2c write failed
[2026-05-10 17:02:04.555] 4881,74,97,0.0
[2026-05-10 17:02:04.661] [GetTemp--2147478764]:i2c write failed
[2026-05-10 17:02:04.664] 4882,74,97,0.0
[2026-05-10 17:02:04.752] [GetTemp--2147478764]:i2c write failed
[2026-05-10 17:02:04.754] 4883,74,97,0.0
[2026-05-10 17:02:04.844] HR=86 SpO2=97 (raw:88/97 valid:1/1 sqi:1)
[2026-05-10 17:02:04.852] [GetTemp--2147478764]:i2c write failed
[2026-05-10 17:02:04.856] 4884,76,97,0.0
[2026-05-10 17:02:05.165] [GetTemp--2147478764]:i2c write failed
[2026-05-10 17:02:05.167] 4885,76,97,0.0
[2026-05-10 17:02:05.269] [GetTemp--2147478764]:i2c write failed
[2026-05-10 17:02:05.272] 4886,76,97,0.0
[2026-05-10 17:02:05.365] [GetTemp--2147478764]:i2c write failed
[2026-05-10 17:02:05.367] 4887,76,97,0.0
[2026-05-10 17:02:05.474] [GetTemp--2147478764]:i2c write failed
[2026-05-10 17:02:05.475] 4888,76,97,0.0
[2026-05-10 17:02:05.568] [GetTemp--2147478764]:i2c write failed
[2026-05-10 17:02:05.569] 4889,76,97,0.0
[2026-05-10 17:02:05.802] HR=88 SpO2=97 (raw:90/97 valid:1/1 sqi:1)
[2026-05-10 17:02:05.882] [GetTemp--2147478764]:i2c write failed
[2026-05-10 17:02:05.883] 4890,78,97,0.0
[2026-05-10 17:02:05.985] [GetTemp--2147478764]:i2c write failed
[2026-05-10 17:02:05.987] 4891,78,97,0.0
[2026-05-10 17:02:06.078] [GetTemp--2147478764]:i2c write failed
[2026-05-10 17:02:06.080] 4892,78,97,0.0
[2026-05-10 17:02:06.173] [GetTemp--2147478764]:i2c write failed
[2026-05-10 17:02:06.174] 4893,78,97,0.0
[2026-05-10 17:02:06.273] [GetTemp--2147478764]:i2c write failed
[2026-05-10 17:02:06.278] 4894,78,97,0.0
[2026-05-10 17:02:06.589] [GetTemp--2147478764]:i2c write failed
[2026-05-10 17:02:06.592] 4895,78,97,0.0
[2026-05-10 17:02:06.682] [GetTemp--2147478764]:i2c write failed
[2026-05-10 17:02:06.689] 4896,78,97,0.0
[2026-05-10 17:02:06.781] [GetTemp--2147478764]:i2c write failed
[2026-05-10 17:02:06.788] 4897,78,97,0.0
[2026-05-10 17:02:06.885] [GetTemp--2147478764]:i2c write failed
[2026-05-10 17:02:06.886] 4898,78,97,0.0
[2026-05-10 17:02:06.986] [GetTemp--2147478764]:i2c write failed
[2026-05-10 17:02:06.989] 4899,78,97,0.0
[2026-05-10 17:02:07.212] HR=88 SpO2=97 (raw:90/97 valid:1/1 sqi:1)
[2026-05-10 17:02:07.294] [GetTemp--2147478764]:i2c write failed
[2026-05-10 17:02:07.296] 4900,78,97,0.0
[2026-05-10 17:02:07.314] ReadLicenseData(), failed to get licdata string
[2026-05-10 17:02:07.317] VerifyLicense(), cannot read license data files
[2026-05-10 17:02:07.317] license_task_main() verify license invalid, reboot after 50 mins
[2026-05-10 17:02:07.394] [GetTemp--2147478764]:i2c write failed
[2026-05-10 17:02:07.396] 4901,78,97,0.0
[2026-05-10 17:02:07.507] [GetTemp--2147478764]:i2c write failed
[2026-05-10 17:02:07.509] 4902,78,97,0.0
[2026-05-10 17:02:07.600] [GetTemp--2147478764]:i2c write failed
[2026-05-10 17:02:07.603] 4903,78,97,0.0
[2026-05-10 17:02:07.695] [GetTemp--2147478764]:i2c write failed
[2026-05-10 17:02:07.698] 4904,78,97,0.0
[2026-05-10 17:02:08.002] [GetTemp--2147478764]:i2c write failed
[2026-05-10 17:02:08.004] 4905,78,97,0.0
[2026-05-10 17:02:08.102] [GetTemp--2147478764]:i2c write failed
[2026-05-10 17:02:08.104] 4906,78,97,0.0
[2026-05-10 17:02:08.203] [GetTemp--2147478764]:i2c write failed
[2026-05-10 17:02:08.205] 4907,78,97,0.0
[2026-05-10 17:02:08.226] HR=90 SpO2=97 (raw:100/98 valid:1/1 sqi:1)
[2026-05-10 17:02:08.303] [GetTemp--2147478764]:i2c write failed
[2026-05-10 17:02:08.304] 4908,80,97,0.0
[2026-05-10 17:02:08.403] [GetTemp--2147478764]:i2c write failed
[2026-05-10 17:02:08.406] 4909,80,97,0.0
[2026-05-10 17:02:08.720] [GetTemp--2147478764]:i2c write failed
[2026-05-10 17:02:08.722] 4910,80,97,0.0
[2026-05-10 17:02:08.819] [GetTemp--2147478764]:i2c write failed
[2026-05-10 17:02:08.823] 4911,80,97,0.0
[2026-05-10 17:02:08.914] [GetTemp--2147478764]:i2c write failed
[2026-05-10 17:02:08.916] 4912,80,97,0.0
[2026-05-10 17:02:09.011] [GetTemp--2147478764]:i2c write failed
[2026-05-10 17:02:09.015] 4913,80,97,0.0
[2026-05-10 17:02:09.115] [GetTemp--2147478764]:i2c write failed
[2026-05-10 17:02:09.117] 4914,80,97,0.0
[2026-05-10 17:02:09.352] HR=90 SpO2=97 (raw:100/98 valid:1/1 sqi:1)
[2026-05-10 17:02:09.427] [GetTemp--2147478764]:i2c write failed
[2026-05-10 17:02:09.429] 4915,80,97,0.0
[2026-05-10 17:02:09.522] [GetTemp--2147478764]:i2c write failed
[2026-05-10 17:02:09.525] 4916,80,97,0.0
[2026-05-10 17:02:09.632] [GetTemp--2147478764]:i2c write failed
[2026-05-10 17:02:09.635] 4917,80,97,0.0
[2026-05-10 17:02:09.723] [GetTemp--2147478764]:i2c write failed
[2026-05-10 17:02:09.725] 4918,80,97,0.0
[2026-05-10 17:02:09.824] [GetTemp--2147478764]:i2c write failed
[2026-05-10 17:02:09.827] 4919,80,97,0.0
[2026-05-10 17:02:10.140] [GetTemp--2147478764]:i2c write failed
[2026-05-10 17:02:10.142] 4920,80,97,0.0
[2026-05-10 17:02:10.242] [GetTemp--2147478764]:i2c write failed
[2026-05-10 17:02:10.243] 4921,80,97,0.0
[2026-05-10 17:02:10.332] [GetTemp--2147478764]:i2c write failed
[2026-05-10 17:02:10.339] 4922,80,97,0.0
[2026-05-10 17:02:10.359] HR=100 SpO2=97 (raw:100/97 valid:1/1 sqi:1)
[2026-05-10 17:02:10.443] [GetTemp--2147478764]:i2c write failed
[2026-05-10 17:02:10.444] 4923,90,97,0.0
[2026-05-10 17:02:10.535] [GetTemp--2147478764]:i2c write failed
[2026-05-10 17:02:10.536] 4924,90,97,0.0
[2026-05-10 17:02:10.852] [GetTemp--2147478764]:i2c write failed
[2026-05-10 17:02:10.853] 4925,90,97,0.0
[2026-05-10 17:02:10.948] [GetTemp--2147478764]:i2c write failed
[2026-05-10 17:02:10.949] 4926,90,97,0.0
[2026-05-10 17:02:11.041] [GetTemp--2147478764]:i2c write failed
[2026-05-10 17:02:11.045] 4927,90,97,0.0
[2026-05-10 17:02:11.144] [GetTemp--2147478764]:i2c write failed
[2026-05-10 17:02:11.146] 4928,90,97,0.0
[2026-05-10 17:02:11.247] [GetTemp--2147478764]:i2c write failed
[2026-05-10 17:02:11.250] 4929,90,97,0.0
[2026-05-10 17:02:11.556] [GetTemp--2147478764]:i2c write failed
[2026-05-10 17:02:11.557] 4930,90,97,0.0
[2026-05-10 17:02:11.633] HR=100 SpO2=98 (raw:93/98 valid:1/1 sqi:1)
[2026-05-10 17:02:11.652] [GetTemp--2147478764]:i2c write failed
[2026-05-10 17:02:11.654] 4931,90,98,0.0
[2026-05-10 17:02:11.753] [GetTemp--2147478764]:i2c write failed
[2026-05-10 17:02:11.758] 4932,90,98,0.0
[2026-05-10 17:02:11.853] [GetTemp--2147478764]:i2c write failed
[2026-05-10 17:02:11.853] 4933,90,98,0.0
[2026-05-10 17:02:11.953] [GetTemp--2147478764]:i2c write failed
[2026-05-10 17:02:11.957] 4934,90,98,0.0
[2026-05-10 17:02:12.278] [GetTemp--2147478764]:i2c write failed
[2026-05-10 17:02:12.281] 4935,90,98,0.0
[2026-05-10 17:02:12.365] [GetTemp--2147478764]:i2c write failed
[2026-05-10 17:02:12.367] 4936,90,98,0.0
[2026-05-10 17:02:12.474] [GetTemp--2147478764]:i2c write failed
[2026-05-10 17:02:12.477] 4937,90,98,0.0
[2026-05-10 17:02:12.568] [GetTemp--2147478764]:i2c write failed
[2026-05-10 17:02:12.570] 4938,90,98,0.0
[2026-05-10 17:02:12.662] HR=100 SpO2=98 (raw:93/97 valid:1/1 sqi:1)
[2026-05-10 17:02:12.665] [GetTemp--2147478764]:i2c write failed
[2026-05-10 17:02:12.666] 4939,90,98,0.0
[2026-05-10 17:02:12.973] [GetTemp--2147478764]:i2c write failed
[2026-05-10 17:02:12.975] 4940,90,98,0.0
[2026-05-10 17:02:13.073] [GetTemp--2147478764]:i2c write failed
[2026-05-10 17:02:13.077] 4941,90,98,0.0
[2026-05-10 17:02:13.173] [GetTemp--2147478764]:i2c write failed
[2026-05-10 17:02:13.176] 4942,90,98,0.0
[2026-05-10 17:02:13.273] [GetTemp--2147478764]:i2c write failed
[2026-05-10 17:02:13.274] 4943,90,98,0.0
[2026-05-10 17:02:13.373] [GetTemp--2147478764]:i2c write failed
[2026-05-10 17:02:13.376] 4944,90,98,0.0
[2026-05-10 17:02:13.627] HR=95 SpO2=97 (raw:95/97 valid:1/1 sqi:1)
[2026-05-10 17:02:13.689] [GetTemp--2147478764]:i2c write failed
[2026-05-10 17:02:13.690] 4945,85,97,0.0
[2026-05-10 17:02:13.782] [GetTemp--2147478764]:i2c write failed
[2026-05-10 17:02:13.788] 4946,85,97,0.0
[2026-05-10 17:02:13.886] [GetTemp--2147478764]:i2c write failed
[2026-05-10 17:02:13.889] 4947,85,97,0.0
[2026-05-10 17:02:13.988] [GetTemp--2147478764]:i2c write failed
[2026-05-10 17:02:13.993] 4948,85,97,0.0
[2026-05-10 17:02:14.091] [GetTemp--2147478764]:i2c write failed
[2026-05-10 17:02:14.095] 4949,85,97,0.0
[2026-05-10 17:02:14.397] [GetTemp--2147478764]:i2c write failed
[2026-05-10 17:02:14.400] 4950,85,97,0.0
[2026-05-10 17:02:14.493] [GetTemp--2147478764]:i2c write failed
[2026-05-10 17:02:14.497] 4951,85,97,0.0
[2026-05-10 17:02:14.601] [GetTemp--2147478764]:i2c write failed
[2026-05-10 17:02:14.602] 4952,85,97,0.0
[2026-05-10 17:02:14.693] [GetTemp--2147478764]:i2c write failed
[2026-05-10 17:02:14.695] 4953,85,97,0.0
[2026-05-10 17:02:14.777] HR=95 SpO2=97 (raw:95/97 valid:1/1 sqi:1)
[2026-05-10 17:02:14.791] [GetTemp--2147478764]:i2c write failed
[2026-05-10 17:02:14.794] 4954,85,97,0.0
[2026-05-10 17:02:15.103] [GetTemp--2147478764]:i2c write failed
[2026-05-10 17:02:15.105] 4955,85,97,0.0
[2026-05-10 17:02:15.202] [GetTemp--2147478764]:i2c write failed
[2026-05-10 17:02:15.207] 4956,85,97,0.0
[2026-05-10 17:02:15.307] [GetTemp--2147478764]:i2c write failed
[2026-05-10 17:02:15.312] 4957,85,97,0.0
[2026-05-10 17:02:15.411] [GetTemp--2147478764]:i2c write failed
[2026-05-10 17:02:15.414] 4958,85,97,0.0
[2026-05-10 17:02:15.506] [GetTemp--2147478764]:i2c write failed
[2026-05-10 17:02:15.508] 4959,85,97,0.0
[2026-05-10 17:02:15.816] [GetTemp--2147478764]:i2c write failed
[2026-05-10 17:02:15.816] 4960,85,97,0.0
[2026-05-10 17:02:15.915] [GetTemp--2147478764]:i2c write failed
[2026-05-10 17:02:15.915] 4961,85,97,0.0
[2026-05-10 17:02:16.015] [GetTemp--2147478764]:i2c write failed
[2026-05-10 17:02:16.015] 4962,85,97,0.0
[2026-05-10 17:02:16.036] HR=95 SpO2=97 (raw:95/97 valid:1/1 sqi:1)
[2026-05-10 17:02:16.114] [GetTemp--2147478764]:i2c write failed
[2026-05-10 17:02:16.117] 4963,85,97,0.0
[2026-05-10 17:02:16.215] [GetTemp--2147478764]:i2c write failed
[2026-05-10 17:02:16.217] 4964,85,97,0.0
[2026-05-10 17:02:16.522] [GetTemp--2147478764]:i2c write failed
[2026-05-10 17:02:16.527] 4965,85,97,0.0
[2026-05-10 17:02:16.630] [GetTemp--2147478764]:i2c write failed
[2026-05-10 17:02:16.633] 4966,85,97,0.0
[2026-05-10 17:02:16.725] [GetTemp--2147478764]:i2c write failed
[2026-05-10 17:02:16.727] 4967,85,97,0.0
[2026-05-10 17:02:16.823] [GetTemp--2147478764]:i2c write failed
[2026-05-10 17:02:16.827] 4968,85,97,0.0
[2026-05-10 17:02:16.922] [GetTemp--2147478764]:i2c write failed
[2026-05-10 17:02:16.924] 4969,85,97,0.0
[2026-05-10 17:02:17.152] HR=95 SpO2=97 (raw:92/97 valid:1/1 sqi:1)
[2026-05-10 17:02:17.232] [GetTemp--2147478764]:i2c write failed
[2026-05-10 17:02:17.236] 4970,85,97,0.0
[2026-05-10 17:02:17.341] [GetTemp--2147478764]:i2c write failed
[2026-05-10 17:02:17.343] 4971,85,97,0.0
[2026-05-10 17:02:17.435] [GetTemp--2147478764]:i2c write failed
[2026-05-10 17:02:17.437] 4972,85,97,0.0
[2026-05-10 17:02:17.544] [GetTemp--2147478764]:i2c write failed
[2026-05-10 17:02:17.545] 4973,85,97,0.0
[2026-05-10 17:02:17.638] [GetTemp--2147478764]:i2c write failed
[2026-05-10 17:02:17.641] 4974,85,97,0.0
[2026-05-10 17:02:17.944] [GetTemp--2147478764]:i2c write failed
[2026-05-10 17:02:17.945] 4975,85,97,0.0
[2026-05-10 17:02:18.044] [GetTemp--2147478764]:i2c write failed
[2026-05-10 17:02:18.047] 4976,85,97,0.0
[2026-05-10 17:02:18.149] [GetTemp--2147478764]:i2c write failed
[2026-05-10 17:02:18.152] 4977,85,97,0.0
[2026-05-10 17:02:18.170] HR=95 SpO2=97 (raw:88/98 valid:1/1 sqi:1)
[2026-05-10 17:02:18.248] [GetTemp--2147478764]:i2c write failed
[2026-05-10 17:02:18.249] 4978,85,97,0.0
[2026-05-10 17:02:18.345] [GetTemp--2147478764]:i2c write failed
[2026-05-10 17:02:18.349] 4979,85,97,0.0
[2026-05-10 17:02:18.662] [GetTemp--2147478764]:i2c write failed
[2026-05-10 17:02:18.664] 4980,85,97,0.0
[2026-05-10 17:02:18.753] [GetTemp--2147478764]:i2c write failed
[2026-05-10 17:02:18.756] 4981,85,97,0.0
[2026-05-10 17:02:18.856] [GetTemp--2147478764]:i2c write failed
[2026-05-10 17:02:18.858] 4982,85,97,0.0
[2026-05-10 17:02:18.956] [GetTemp--2147478764]:i2c write failed
[2026-05-10 17:02:18.959] 4983,85,97,0.0
[2026-05-10 17:02:19.056] [GetTemp--2147478764]:i2c write failed
[2026-05-10 17:02:19.059] 4984,85,97,0.0
[2026-05-10 17:02:19.282] HR=92 SpO2=97 (raw:89/97 valid:1/1 sqi:1)
[2026-05-10 17:02:19.368] [GetTemp--2147478764]:i2c write failed
[2026-05-10 17:02:19.370] 4985,82,97,0.0
[2026-05-10 17:02:19.473] [GetTemp--2147478764]:i2c write failed
[2026-05-10 17:02:19.474] 4986,82,97,0.0
[2026-05-10 17:02:19.567] [GetTemp--2147478764]:i2c write failed
[2026-05-10 17:02:19.569] 4987,82,97,0.0
[2026-05-10 17:02:19.676] [GetTemp--2147478764]:i2c write failed
[2026-05-10 17:02:19.680] 4988,82,97,0.0
[2026-05-10 17:02:19.764] [GetTemp--2147478764]:i2c write failed
[2026-05-10 17:02:19.767] 4989,82,97,0.0
[2026-05-10 17:02:20.072] [GetTemp--2147478764]:i2c write failed
[2026-05-10 17:02:20.076] 4990,82,97,0.0
[2026-05-10 17:02:20.181] [GetTemp--2147478764]:i2c write failed
[2026-05-10 17:02:20.184] 4991,82,97,0.0
[2026-05-10 17:02:20.281] [GetTemp--2147478764]:i2c write failed
[2026-05-10 17:02:20.282] 4992,82,97,0.0
[2026-05-10 17:02:20.384] [GetTemp--2147478764]:i2c write failed
[2026-05-10 17:02:20.386] 4993,82,97,0.0
[2026-05-10 17:02:20.476] HR=89 SpO2=97 (raw:86/97 valid:1/1 sqi:1)
[2026-05-10 17:02:20.479] [GetTemp--2147478764]:i2c write failed
[2026-05-10 17:02:20.480] 4994,79,97,0.0
[2026-05-10 17:02:20.785] [GetTemp--2147478764]:i2c write failed
[2026-05-10 17:02:20.787] 4995,79,97,0.0
[2026-05-10 17:02:20.881] [GetTemp--2147478764]:i2c write failed
[2026-05-10 17:02:20.887] 4996,79,97,0.0
[2026-05-10 17:02:20.985] [GetTemp--2147478764]:i2c write failed
[2026-05-10 17:02:20.988] 4997,79,97,0.0
[2026-05-10 17:02:21.082] [GetTemp--2147478764]:i2c write failed
[2026-05-10 17:02:21.088] 4998,79,97,0.0
[2026-05-10 17:02:21.182] [GetTemp--2147478764]:i2c write failed
[2026-05-10 17:02:21.185] 4999,79,97,0.0
[2026-05-10 17:02:21.437] HR=88 SpO2=97 (raw:88/97 valid:1/1 sqi:1)
[2026-05-10 17:02:21.499] [GetTemp--2147478764]:i2c write failed
[2026-05-10 17:02:21.500] 5000,78,97,0.0
[2026-05-10 17:02:21.593] [GetTemp--2147478764]:i2c write failed
[2026-05-10 17:02:21.595] 5001,78,97,0.0
[2026-05-10 17:02:21.693] [GetTemp--2147478764]:i2c write failed
[2026-05-10 17:02:21.694] 5002,78,97,0.0
[2026-05-10 17:02:21.798] [GetTemp--2147478764]:i2c write failed
[2026-05-10 17:02:21.800] 5003,78,97,0.0
[2026-05-10 17:02:21.894] [GetTemp--2147478764]:i2c write failed
[2026-05-10 17:02:21.895] 5004,78,97,0.0
[2026-05-10 17:02:22.202] [GetTemp--2147478764]:i2c write failed
[2026-05-10 17:02:22.206] 5005,78,97,0.0
[2026-05-10 17:02:22.303] [GetTemp--2147478764]:i2c write failed
[2026-05-10 17:02:22.306] 5006,78,97,0.0
[2026-05-10 17:02:22.413] [GetTemp--2147478764]:i2c write failed
[2026-05-10 17:02:22.417] 5007,78,97,0.0
[2026-05-10 17:02:22.508] [GetTemp--2147478764]:i2c write failed
[2026-05-10 17:02:22.511] 5008,78,97,0.0
[2026-05-10 17:02:22.586] HR=88 SpO2=97 (raw:86/97 valid:1/1 sqi:1)
[2026-05-10 17:02:22.601] [GetTemp--2147478764]:i2c write failed
[2026-05-10 17:02:22.605] 5009,78,97,0.0
[2026-05-10 17:02:22.915] [GetTemp--2147478764]:i2c write failed
[2026-05-10 17:02:22.917] 5010,78,97,0.0
[2026-05-10 17:02:23.015] [GetTemp--2147478764]:i2c write failed
[2026-05-10 17:02:23.019] 5011,78,97,0.0
[2026-05-10 17:02:23.116] [GetTemp--2147478764]:i2c write failed
[2026-05-10 17:02:23.118] 5012,78,97,0.0
[2026-05-10 17:02:23.219] [GetTemp--2147478764]:i2c write failed
[2026-05-10 17:02:23.220] 5013,78,97,0.0
[2026-05-10 17:02:23.315] [GetTemp--2147478764]:i2c write failed
[2026-05-10 17:02:23.318] 5014,78,97,0.0
[2026-05-10 17:02:23.626] [GetTemp--2147478764]:i2c write failed
[2026-05-10 17:02:23.627] 5015,78,97,0.0
[2026-05-10 17:02:23.688] HR=88 SpO2=97 (raw:88/98 valid:1/1 sqi:1)
[2026-05-10 17:02:23.721] [GetTemp--2147478764]:i2c write failed
[2026-05-10 17:02:23.724] 5016,78,97,0.0
[2026-05-10 17:02:23.830] [GetTemp--2147478764]:i2c write failed
[2026-05-10 17:02:23.833] 5017,78,97,0.0
[2026-05-10 17:02:23.932] [GetTemp--2147478764]:i2c write failed
[2026-05-10 17:02:23.935] 5018,78,97,0.0
[2026-05-10 17:02:24.024] [GetTemp--2147478764]:i2c write failed
[2026-05-10 17:02:24.028] 5019,78,97,0.0
[2026-05-10 17:02:24.332] [GetTemp--2147478764]:i2c write failed
[2026-05-10 17:02:24.335] 5020,78,97,0.0
[2026-05-10 17:02:24.435] [GetTemp--2147478764]:i2c write failed
[2026-05-10 17:02:24.436] 5021,78,97,0.0
[2026-05-10 17:02:24.543] [GetTemp--2147478764]:i2c write failed
[2026-05-10 17:02:24.545] 5022,78,97,0.0
[2026-05-10 17:02:24.637] [GetTemp--2147478764]:i2c write failed
[2026-05-10 17:02:24.639] 5023,78,97,0.0
[2026-05-10 17:02:24.745] [GetTemp--2147478764]:i2c write failed
[2026-05-10 17:02:24.745] 5024,78,97,0.0
[2026-05-10 17:02:24.970] HR=86 SpO2=97 (raw:86/98 valid:1/1 sqi:1)
[2026-05-10 17:02:25.044] [GetTemp--2147478764]:i2c write failed
[2026-05-10 17:02:25.046] 5025,76,97,0.0
[2026-05-10 17:02:25.145] [GetTemp--2147478764]:i2c write failed
[2026-05-10 17:02:25.146] 5026,76,97,0.0
[2026-05-10 17:02:25.244] [GetTemp--2147478764]:i2c write failed
[2026-05-10 17:02:25.247] 5027,76,97,0.0
[2026-05-10 17:02:25.344] [GetTemp--2147478764]:i2c write failed
[2026-05-10 17:02:25.347] 5028,76,97,0.0
[2026-05-10 17:02:25.448] [GetTemp--2147478764]:i2c write failed
[2026-05-10 17:02:25.451] 5029,76,97,0.0
[2026-05-10 17:02:25.753] [GetTemp--2147478764]:i2c write failed
[2026-05-10 17:02:25.756] 5030,76,97,0.0
[2026-05-10 17:02:25.853] [GetTemp--2147478764]:i2c write failed
[2026-05-10 17:02:25.857] 5031,76,97,0.0
[2026-05-10 17:02:25.956] [GetTemp--2147478764]:i2c write failed
[2026-05-10 17:02:25.958] 5032,76,97,0.0
[2026-05-10 17:02:25.980] HR=88 SpO2=98 (raw:100/98 valid:1/1 sqi:1)
[2026-05-10 17:02:26.055] [GetTemp--2147478764]:i2c write failed
[2026-05-10 17:02:26.057] 5033,78,98,0.0
[2026-05-10 17:02:26.153] [GetTemp--2147478764]:i2c write failed
[2026-05-10 17:02:26.154] 5034,78,98,0.0
[2026-05-10 17:02:26.465] [GetTemp--2147478764]:i2c write failed
[2026-05-10 17:02:26.467] 5035,78,98,0.0
[2026-05-10 17:02:26.574] [GetTemp--2147478764]:i2c write failed
[2026-05-10 17:02:26.575] 5036,78,98,0.0
[2026-05-10 17:02:26.667] [GetTemp--2147478764]:i2c write failed
[2026-05-10 17:02:26.670] 5037,78,98,0.0
[2026-05-10 17:02:26.770] [GetTemp--2147478764]:i2c write failed
[2026-05-10 17:02:26.773] 5038,78,98,0.0
[2026-05-10 17:02:26.873] [GetTemp--2147478764]:i2c write failed
[2026-05-10 17:02:26.875] 5039,78,98,0.0
[2026-05-10 17:02:27.102] HR=88 SpO2=98 (raw:103/98 valid:1/1 sqi:1)
[2026-05-10 17:02:27.184] [GetTemp--2147478764]:i2c write failed
[2026-05-10 17:02:27.186] 5040,78,98,0.0
[2026-05-10 17:02:27.273] [GetTemp--2147478764]:i2c write failed
[2026-05-10 17:02:27.273] 5041,78,98,0.0
[2026-05-10 17:02:27.373] [GetTemp--2147478764]:i2c write failed
[2026-05-10 17:02:27.377] 5042,78,98,0.0
[2026-05-10 17:02:27.473] [GetTemp--2147478764]:i2c write failed
[2026-05-10 17:02:27.476] 5043,78,98,0.0
[2026-05-10 17:02:27.586] [GetTemp--2147478764]:i2c write failed
[2026-05-10 17:02:27.587] 5044,78,98,0.0
[2026-05-10 17:02:27.883] [GetTemp--2147478764]:i2c write failed
[2026-05-10 17:02:27.887] 5045,78,98,0.0
[2026-05-10 17:02:27.986] [GetTemp--2147478764]:i2c write failed
[2026-05-10 17:02:27.989] 5046,78,98,0.0
[2026-05-10 17:02:28.085] [GetTemp--2147478764]:i2c write failed
[2026-05-10 17:02:28.087] 5047,78,98,0.0
[2026-05-10 17:02:28.119] HR=100 SpO2=98 (raw:107/97 valid:1/1 sqi:1)
[2026-05-10 17:02:28.183] [GetTemp--2147478764]:i2c write failed
[2026-05-10 17:02:28.185] 5048,90,98,0.0
[2026-05-10 17:02:28.282] [GetTemp--2147478764]:i2c write failed
[2026-05-10 17:02:28.290] 5049,90,98,0.0
[2026-05-10 17:02:28.602] [GetTemp--2147478764]:i2c write failed
[2026-05-10 17:02:28.604] 5050,90,98,0.0
[2026-05-10 17:02:28.697] [GetTemp--2147478764]:i2c write failed
[2026-05-10 17:02:28.698] 5051,90,98,0.0
[2026-05-10 17:02:28.800] [GetTemp--2147478764]:i2c write failed
[2026-05-10 17:02:28.803] 5052,90,98,0.0
[2026-05-10 17:02:28.894] [GetTemp--2147478764]:i2c write failed
[2026-05-10 17:02:28.895] 5053,90,98,0.0
[2026-05-10 17:02:28.994] [GetTemp--2147478764]:i2c write failed
[2026-05-10 17:02:28.994] 5054,90,98,0.0
[2026-05-10 17:02:29.241] HR=103 SpO2=98 (raw:105/97 valid:1/1 sqi:1)
[2026-05-10 17:02:29.314] [GetTemp--2147478764]:i2c write failed
[2026-05-10 17:02:29.317] 5055,93,98,0.0
[2026-05-10 17:02:29.413] [GetTemp--2147478764]:i2c write failed
[2026-05-10 17:02:29.416] 5056,93,98,0.0
[2026-05-10 17:02:29.510] [GetTemp--2147478764]:i2c write failed
[2026-05-10 17:02:29.512] 5057,93,98,0.0
[2026-05-10 17:02:29.604] [GetTemp--2147478764]:i2c write failed
[2026-05-10 17:02:29.607] 5058,93,98,0.0
[2026-05-10 17:02:29.714] [GetTemp--2147478764]:i2c write failed
[2026-05-10 17:02:29.717] 5059,93,98,0.0
[2026-05-10 17:02:30.015] [GetTemp--2147478764]:i2c write failed
[2026-05-10 17:02:30.017] 5060,93,98,0.0
[2026-05-10 17:02:30.116] [GetTemp--2147478764]:i2c write failed
[2026-05-10 17:02:30.118] 5061,93,98,0.0
[2026-05-10 17:02:30.218] [GetTemp--2147478764]:i2c write failed
[2026-05-10 17:02:30.220] 5062,93,98,0.0
[2026-05-10 17:02:30.315] [GetTemp--2147478764]:i2c write failed
[2026-05-10 17:02:30.316] 5063,93,98,0.0
[2026-05-10 17:02:30.402] HR=103 SpO2=97 (raw:107/97 valid:1/1 sqi:1)
[2026-05-10 17:02:30.412] [GetTemp--2147478764]:i2c write failed
[2026-05-10 17:02:30.415] 5064,93,97,0.0
[2026-05-10 17:02:30.723] [GetTemp--2147478764]:i2c write failed
[2026-05-10 17:02:30.729] 5065,93,97,0.0
[2026-05-10 17:02:30.823] [GetTemp--2147478764]:i2c write failed
[2026-05-10 17:02:30.828] 5066,93,97,0.0
[2026-05-10 17:02:30.923] [GetTemp--2147478764]:i2c write failed
[2026-05-10 17:02:30.928] 5067,93,97,0.0
[2026-05-10 17:02:31.023] [GetTemp--2147478764]:i2c write failed
[2026-05-10 17:02:31.027] 5068,93,97,0.0
[2026-05-10 17:02:31.123] [GetTemp--2147478764]:i2c write failed
[2026-05-10 17:02:31.125] 5069,93,97,0.0
[2026-05-10 17:02:31.443] [GetTemp--2147478764]:i2c write failed
[2026-05-10 17:02:31.443] 5070,93,97,0.0
[2026-05-10 17:02:31.508] HR=105 SpO2=97 (raw:107/98 valid:1/1 sqi:1)
[2026-05-10 17:02:31.531] [GetTemp--2147478764]:i2c write failed
[2026-05-10 17:02:31.535] 5071,95,97,0.0
[2026-05-10 17:02:31.632] [GetTemp--2147478764]:i2c write failed
[2026-05-10 17:02:31.637] 5072,95,97,0.0
[2026-05-10 17:02:31.740] [GetTemp--2147478764]:i2c write failed
[2026-05-10 17:02:31.741] 5073,95,97,0.0
[2026-05-10 17:02:31.835] [GetTemp--2147478764]:i2c write failed
[2026-05-10 17:02:31.836] 5074,95,97,0.0
[2026-05-10 17:02:32.143] [GetTemp--2147478764]:i2c write failed
[2026-05-10 17:02:32.147] 5075,95,97,0.0
[2026-05-10 17:02:32.244] [GetTemp--2147478764]:i2c write failed
[2026-05-10 17:02:32.244] 5076,95,97,0.0
[2026-05-10 17:02:32.344] [GetTemp--2147478764]:i2c write failed
[2026-05-10 17:02:32.345] 5077,95,97,0.0
[2026-05-10 17:02:32.444] [GetTemp--2147478764]:i2c write failed
[2026-05-10 17:02:32.444] 5078,95,97,0.0
[2026-05-10 17:02:32.528] HR=107 SpO2=97 (raw:107/98 valid:1/1 sqi:1)
[2026-05-10 17:02:32.541] [GetTemp--2147478764]:i2c write failed
[2026-05-10 17:02:32.544] 5079,97,97,0.0
[2026-05-10 17:02:32.852] [GetTemp--2147478764]:i2c write failed
[2026-05-10 17:02:32.855] 5080,97,97,0.0
[2026-05-10 17:02:32.952] [GetTemp--2147478764]:i2c write failed
[2026-05-10 17:02:32.965] 5081,97,97,0.0
[2026-05-10 17:02:33.052] [GetTemp--2147478764]:i2c write failed
[2026-05-10 17:02:33.058] 5082,97,97,0.0
[2026-05-10 17:02:33.152] [GetTemp--2147478764]:i2c write failed
[2026-05-10 17:02:33.157] 5083,97,97,0.0
[2026-05-10 17:02:33.252] [GetTemp--2147478764]:i2c write failed
[2026-05-10 17:02:33.256] 5084,97,97,0.0
[2026-05-10 17:02:33.568] [GetTemp--2147478764]:i2c write failed
[2026-05-10 17:02:33.570] 5085,97,97,0.0
[2026-05-10 17:02:33.662] [GetTemp--2147478764]:i2c write failed
[2026-05-10 17:02:33.665] 5086,97,97,0.0
[2026-05-10 17:02:33.771] [GetTemp--2147478764]:i2c write failed
[2026-05-10 17:02:33.772] 5087,97,97,0.0
[2026-05-10 17:02:33.789] HR=107 SpO2=98 (raw:107/98 valid:1/1 sqi:1)
[2026-05-10 17:02:33.865] [GetTemp--2147478764]:i2c write failed
[2026-05-10 17:02:33.865] 5088,97,98,0.0
[2026-05-10 17:02:33.969] [GetTemp--2147478764]:i2c write failed
[2026-05-10 17:02:33.970] 5089,97,98,0.0
[2026-05-10 17:02:34.273] [GetTemp--2147478764]:i2c write failed
[2026-05-10 17:02:34.277] 5090,97,98,0.0
[2026-05-10 17:02:34.373] [GetTemp--2147478764]:i2c write failed
[2026-05-10 17:02:34.375] 5091,97,98,0.0
[2026-05-10 17:02:34.477] [GetTemp--2147478764]:i2c write failed
[2026-05-10 17:02:34.477] 5092,97,98,0.0
[2026-05-10 17:02:34.587] [GetTemp--2147478764]:i2c write failed
[2026-05-10 17:02:34.588] 5093,97,98,0.0
[2026-05-10 17:02:34.680] [GetTemp--2147478764]:i2c write failed
[2026-05-10 17:02:34.681] 5094,97,98,0.0
[2026-05-10 17:02:34.915] HR=107 SpO2=98 (raw:105/98 valid:1/1 sqi:1)
[2026-05-10 17:02:34.982] [GetTemp--2147478764]:i2c write failed
[2026-05-10 17:02:34.989] 5095,97,98,0.0
[2026-05-10 17:02:35.087] [GetTemp--2147478764]:i2c write failed
[2026-05-10 17:02:35.087] 5096,97,98,0.0
[2026-05-10 17:02:35.183] [GetTemp--2147478764]:i2c write failed
[2026-05-10 17:02:35.191] 5097,97,98,0.0
[2026-05-10 17:02:35.286] [GetTemp--2147478764]:i2c write failed
[2026-05-10 17:02:35.287] 5098,97,98,0.0
[2026-05-10 17:02:35.381] [GetTemp--2147478764]:i2c write failed
[2026-05-10 17:02:35.387] 5099,97,98,0.0
[2026-05-10 17:02:35.707] [GetTemp--2147478764]:i2c write failed
[2026-05-10 17:02:35.707] 5100,97,98,0.0
[2026-05-10 17:02:35.798] [GetTemp--2147478764]:i2c write failed
[2026-05-10 17:02:35.798] 5101,97,98,0.0
[2026-05-10 17:02:35.894] [GetTemp--2147478764]:i2c write failed
[2026-05-10 17:02:35.894] 5102,97,98,0.0
[2026-05-10 17:02:35.922] HR=107 SpO2=98 (raw:98/97 valid:1/1 sqi:1)
[2026-05-10 17:02:35.994] [GetTemp--2147478764]:i2c write failed
[2026-05-10 17:02:35.995] 5103,97,98,0.0
[2026-05-10 17:02:36.106] [GetTemp--2147478764]:i2c write failed
[2026-05-10 17:02:36.107] 5104,97,98,0.0
[2026-05-10 17:02:36.403] [GetTemp--2147478764]:i2c write failed
[2026-05-10 17:02:36.406] 5105,97,98,0.0
[2026-05-10 17:02:36.503] [GetTemp--2147478764]:i2c write failed
[2026-05-10 17:02:36.507] 5106,97,98,0.0
[2026-05-10 17:02:36.616] [GetTemp--2147478764]:i2c write failed
[2026-05-10 17:02:36.617] 5107,97,98,0.0
[2026-05-10 17:02:36.709] [GetTemp--2147478764]:i2c write failed
[2026-05-10 17:02:36.709] 5108,97,98,0.0
[2026-05-10 17:02:36.803] [GetTemp--2147478764]:i2c write failed
[2026-05-10 17:02:36.808] 5109,97,98,0.0
[2026-05-10 17:02:37.031] HR=105 SpO2=98 (raw:98/98 valid:1/1 sqi:1)
[2026-05-10 17:02:37.115] [GetTemp--2147478764]:i2c write failed
[2026-05-10 17:02:37.115] 5110,95,98,0.0
[2026-05-10 17:02:37.214] [GetTemp--2147478764]:i2c write failed
[2026-05-10 17:02:37.215] 5111,95,98,0.0
[2026-05-10 17:02:37.315] [GetTemp--2147478764]:i2c write failed
[2026-05-10 17:02:37.315] 5112,95,98,0.0
[2026-05-10 17:02:37.415] [GetTemp--2147478764]:i2c write failed
[2026-05-10 17:02:37.415] 5113,95,98,0.0
[2026-05-10 17:02:37.524] [GetTemp--2147478764]:i2c write failed
[2026-05-10 17:02:37.525] 5114,95,98,0.0
[2026-05-10 17:02:37.832] [GetTemp--2147478764]:i2c write failed
[2026-05-10 17:02:37.832] 5115,95,98,0.0
[2026-05-10 17:02:37.932] [GetTemp--2147478764]:i2c write failed
[2026-05-10 17:02:37.933] 5116,95,98,0.0
[2026-05-10 17:02:38.023] [GetTemp--2147478764]:i2c write failed
[2026-05-10 17:02:38.027] 5117,95,98,0.0
[2026-05-10 17:02:38.123] [GetTemp--2147478764]:i2c write failed
[2026-05-10 17:02:38.125] 5118,95,98,0.0
[2026-05-10 17:02:38.206] HR=100 SpO2=98 (raw:100/97 valid:1/1 sqi:1)
[2026-05-10 17:02:38.221] [GetTemp--2147478764]:i2c write failed
[2026-05-10 17:02:38.225] 5119,90,98,0.0
[2026-05-10 17:02:38.536] [GetTemp--2147478764]:i2c write failed
[2026-05-10 17:02:38.538] 5120,90,98,0.0
[2026-05-10 17:02:38.646] [GetTemp--2147478764]:i2c write failed
[2026-05-10 17:02:38.647] 5121,90,98,0.0
[2026-05-10 17:02:38.739] [GetTemp--2147478764]:i2c write failed
[2026-05-10 17:02:38.739] 5122,90,98,0.0
[2026-05-10 17:02:38.833] [GetTemp--2147478764]:i2c write failed
[2026-05-10 17:02:38.836] 5123,90,98,0.0
[2026-05-10 17:02:38.935] [GetTemp--2147478764]:i2c write failed
[2026-05-10 17:02:38.937] 5124,90,98,0.0
[2026-05-10 17:02:39.244] [GetTemp--2147478764]:i2c write failed
[2026-05-10 17:02:39.245] 5125,90,98,0.0
[2026-05-10 17:02:39.308] HR=100 SpO2=97 (raw:100/97 valid:1/1 sqi:1)
[2026-05-10 17:02:39.344] [GetTemp--2147478764]:i2c write failed
[2026-05-10 17:02:39.345] 5126,90,97,0.0
[2026-05-10 17:02:39.446] [GetTemp--2147478764]:i2c write failed
[2026-05-10 17:02:39.449] 5127,90,97,0.0
[2026-05-10 17:02:39.556] [GetTemp--2147478764]:i2c write failed
[2026-05-10 17:02:39.556] 5128,90,97,0.0
[2026-05-10 17:02:39.648] [GetTemp--2147478764]:i2c write failed
[2026-05-10 17:02:39.649] 5129,90,97,0.0
[2026-05-10 17:02:39.952] [GetTemp--2147478764]:i2c write failed
[2026-05-10 17:02:39.956] 5130,90,97,0.0
[2026-05-10 17:02:40.062] [GetTemp--2147478764]:i2c write failed
[2026-05-10 17:02:40.062] 5131,90,97,0.0
[2026-05-10 17:02:40.154] [GetTemp--2147478764]:i2c write failed
[2026-05-10 17:02:40.156] 5132,90,97,0.0
[2026-05-10 17:02:40.252] [GetTemp--2147478764]:i2c write failed
[2026-05-10 17:02:40.256] 5133,90,97,0.0
[2026-05-10 17:02:40.351] HR=100 SpO2=97 (raw:100/97 valid:1/1 sqi:1)
[2026-05-10 17:02:40.353] [GetTemp--2147478764]:i2c write failed
[2026-05-10 17:02:40.359] 5134,90,97,0.0
[2026-05-10 17:02:40.664] [GetTemp--2147478764]:i2c write failed
[2026-05-10 17:02:40.666] 5135,90,97,0.0
[2026-05-10 17:02:40.765] [GetTemp--2147478764]:i2c write failed
[2026-05-10 17:02:40.766] 5136,90,97,0.0
[2026-05-10 17:02:40.864] [GetTemp--2147478764]:i2c write failed
[2026-05-10 17:02:40.864] 5137,90,97,0.0
[2026-05-10 17:02:40.965] [GetTemp--2147478764]:i2c write failed
[2026-05-10 17:02:40.965] 5138,90,97,0.0
[2026-05-10 17:02:41.075] [GetTemp--2147478764]:i2c write failed
[2026-05-10 17:02:41.075] 5139,90,97,0.0
[2026-05-10 17:02:41.377] [GetTemp--2147478764]:i2c write failed
[2026-05-10 17:02:41.377] 5140,90,97,0.0
[2026-05-10 17:02:41.441] HR=100 SpO2=97 (raw:100/97 valid:1/1 sqi:1)
[2026-05-10 17:02:41.472] [GetTemp--2147478764]:i2c write failed
[2026-05-10 17:02:41.474] 5141,90,97,0.0
[2026-05-10 17:02:41.581] [GetTemp--2147478764]:i2c write failed
[2026-05-10 17:02:41.581] 5142,90,97,0.0
[2026-05-10 17:02:41.674] [GetTemp--2147478764]:i2c write failed
[2026-05-10 17:02:41.675] 5143,90,97,0.0
[2026-05-10 17:02:41.783] [GetTemp--2147478764]:i2c write failed
[2026-05-10 17:02:41.784] 5144,90,97,0.0
[2026-05-10 17:02:42.091] [GetTemp--2147478764]:i2c write failed
[2026-05-10 17:02:42.092] 5145,90,97,0.0
[2026-05-10 17:02:42.195] [GetTemp--2147478764]:i2c write failed
[2026-05-10 17:02:42.196] 5146,90,97,0.0
[2026-05-10 17:02:42.287] [GetTemp--2147478764]:i2c write failed
[2026-05-10 17:02:42.289] 5147,90,97,0.0
[2026-05-10 17:02:42.384] [GetTemp--2147478764]:i2c write failed
[2026-05-10 17:02:42.385] 5148,90,97,0.0
[2026-05-10 17:02:42.493] [GetTemp--2147478764]:i2c write failed
[2026-05-10 17:02:42.494] 5149,90,97,0.0
[2026-05-10 17:02:42.714] HR=100 SpO2=97 (raw:98/97 valid:1/1 sqi:1)
[2026-05-10 17:02:42.794] [GetTemp--2147478764]:i2c write failed
[2026-05-10 17:02:42.794] 5150,90,97,0.0
[2026-05-10 17:02:42.894] [GetTemp--2147478764]:i2c write failed
[2026-05-10 17:02:42.896] 5151,90,97,0.0
[2026-05-10 17:02:42.994] [GetTemp--2147478764]:i2c write failed
[2026-05-10 17:02:42.995] 5152,90,97,0.0
[2026-05-10 17:02:43.094] [GetTemp--2147478764]:i2c write failed
[2026-05-10 17:02:43.095] 5153,90,97,0.0
[2026-05-10 17:02:43.194] [GetTemp--2147478764]:i2c write failed
[2026-05-10 17:02:43.195] 5154,90,97,0.0
[2026-05-10 17:02:43.503] [GetTemp--2147478764]:i2c write failed
[2026-05-10 17:02:43.506] 5155,90,97,0.0
[2026-05-10 17:02:43.613] [GetTemp--2147478764]:i2c write failed
[2026-05-10 17:02:43.614] 5156,90,97,0.0
[2026-05-10 17:02:43.708] [GetTemp--2147478764]:i2c write failed
[2026-05-10 17:02:43.709] 5157,90,97,0.0
[2026-05-10 17:02:43.732] HR=100 SpO2=97 (raw:100/97 valid:1/1 sqi:1)
[2026-05-10 17:02:43.803] [GetTemp--2147478764]:i2c write failed
[2026-05-10 17:02:43.804] 5158,90,97,0.0
[2026-05-10 17:02:43.903] [GetTemp--2147478764]:i2c write failed
[2026-05-10 17:02:43.906] 5159,90,97,0.0
[2026-05-10 17:02:44.215] [GetTemp--2147478764]:i2c write failed
[2026-05-10 17:02:44.215] 5160,90,97,0.0
[2026-05-10 17:02:44.315] [GetTemp--2147478764]:i2c write failed
[2026-05-10 17:02:44.315] 5161,90,97,0.0
[2026-05-10 17:02:44.419] [GetTemp--2147478764]:i2c write failed
[2026-05-10 17:02:44.419] 5162,90,97,0.0
[2026-05-10 17:02:44.512] [GetTemp--2147478764]:i2c write failed
[2026-05-10 17:02:44.528] 5163,90,97,0.0
[2026-05-10 17:02:44.624] [GetTemp--2147478764]:i2c write failed
[2026-05-10 17:02:44.625] 5164,90,97,0.0
[2026-05-10 17:02:44.843] HR=100 SpO2=97 (raw:100/97 valid:1/1 sqi:1)
[2026-05-10 17:02:44.922] [GetTemp--2147478764]:i2c write failed
[2026-05-10 17:02:44.926] 5165,90,97,0.0
[2026-05-10 17:02:45.023] [GetTemp--2147478764]:i2c write failed
[2026-05-10 17:02:45.028] 5166,90,97,0.0
[2026-05-10 17:02:45.123] [GetTemp--2147478764]:i2c write failed
[2026-05-10 17:02:45.124] 5167,90,97,0.0
[2026-05-10 17:02:45.224] [GetTemp--2147478764]:i2c write failed
[2026-05-10 17:02:45.225] 5168,90,97,0.0
[2026-05-10 17:02:45.327] [GetTemp--2147478764]:i2c write failed
[2026-05-10 17:02:45.327] 5169,90,97,0.0
[2026-05-10 17:02:45.640] [GetTemp--2147478764]:i2c write failed
[2026-05-10 17:02:45.642] 5170,90,97,0.0
[2026-05-10 17:02:45.741] [GetTemp--2147478764]:i2c write failed
[2026-05-10 17:02:45.741] 5171,90,97,0.0
[2026-05-10 17:02:45.832] [GetTemp--2147478764]:i2c write failed
[2026-05-10 17:02:45.835] 5172,90,97,0.0
[2026-05-10 17:02:45.854] HR=100 SpO2=97 (raw:100/97 valid:1/1 sqi:1)
[2026-05-10 17:02:45.936] [GetTemp--2147478764]:i2c write failed
[2026-05-10 17:02:45.936] 5173,90,97,0.0
[2026-05-10 17:02:46.032] [GetTemp--2147478764]:i2c write failed
[2026-05-10 17:02:46.037] 5174,90,97,0.0
[2026-05-10 17:02:46.344] [GetTemp--2147478764]:i2c write failed
[2026-05-10 17:02:46.348] 5175,90,97,0.0
[2026-05-10 17:02:46.445] [GetTemp--2147478764]:i2c write failed
[2026-05-10 17:02:46.446] 5176,90,97,0.0
[2026-05-10 17:02:46.553] [GetTemp--2147478764]:i2c write failed
[2026-05-10 17:02:46.554] 5177,90,97,0.0
[2026-05-10 17:02:46.645] [GetTemp--2147478764]:i2c write failed
[2026-05-10 17:02:46.645] 5178,90,97,0.0
[2026-05-10 17:02:46.744] [GetTemp--2147478764]:i2c write failed
[2026-05-10 17:02:46.745] 5179,90,97,0.0
[2026-05-10 17:02:47.052] [GetTemp--2147478764]:i2c write failed
[2026-05-10 17:02:47.056] 5180,90,97,0.0
[2026-05-10 17:02:47.119] HR=100 SpO2=97 (raw:89/97 valid:1/1 sqi:1)
[2026-05-10 17:02:47.162] [GetTemp--2147478764]:i2c write failed
[2026-05-10 17:02:47.162] 5181,90,97,0.0
[2026-05-10 17:02:47.256] [GetTemp--2147478764]:i2c write failed
[2026-05-10 17:02:47.257] 5182,90,97,0.0
[2026-05-10 17:02:47.362] [GetTemp--2147478764]:i2c write failed
[2026-05-10 17:02:47.362] 5183,90,97,0.0
[2026-05-10 17:02:47.454] [GetTemp--2147478764]:i2c write failed
[2026-05-10 17:02:47.456] 5184,90,97,0.0
[2026-05-10 17:02:47.769] [GetTemp--2147478764]:i2c write failed
[2026-05-10 17:02:47.770] 5185,90,97,0.0
[2026-05-10 17:02:47.874] [GetTemp--2147478764]:i2c write failed
[2026-05-10 17:02:47.874] 5186,90,97,0.0
[2026-05-10 17:02:47.974] [GetTemp--2147478764]:i2c write failed
[2026-05-10 17:02:47.975] 5187,90,97,0.0
[2026-05-10 17:02:48.074] [GetTemp--2147478764]:i2c write failed
[2026-05-10 17:02:48.074] 5188,90,97,0.0
[2026-05-10 17:02:48.149] HR=100 SpO2=97 (raw:86/97 valid:1/1 sqi:1)
[2026-05-10 17:02:48.162] [GetTemp--2147478764]:i2c write failed
[2026-05-10 17:02:48.165] 5189,90,97,0.0
[2026-05-10 17:02:48.485] [GetTemp--2147478764]:i2c write failed
[2026-05-10 17:02:48.486] 5190,90,97,0.0
[2026-05-10 17:02:48.577] [GetTemp--2147478764]:i2c write failed
[2026-05-10 17:02:48.578] 5191,90,97,0.0
[2026-05-10 17:02:48.687] [GetTemp--2147478764]:i2c write failed
[2026-05-10 17:02:48.688] 5192,90,97,0.0
[2026-05-10 17:02:48.775] [GetTemp--2147478764]:i2c write failed
[2026-05-10 17:02:48.775] 5193,90,97,0.0
[2026-05-10 17:02:48.873] [GetTemp--2147478764]:i2c write failed
[2026-05-10 17:02:48.876] 5194,90,97,0.0
[2026-05-10 17:02:49.182] [GetTemp--2147478764]:i2c write failed
[2026-05-10 17:02:49.191] 5195,90,97,0.0
[2026-05-10 17:02:49.253] HR=89 SpO2=97 (raw:86/97 valid:1/1 sqi:1)
[2026-05-10 17:02:49.281] [GetTemp--2147478764]:i2c write failed
[2026-05-10 17:02:49.285] 5196,79,97,0.0
[2026-05-10 17:02:49.386] [GetTemp--2147478764]:i2c write failed
[2026-05-10 17:02:49.386] 5197,79,97,0.0
[2026-05-10 17:02:49.491] [GetTemp--2147478764]:i2c write failed
[2026-05-10 17:02:49.492] 5198,79,97,0.0
[2026-05-10 17:02:49.585] [GetTemp--2147478764]:i2c write failed
[2026-05-10 17:02:49.586] 5199,79,97,0.0
[2026-05-10 17:02:49.898] [GetTemp--2147478764]:i2c write failed
[2026-05-10 17:02:49.898] 5200,79,97,0.0
[2026-05-10 17:02:49.995] [GetTemp--2147478764]:i2c write failed
[2026-05-10 17:02:49.999] 5201,79,97,0.0
[2026-05-10 17:02:50.094] [GetTemp--2147478764]:i2c write failed
[2026-05-10 17:02:50.096] 5202,79,97,0.0
[2026-05-10 17:02:50.194] [GetTemp--2147478764]:i2c write failed
[2026-05-10 17:02:50.197] 5203,79,97,0.0
[2026-05-10 17:02:50.283] HR=86 SpO2=97 (raw:86/98 valid:1/1 sqi:1)
[2026-05-10 17:02:50.291] [GetTemp--2147478764]:i2c write failed
[2026-05-10 17:02:50.295] 5204,76,97,0.0
[2026-05-10 17:02:50.615] [GetTemp--2147478764]:i2c write failed
[2026-05-10 17:02:50.616] 5205,76,97,0.0
[2026-05-10 17:02:50.704] [GetTemp--2147478764]:i2c write failed
[2026-05-10 17:02:50.705] 5206,76,97,0.0
[2026-05-10 17:02:50.802] [GetTemp--2147478764]:i2c write failed
[2026-05-10 17:02:50.807] 5207,76,97,0.0
[2026-05-10 17:02:50.904] [GetTemp--2147478764]:i2c write failed
[2026-05-10 17:02:50.905] 5208,76,97,0.0
[2026-05-10 17:02:51.002] [GetTemp--2147478764]:i2c write failed
[2026-05-10 17:02:51.009] 5209,76,97,0.0
[2026-05-10 17:02:51.315] [GetTemp--2147478764]:i2c write failed
[2026-05-10 17:02:51.315] 5210,76,97,0.0
[2026-05-10 17:02:51.415] [GetTemp--2147478764]:i2c write failed
[2026-05-10 17:02:51.415] 5211,76,97,0.0
[2026-05-10 17:02:51.523] [GetTemp--2147478764]:i2c write failed
[2026-05-10 17:02:51.523] 5212,76,97,0.0
[2026-05-10 17:02:51.542] HR=86 SpO2=97 (raw:93/98 valid:1/1 sqi:1)
[2026-05-10 17:02:51.617] [GetTemp--2147478764]:i2c write failed
[2026-05-10 17:02:51.619] 5213,76,97,0.0
[2026-05-10 17:02:51.726] [GetTemp--2147478764]:i2c write failed
[2026-05-10 17:02:51.727] 5214,76,97,0.0
[2026-05-10 17:02:52.023] [GetTemp--2147478764]:i2c write failed
[2026-05-10 17:02:52.027] 5215,76,97,0.0
[2026-05-10 17:02:52.123] [GetTemp--2147478764]:i2c write failed
[2026-05-10 17:02:52.126] 5216,76,97,0.0
[2026-05-10 17:02:52.223] [GetTemp--2147478764]:i2c write failed
[2026-05-10 17:02:52.225] 5217,76,97,0.0
[2026-05-10 17:02:52.325] [GetTemp--2147478764]:i2c write failed
[2026-05-10 17:02:52.325] 5218,76,97,0.0
[2026-05-10 17:02:52.429] [GetTemp--2147478764]:i2c write failed
[2026-05-10 17:02:52.433] 5219,76,97,0.0
[2026-05-10 17:02:52.662] HR=86 SpO2=97 (raw:103/97 valid:1/1 sqi:1)
[2026-05-10 17:02:52.736] [GetTemp--2147478764]:i2c write failed
[2026-05-10 17:02:52.736] 5220,76,97,0.0
[2026-05-10 17:02:52.833] [GetTemp--2147478764]:i2c write failed
[2026-05-10 17:02:52.836] 5221,76,97,0.0
[2026-05-10 17:02:52.936] [GetTemp--2147478764]:i2c write failed
[2026-05-10 17:02:52.937] 5222,76,97,0.0
[2026-05-10 17:02:53.032] [GetTemp--2147478764]:i2c write failed
[2026-05-10 17:02:53.035] 5223,76,97,0.0
[2026-05-10 17:02:53.135] [GetTemp--2147478764]:i2c write failed
[2026-05-10 17:02:53.135] 5224,76,97,0.0
[2026-05-10 17:02:53.445] [GetTemp--2147478764]:i2c write failed
[2026-05-10 17:02:53.447] 5225,76,97,0.0
[2026-05-10 17:02:53.542] [GetTemp--2147478764]:i2c write failed
[2026-05-10 17:02:53.545] 5226,76,97,0.0
[2026-05-10 17:02:53.645] [GetTemp--2147478764]:i2c write failed
[2026-05-10 17:02:53.645] 5227,76,97,0.0
[2026-05-10 17:02:53.665] HR=93 SpO2=97 (raw:103/97 valid:1/1 sqi:1)
[2026-05-10 17:02:53.743] [GetTemp--2147478764]:i2c write failed
[2026-05-10 17:02:53.745] 5228,83,97,0.0
[2026-05-10 17:02:53.843] [GetTemp--2147478764]:i2c write failed
[2026-05-10 17:02:53.845] 5229,83,97,0.0
[2026-05-10 17:02:54.156] [GetTemp--2147478764]:i2c write failed
[2026-05-10 17:02:54.157] 5230,83,97,0.0
[2026-05-10 17:02:54.260] [GetTemp--2147478764]:i2c write failed
[2026-05-10 17:02:54.261] 5231,83,97,0.0
[2026-05-10 17:02:54.365] [GetTemp--2147478764]:i2c write failed
[2026-05-10 17:02:54.367] 5232,83,97,0.0
[2026-05-10 17:02:54.464] [GetTemp--2147478764]:i2c write failed
[2026-05-10 17:02:54.464] 5233,83,97,0.0
[2026-05-10 17:02:54.557] [GetTemp--2147478764]:i2c write failed
[2026-05-10 17:02:54.557] 5234,83,97,0.0
[2026-05-10 17:02:54.789] HR=101 SpO2=97 (raw:105/97 valid:1/1 sqi:1)
[2026-05-10 17:02:54.864] [GetTemp--2147478764]:i2c write failed
[2026-05-10 17:02:54.865] 5235,91,97,0.0
[2026-05-10 17:02:54.965] [GetTemp--2147478764]:i2c write failed
[2026-05-10 17:02:54.965] 5236,91,97,0.0
[2026-05-10 17:02:55.061] [GetTemp--2147478764]:i2c write failed
[2026-05-10 17:02:55.064] 5237,91,97,0.0
[2026-05-10 17:02:55.164] [GetTemp--2147478764]:i2c write failed
[2026-05-10 17:02:55.166] 5238,91,97,0.0
[2026-05-10 17:02:55.262] [GetTemp--2147478764]:i2c write failed
[2026-05-10 17:02:55.264] 5239,91,97,0.0
[2026-05-10 17:02:55.585] [GetTemp--2147478764]:i2c write failed
[2026-05-10 17:02:55.586] 5240,91,97,0.0
[2026-05-10 17:02:55.678] [GetTemp--2147478764]:i2c write failed
[2026-05-10 17:02:55.680] 5241,91,97,0.0
[2026-05-10 17:02:55.776] [GetTemp--2147478764]:i2c write failed
[2026-05-10 17:02:55.776] 5242,91,97,0.0
[2026-05-10 17:02:55.877] [GetTemp--2147478764]:i2c write failed
[2026-05-10 17:02:55.878] 5243,91,97,0.0
[2026-05-10 17:02:55.960] HR=101 SpO2=97 (raw:105/97 valid:1/1 sqi:1)
[2026-05-10 17:02:55.971] [GetTemp--2147478764]:i2c write failed
[2026-05-10 17:02:55.974] 5244,91,97,0.0
[2026-05-10 17:02:56.290] [GetTemp--2147478764]:i2c write failed
[2026-05-10 17:02:56.291] 5245,91,97,0.0
[2026-05-10 17:02:56.385] [GetTemp--2147478764]:i2c write failed
[2026-05-10 17:02:56.385] 5246,91,97,0.0
[2026-05-10 17:02:56.492] [GetTemp--2147478764]:i2c write failed
[2026-05-10 17:02:56.494] 5247,91,97,0.0
[2026-05-10 17:02:56.586] [GetTemp--2147478764]:i2c write failed
[2026-05-10 17:02:56.587] 5248,91,97,0.0
[2026-05-10 17:02:56.694] [GetTemp--2147478764]:i2c write failed
[2026-05-10 17:02:56.695] 5249,91,97,0.0
[2026-05-10 17:02:56.998] [GetTemp--2147478764]:i2c write failed
[2026-05-10 17:02:56.998] 5250,91,97,0.0
[2026-05-10 17:02:57.064] HR=101 SpO2=97 (raw:98/97 valid:1/1 sqi:1)
[2026-05-10 17:02:57.092] [GetTemp--2147478764]:i2c write failed
[2026-05-10 17:02:57.095] 5251,91,97,0.0
[2026-05-10 17:02:57.198] [GetTemp--2147478764]:i2c write failed
[2026-05-10 17:02:57.199] 5252,91,97,0.0
[2026-05-10 17:02:57.294] [GetTemp--2147478764]:i2c write failed
[2026-05-10 17:02:57.298] 5253,91,97,0.0
[2026-05-10 17:02:57.398] [GetTemp--2147478764]:i2c write failed
[2026-05-10 17:02:57.399] 5254,91,97,0.0
[2026-05-10 17:02:57.713] [GetTemp--2147478764]:i2c write failed
[2026-05-10 17:02:57.714] 5255,91,97,0.0
[2026-05-10 17:02:57.802] [GetTemp--2147478764]:i2c write failed
[2026-05-10 17:02:57.806] 5256,91,97,0.0
[2026-05-10 17:02:57.903] [GetTemp--2147478764]:i2c write failed
[2026-05-10 17:02:57.905] 5257,91,97,0.0
[2026-05-10 17:02:58.003] [GetTemp--2147478764]:i2c write failed
[2026-05-10 17:02:58.005] 5258,91,97,0.0
[2026-05-10 17:02:58.102] HR=101 SpO2=97 (raw:89/97 valid:1/1 sqi:1)
[2026-05-10 17:02:58.102] [GetTemp--2147478764]:i2c write failed
[2026-05-10 17:02:58.105] 5259,91,97,0.0
[2026-05-10 17:02:58.414] [GetTemp--2147478764]:i2c write failed
[2026-05-10 17:02:58.416] 5260,91,97,0.0
[2026-05-10 17:02:58.518] [GetTemp--2147478764]:i2c write failed
[2026-05-10 17:02:58.518] 5261,91,97,0.0
[2026-05-10 17:02:58.627] [GetTemp--2147478764]:i2c write failed
[2026-05-10 17:02:58.627] 5262,91,97,0.0
[2026-05-10 17:02:58.721] [GetTemp--2147478764]:i2c write failed
[2026-05-10 17:02:58.723] 5263,91,97,0.0
[2026-05-10 17:02:58.823] [GetTemp--2147478764]:i2c write failed
[2026-05-10 17:02:58.824] 5264,91,97,0.0
[2026-05-10 17:02:59.126] [GetTemp--2147478764]:i2c write failed
[2026-05-10 17:02:59.127] 5265,91,97,0.0
[2026-05-10 17:02:59.193] HR=98 SpO2=97 (raw:85/98 valid:1/1 sqi:1)
[2026-05-10 17:02:59.222] [GetTemp--2147478764]:i2c write failed
[2026-05-10 17:02:59.224] 5266,88,97,0.0
[2026-05-10 17:02:59.333] [GetTemp--2147478764]:i2c write failed
[2026-05-10 17:02:59.333] 5267,88,97,0.0
[2026-05-10 17:02:59.428] [GetTemp--2147478764]:i2c write failed
[2026-05-10 17:02:59.429] 5268,88,97,0.0
[2026-05-10 17:02:59.534] [GetTemp--2147478764]:i2c write failed
[2026-05-10 17:02:59.535] 5269,88,97,0.0
[2026-05-10 17:02:59.836] [GetTemp--2147478764]:i2c write failed
[2026-05-10 17:02:59.836] 5270,88,97,0.0
[2026-05-10 17:02:59.936] [GetTemp--2147478764]:i2c write failed
[2026-05-10 17:02:59.936] 5271,88,97,0.0
[2026-05-10 17:03:00.040] [GetTemp--2147478764]:i2c write failed
[2026-05-10 17:03:00.040] 5272,88,97,0.0
[2026-05-10 17:03:00.139] [GetTemp--2147478764]:i2c write failed
[2026-05-10 17:03:00.140] 5273,88,97,0.0
[2026-05-10 17:03:00.244] [GetTemp--2147478764]:i2c write failed
[2026-05-10 17:03:00.244] 5274,88,97,0.0
[2026-05-10 17:03:00.474] HR=96 SpO2=97 (raw:96/98 valid:1/1 sqi:1)
[2026-05-10 17:03:00.553] [GetTemp--2147478764]:i2c write failed
[2026-05-10 17:03:00.554] 5275,86,97,0.0
[2026-05-10 17:03:00.646] [GetTemp--2147478764]:i2c write failed
[2026-05-10 17:03:00.648] 5276,86,97,0.0
[2026-05-10 17:03:00.748] [GetTemp--2147478764]:i2c write failed
[2026-05-10 17:03:00.750] 5277,86,97,0.0
[2026-05-10 17:03:00.844] [GetTemp--2147478764]:i2c write failed
[2026-05-10 17:03:00.845] 5278,86,97,0.0
[2026-05-10 17:03:00.952] [GetTemp--2147478764]:i2c write failed
[2026-05-10 17:03:00.952] 5279,86,97,0.0
[2026-05-10 17:03:01.257] [GetTemp--2147478764]:i2c write failed
[2026-05-10 17:03:01.258] 5280,86,97,0.0
[2026-05-10 17:03:01.357] [GetTemp--2147478764]:i2c write failed
[2026-05-10 17:03:01.357] 5281,86,97,0.0
[2026-05-10 17:03:01.459] [GetTemp--2147478764]:i2c write failed
[2026-05-10 17:03:01.460] 5282,86,97,0.0
[2026-05-10 17:03:01.475] HR=96 SpO2=98 (raw:98/99 valid:1/1 sqi:1)
[2026-05-10 17:03:01.553] [GetTemp--2147478764]:i2c write failed
[2026-05-10 17:03:01.557] 5283,86,98,0.0
[2026-05-10 17:03:01.662] [GetTemp--2147478764]:i2c write failed
[2026-05-10 17:03:01.662] 5284,86,98,0.0
[2026-05-10 17:03:01.967] [GetTemp--2147478764]:i2c write failed
[2026-05-10 17:03:01.968] 5285,86,98,0.0
[2026-05-10 17:03:02.073] [GetTemp--2147478764]:i2c write failed
[2026-05-10 17:03:02.074] 5286,86,98,0.0
[2026-05-10 17:03:02.162] [GetTemp--2147478764]:i2c write failed
[2026-05-10 17:03:02.165] 5287,86,98,0.0
[2026-05-10 17:03:02.264] [GetTemp--2147478764]:i2c write failed
[2026-05-10 17:03:02.265] 5288,86,98,0.0
[2026-05-10 17:03:02.365] [GetTemp--2147478764]:i2c write failed
[2026-05-10 17:03:02.365] 5289,86,98,0.0
[2026-05-10 17:03:02.602] HR=96 SpO2=98 (raw:98/98 valid:1/1 sqi:1)
[2026-05-10 17:03:02.679] [GetTemp--2147478764]:i2c write failed
[2026-05-10 17:03:02.679] 5290,86,98,0.0
[2026-05-10 17:03:02.773] [GetTemp--2147478764]:i2c write failed
[2026-05-10 17:03:02.782] 5291,86,98,0.0
[2026-05-10 17:03:02.873] [GetTemp--2147478764]:i2c write failed
[2026-05-10 17:03:02.874] 5292,86,98,0.0
[2026-05-10 17:03:02.973] [GetTemp--2147478764]:i2c write failed
[2026-05-10 17:03:02.975] 5293,86,98,0.0
[2026-05-10 17:03:03.073] [GetTemp--2147478764]:i2c write failed
[2026-05-10 17:03:03.074] 5294,86,98,0.0
[2026-05-10 17:03:03.390] [GetTemp--2147478764]:i2c write failed
[2026-05-10 17:03:03.391] 5295,86,98,0.0
[2026-05-10 17:03:03.489] [GetTemp--2147478764]:i2c write failed
[2026-05-10 17:03:03.490] 5296,86,98,0.0
[2026-05-10 17:03:03.599] [GetTemp--2147478764]:i2c write failed
[2026-05-10 17:03:03.599] 5297,86,98,0.0
[2026-05-10 17:03:03.608] HR=98 SpO2=98 (raw:98/97 valid:1/1 sqi:1)
[2026-05-10 17:03:03.691] [GetTemp--2147478764]:i2c write failed
[2026-05-10 17:03:03.692] 5298,88,98,0.0
[2026-05-10 17:03:03.782] [GetTemp--2147478764]:i2c write failed
[2026-05-10 17:03:03.787] 5299,88,98,0.0
[2026-05-10 17:03:04.103] [GetTemp--2147478764]:i2c write failed
[2026-05-10 17:03:04.103] 5300,88,98,0.0
[2026-05-10 17:03:04.194] [GetTemp--2147478764]:i2c write failed
[2026-05-10 17:03:04.195] 5301,88,98,0.0
[2026-05-10 17:03:04.298] [GetTemp--2147478764]:i2c write failed
[2026-05-10 17:03:04.298] 5302,88,98,0.0
[2026-05-10 17:03:04.394] [GetTemp--2147478764]:i2c write failed
[2026-05-10 17:03:04.396] 5303,88,98,0.0
[2026-05-10 17:03:04.505] [GetTemp--2147478764]:i2c write failed
[2026-05-10 17:03:04.505] 5304,88,98,0.0
[2026-05-10 17:03:04.802] [GetTemp--2147478764]:i2c write failed
[2026-05-10 17:03:04.805] 5305,88,98,0.0
[2026-05-10 17:03:04.869] HR=98 SpO2=98 (raw:100/97 valid:1/1 sqi:1)
[2026-05-10 17:03:04.906] [GetTemp--2147478764]:i2c write failed
[2026-05-10 17:03:04.906] 5306,88,98,0.0
[2026-05-10 17:03:05.010] [GetTemp--2147478764]:i2c write failed
[2026-05-10 17:03:05.010] 5307,88,98,0.0
[2026-05-10 17:03:05.106] [GetTemp--2147478764]:i2c write failed
[2026-05-10 17:03:05.106] 5308,88,98,0.0
[2026-05-10 17:03:05.202] [GetTemp--2147478764]:i2c write failed
[2026-05-10 17:03:05.206] 5309,88,98,0.0
[2026-05-10 17:03:05.517] [GetTemp--2147478764]:i2c write failed
[2026-05-10 17:03:05.518] 5310,88,98,0.0
[2026-05-10 17:03:05.626] [GetTemp--2147478764]:i2c write failed
[2026-05-10 17:03:05.626] 5311,88,98,0.0
[2026-05-10 17:03:05.719] [GetTemp--2147478764]:i2c write failed
[2026-05-10 17:03:05.720] 5312,88,98,0.0
[2026-05-10 17:03:05.819] [GetTemp--2147478764]:i2c write failed
[2026-05-10 17:03:05.819] 5313,88,98,0.0
[2026-05-10 17:03:05.910] HR=98 SpO2=97 (raw:101/97 valid:1/1 sqi:1)
[2026-05-10 17:03:05.913] [GetTemp--2147478764]:i2c write failed
[2026-05-10 17:03:05.916] 5314,88,97,0.0
[2026-05-10 17:03:06.232] [GetTemp--2147478764]:i2c write failed
[2026-05-10 17:03:06.233] 5315,88,97,0.0
[2026-05-10 17:03:06.324] [GetTemp--2147478764]:i2c write failed
[2026-05-10 17:03:06.326] 5316,88,97,0.0
[2026-05-10 17:03:06.424] [GetTemp--2147478764]:i2c write failed
[2026-05-10 17:03:06.426] 5317,88,97,0.0
[2026-05-10 17:03:06.536] [GetTemp--2147478764]:i2c write failed
[2026-05-10 17:03:06.536] 5318,88,97,0.0
[2026-05-10 17:03:06.630] [GetTemp--2147478764]:i2c write failed
[2026-05-10 17:03:06.630] 5319,88,97,0.0
[2026-05-10 17:03:06.933] [GetTemp--2147478764]:i2c write failed
[2026-05-10 17:03:06.936] 5320,88,97,0.0
[2026-05-10 17:03:07.003] HR=100 SpO2=97 (raw:103/98 valid:1/1 sqi:1)
[2026-05-10 17:03:07.031] [GetTemp--2147478764]:i2c write failed
[2026-05-10 17:03:07.036] 5321,90,97,0.0
[2026-05-10 17:03:07.133] [GetTemp--2147478764]:i2c write failed
[2026-05-10 17:03:07.136] 5322,90,97,0.0
[2026-05-10 17:03:07.236] [GetTemp--2147478764]:i2c write failed
[2026-05-10 17:03:07.236] 5323,90,97,0.0
[2026-05-10 17:03:07.332] [GetTemp--2147478764]:i2c write failed
[2026-05-10 17:03:07.336] 5324,90,97,0.0
[2026-05-10 17:03:07.650] [GetTemp--2147478764]:i2c write failed
[2026-05-10 17:03:07.652] 5325,90,97,0.0
[2026-05-10 17:03:07.744] [GetTemp--2147478764]:i2c write failed
[2026-05-10 17:03:07.745] 5326,90,97,0.0
[2026-05-10 17:03:07.844] [GetTemp--2147478764]:i2c write failed
[2026-05-10 17:03:07.846] 5327,90,97,0.0
[2026-05-10 17:03:07.944] [GetTemp--2147478764]:i2c write failed
[2026-05-10 17:03:07.948] 5328,90,97,0.0
[2026-05-10 17:03:08.039] HR=101 SpO2=97 (raw:101/98 valid:1/1 sqi:1)
[2026-05-10 17:03:08.042] [GetTemp--2147478764]:i2c write failed
[2026-05-10 17:03:08.045] 5329,91,97,0.0
[2026-05-10 17:03:08.353] [GetTemp--2147478764]:i2c write failed
[2026-05-10 17:03:08.355] 5330,91,97,0.0
[2026-05-10 17:03:08.454] [GetTemp--2147478764]:i2c write failed
[2026-05-10 17:03:08.455] 5331,91,97,0.0
[2026-05-10 17:03:08.558] [GetTemp--2147478764]:i2c write failed
[2026-05-10 17:03:08.558] 5332,91,97,0.0
[2026-05-10 17:03:08.651] [GetTemp--2147478764]:i2c write failed
[2026-05-10 17:03:08.655] 5333,91,97,0.0
[2026-05-10 17:03:08.759] [GetTemp--2147478764]:i2c write failed
[2026-05-10 17:03:08.761] 5334,91,97,0.0
[2026-05-10 17:03:09.065] [GetTemp--2147478764]:i2c write failed
[2026-05-10 17:03:09.066] 5335,91,97,0.0
[2026-05-10 17:03:09.165] [GetTemp--2147478764]:i2c write failed
[2026-05-10 17:03:09.165] 5336,91,97,0.0
[2026-05-10 17:03:09.265] [GetTemp--2147478764]:i2c write failed
[2026-05-10 17:03:09.266] 5337,91,97,0.0
[2026-05-10 17:03:09.283] HR=101 SpO2=97 (raw:86/97 valid:1/1 sqi:1)
[2026-05-10 17:03:09.376] [GetTemp--2147478764]:i2c write failed
[2026-05-10 17:03:09.376] 5338,91,97,0.0
[2026-05-10 17:03:09.469] [GetTemp--2147478764]:i2c write failed
[2026-05-10 17:03:09.469] 5339,91,97,0.0
[2026-05-10 17:03:09.773] [GetTemp--2147478764]:i2c write failed
[2026-05-10 17:03:09.777] 5340,91,97,0.0
[2026-05-10 17:03:09.874] [GetTemp--2147478764]:i2c write failed
[2026-05-10 17:03:09.876] 5341,91,97,0.0
[2026-05-10 17:03:09.973] [GetTemp--2147478764]:i2c write failed
[2026-05-10 17:03:09.977] 5342,91,97,0.0
[2026-05-10 17:03:10.078] [GetTemp--2147478764]:i2c write failed
[2026-05-10 17:03:10.079] 5343,91,97,0.0
[2026-05-10 17:03:10.173] [GetTemp--2147478764]:i2c write failed
[2026-05-10 17:03:10.176] 5344,91,97,0.0
[2026-05-10 17:03:10.402] HR=101 SpO2=97 (raw:85/97 valid:1/1 sqi:1)
[2026-05-10 17:03:10.494] [GetTemp--2147478764]:i2c write failed
[2026-05-10 17:03:10.495] 5345,91,97,0.0
[2026-05-10 17:03:10.588] [GetTemp--2147478764]:i2c write failed
[2026-05-10 17:03:10.588] 5346,91,97,0.0
[2026-05-10 17:03:10.683] [GetTemp--2147478764]:i2c write failed
[2026-05-10 17:03:10.685] 5347,91,97,0.0
[2026-05-10 17:03:10.782] [GetTemp--2147478764]:i2c write failed
[2026-05-10 17:03:10.794] 5348,91,97,0.0
[2026-05-10 17:03:10.885] [GetTemp--2147478764]:i2c write failed
[2026-05-10 17:03:10.885] 5349,91,97,0.0
[2026-05-10 17:03:11.194] [GetTemp--2147478764]:i2c write failed
[2026-05-10 17:03:11.195] 5350,91,97,0.0
[2026-05-10 17:03:11.294] [GetTemp--2147478764]:i2c write failed
[2026-05-10 17:03:11.294] 5351,91,97,0.0
[2026-05-10 17:03:11.394] [GetTemp--2147478764]:i2c write failed
[2026-05-10 17:03:11.396] 5352,91,97,0.0
[2026-05-10 17:03:11.417] HR=86 SpO2=97 (raw:86/97 valid:1/1 sqi:1)
[2026-05-10 17:03:11.504] [GetTemp--2147478764]:i2c write failed
[2026-05-10 17:03:11.504] 5353,76,97,0.0
[2026-05-10 17:03:11.600] [GetTemp--2147478764]:i2c write failed
[2026-05-10 17:03:11.600] 5354,76,97,0.0
[2026-05-10 17:03:11.903] [GetTemp--2147478764]:i2c write failed
[2026-05-10 17:03:11.905] 5355,76,97,0.0
[2026-05-10 17:03:12.003] [GetTemp--2147478764]:i2c write failed
[2026-05-10 17:03:12.012] 5356,76,97,0.0
[2026-05-10 17:03:12.102] [GetTemp--2147478764]:i2c write failed
[2026-05-10 17:03:12.107] 5357,76,97,0.0
[2026-05-10 17:03:12.203] [GetTemp--2147478764]:i2c write failed
[2026-05-10 17:03:12.206] 5358,76,97,0.0
[2026-05-10 17:03:12.303] [GetTemp--2147478764]:i2c write failed
[2026-05-10 17:03:12.305] 5359,76,97,0.0
[2026-05-10 17:03:12.530] HR=86 SpO2=97 (raw:90/97 valid:1/1 sqi:1)
[2026-05-10 17:03:12.625] [GetTemp--2147478764]:i2c write failed
[2026-05-10 17:03:12.625] 5360,76,97,0.0
[2026-05-10 17:03:12.718] [GetTemp--2147478764]:i2c write failed
[2026-05-10 17:03:12.720] 5361,76,97,0.0
[2026-05-10 17:03:12.815] [GetTemp--2147478764]:i2c write failed
[2026-05-10 17:03:12.816] 5362,76,97,0.0
[2026-05-10 17:03:12.919] [GetTemp--2147478764]:i2c write failed
[2026-05-10 17:03:12.919] 5363,76,97,0.0
[2026-05-10 17:03:13.015] [GetTemp--2147478764]:i2c write failed
[2026-05-10 17:03:13.016] 5364,76,97,0.0
[2026-05-10 17:03:13.323] [GetTemp--2147478764]:i2c write failed
[2026-05-10 17:03:13.325] 5365,76,97,0.0
[2026-05-10 17:03:13.424] [GetTemp--2147478764]:i2c write failed
[2026-05-10 17:03:13.425] 5366,76,97,0.0
[2026-05-10 17:03:13.537] [GetTemp--2147478764]:i2c write failed
[2026-05-10 17:03:13.538] 5367,76,97,0.0
[2026-05-10 17:03:13.630] [GetTemp--2147478764]:i2c write failed
[2026-05-10 17:03:13.630] 5368,76,97,0.0
[2026-05-10 17:03:13.723] HR=86 SpO2=97 (raw:89/97 valid:1/1 sqi:1)
[2026-05-10 17:03:13.724] [GetTemp--2147478764]:i2c write failed
[2026-05-10 17:03:13.725] 5369,76,97,0.0
[2026-05-10 17:03:14.045] [GetTemp--2147478764]:i2c write failed
[2026-05-10 17:03:14.045] 5370,76,97,0.0
[2026-05-10 17:03:14.132] [GetTemp--2147478764]:i2c write failed
[2026-05-10 17:03:14.136] 5371,76,97,0.0
[2026-05-10 17:03:14.232] [GetTemp--2147478764]:i2c write failed
[2026-05-10 17:03:14.236] 5372,76,97,0.0
[2026-05-10 17:03:14.336] [GetTemp--2147478764]:i2c write failed
[2026-05-10 17:03:14.336] 5373,76,97,0.0
[2026-05-10 17:03:14.441] [GetTemp--2147478764]:i2c write failed
[2026-05-10 17:03:14.442] 5374,76,97,0.0
[2026-05-10 17:03:14.745] [GetTemp--2147478764]:i2c write failed
[2026-05-10 17:03:14.746] 5375,76,97,0.0
[2026-05-10 17:03:14.819] HR=89 SpO2=97 (raw:90/97 valid:1/1 sqi:1)
[2026-05-10 17:03:14.842] [GetTemp--2147478764]:i2c write failed
[2026-05-10 17:03:14.845] 5376,79,97,0.0
[2026-05-10 17:03:14.944] [GetTemp--2147478764]:i2c write failed
[2026-05-10 17:03:14.944] 5377,79,97,0.0
[2026-05-10 17:03:15.044] [GetTemp--2147478764]:i2c write failed
[2026-05-10 17:03:15.045] 5378,79,97,0.0
[2026-05-10 17:03:15.144] [GetTemp--2147478764]:i2c write failed
[2026-05-10 17:03:15.144] 5379,79,97,0.0
[2026-05-10 17:03:15.460] [GetTemp--2147478764]:i2c write failed
[2026-05-10 17:03:15.461] 5380,79,97,0.0
[2026-05-10 17:03:15.554] [GetTemp--2147478764]:i2c write failed
[2026-05-10 17:03:15.555] 5381,79,97,0.0
[2026-05-10 17:03:15.665] [GetTemp--2147478764]:i2c write failed
[2026-05-10 17:03:15.666] 5382,79,97,0.0
[2026-05-10 17:03:15.753] [GetTemp--2147478764]:i2c write failed
[2026-05-10 17:03:15.758] 5383,79,97,0.0
[2026-05-10 17:03:15.845] HR=89 SpO2=97 (raw:89/98 valid:1/1 sqi:1)
[2026-05-10 17:03:15.853] [GetTemp--2147478764]:i2c write failed
[2026-05-10 17:03:15.855] 5384,79,97,0.0
[2026-05-10 17:03:16.166] [GetTemp--2147478764]:i2c write failed
[2026-05-10 17:03:16.166] 5385,79,97,0.0
[2026-05-10 17:03:16.268] [GetTemp--2147478764]:i2c write failed
[2026-05-10 17:03:16.268] 5386,79,97,0.0
[2026-05-10 17:03:16.365] [GetTemp--2147478764]:i2c write failed
[2026-05-10 17:03:16.366] 5387,79,97,0.0
[2026-05-10 17:03:16.475] [GetTemp--2147478764]:i2c write failed
[2026-05-10 17:03:16.476] 5388,79,97,0.0
[2026-05-10 17:03:16.568] [GetTemp--2147478764]:i2c write failed
[2026-05-10 17:03:16.568] 5389,79,97,0.0
[2026-05-10 17:03:16.874] [GetTemp--2147478764]:i2c write failed
[2026-05-10 17:03:16.875] 5390,79,97,0.0
[2026-05-10 17:03:16.939] HR=90 SpO2=97 (raw:90/98 valid:1/1 sqi:1)
[2026-05-10 17:03:16.982] [GetTemp--2147478764]:i2c write failed
[2026-05-10 17:03:16.983] 5391,80,97,0.0
[2026-05-10 17:03:17.075] [GetTemp--2147478764]:i2c write failed
[2026-05-10 17:03:17.077] 5392,80,97,0.0
[2026-05-10 17:03:17.107] ReadLicenseData(), failed to get licdata string
[2026-05-10 17:03:17.107] VerifyLicense(), cannot read license data files
[2026-05-10 17:03:17.111] license_task_main() verify license invalid, reboot after 49 mins
[2026-05-10 17:03:17.180] [GetTemp--2147478764]:i2c write failed
[2026-05-10 17:03:17.182] 5393,80,97,0.0
[2026-05-10 17:03:17.279] [GetTemp--2147478764]:i2c write failed
[2026-05-10 17:03:17.279] 5394,80,97,0.0
[2026-05-10 17:03:17.583] [GetTemp--2147478764]:i2c write failed
[2026-05-10 17:03:17.586] 5395,80,97,0.0
[2026-05-10 17:03:17.693] [GetTemp--2147478764]:i2c write failed
[2026-05-10 17:03:17.694] 5396,80,97,0.0
[2026-05-10 17:03:17.786] [GetTemp--2147478764]:i2c write failed
[2026-05-10 17:03:17.786] 5397,80,97,0.0
[2026-05-10 17:03:17.890] [GetTemp--2147478764]:i2c write failed
[2026-05-10 17:03:17.892] 5398,80,97,0.0
[2026-05-10 17:03:17.986] [GetTemp--2147478764]:i2c write failed
[2026-05-10 17:03:17.986] 5399,80,97,0.0
[2026-05-10 17:03:18.215] HR=90 SpO2=98 (raw:93/98 valid:1/1 sqi:1)
[2026-05-10 17:03:18.294] [GetTemp--2147478764]:i2c write failed
[2026-05-10 17:03:18.294] 5400,80,98,0.0
[2026-05-10 17:03:18.394] [GetTemp--2147478764]:i2c write failed
[2026-05-10 17:03:18.400] 5401,80,98,0.0
[2026-05-10 17:03:18.499] [GetTemp--2147478764]:i2c write failed
[2026-05-10 17:03:18.499] 5402,80,98,0.0
[2026-05-10 17:03:18.607] [GetTemp--2147478764]:i2c write failed
[2026-05-10 17:03:18.607] 5403,80,98,0.0
[2026-05-10 17:03:18.700] [GetTemp--2147478764]:i2c write failed
[2026-05-10 17:03:18.700] 5404,80,98,0.0
[2026-05-10 17:03:19.003] [GetTemp--2147478764]:i2c write failed
[2026-05-10 17:03:19.008] 5405,80,98,0.0
[2026-05-10 17:03:19.103] [GetTemp--2147478764]:i2c write failed
[2026-05-10 17:03:19.111] 5406,80,98,0.0
[2026-05-10 17:03:19.202] [GetTemp--2147478764]:i2c write failed
[2026-05-10 17:03:19.206] 5407,80,98,0.0
[2026-05-10 17:03:19.226] HR=90 SpO2=98 (raw:92/98 valid:1/1 sqi:1)
[2026-05-10 17:03:19.303] [GetTemp--2147478764]:i2c write failed
[2026-05-10 17:03:19.307] 5408,80,98,0.0
[2026-05-10 17:03:19.407] [GetTemp--2147478764]:i2c write failed
[2026-05-10 17:03:19.407] 5409,80,98,0.0
[2026-05-10 17:03:19.715] [GetTemp--2147478764]:i2c write failed
[2026-05-10 17:03:19.715] 5410,80,98,0.0
[2026-05-10 17:03:19.819] [GetTemp--2147478764]:i2c write failed
[2026-05-10 17:03:19.820] 5411,80,98,0.0
[2026-05-10 17:03:19.915] [GetTemp--2147478764]:i2c write failed
[2026-05-10 17:03:19.916] 5412,80,98,0.0
[2026-05-10 17:03:20.016] [GetTemp--2147478764]:i2c write failed
[2026-05-10 17:03:20.017] 5413,80,98,0.0
[2026-05-10 17:03:20.115] [GetTemp--2147478764]:i2c write failed
[2026-05-10 17:03:20.115] 5414,80,98,0.0
[2026-05-10 17:03:20.340] HR=92 SpO2=98 (raw:100/97 valid:1/1 sqi:1)
[2026-05-10 17:03:20.424] [GetTemp--2147478764]:i2c write failed
[2026-05-10 17:03:20.424] 5415,82,98,0.0
[2026-05-10 17:03:20.534] [GetTemp--2147478764]:i2c write failed
[2026-05-10 17:03:20.536] 5416,82,98,0.0
[2026-05-10 17:03:20.628] [GetTemp--2147478764]:i2c write failed
[2026-05-10 17:03:20.628] 5417,82,98,0.0
[2026-05-10 17:03:20.737] [GetTemp--2147478764]:i2c write failed
[2026-05-10 17:03:20.738] 5418,82,98,0.0
[2026-05-10 17:03:20.823] [GetTemp--2147478764]:i2c write failed
[2026-05-10 17:03:20.828] 5419,82,98,0.0
[2026-05-10 17:03:21.132] [GetTemp--2147478764]:i2c write failed
[2026-05-10 17:03:21.136] 5420,82,98,0.0
[2026-05-10 17:03:21.247] [GetTemp--2147478764]:i2c write failed
[2026-05-10 17:03:21.248] 5421,82,98,0.0
[2026-05-10 17:03:21.332] [GetTemp--2147478764]:i2c write failed
[2026-05-10 17:03:21.336] 5422,82,98,0.0
[2026-05-10 17:03:21.359] HR=93 SpO2=98 (raw:105/97 valid:1/1 sqi:1)
[2026-05-10 17:03:21.441] [GetTemp--2147478764]:i2c write failed
[2026-05-10 17:03:21.441] 5423,83,98,0.0
[2026-05-10 17:03:21.539] [GetTemp--2147478764]:i2c write failed
[2026-05-10 17:03:21.540] 5424,83,98,0.0
[2026-05-10 17:03:21.849] [GetTemp--2147478764]:i2c write failed
[2026-05-10 17:03:21.849] 5425,83,98,0.0
[2026-05-10 17:03:21.944] [GetTemp--2147478764]:i2c write failed
[2026-05-10 17:03:21.945] 5426,83,98,0.0
[2026-05-10 17:03:22.044] [GetTemp--2147478764]:i2c write failed
[2026-05-10 17:03:22.044] 5427,83,98,0.0
[2026-05-10 17:03:22.144] [GetTemp--2147478764]:i2c write failed
[2026-05-10 17:03:22.144] 5428,83,98,0.0
[2026-05-10 17:03:22.244] [GetTemp--2147478764]:i2c write failed
[2026-05-10 17:03:22.250] 5429,83,98,0.0
[2026-05-10 17:03:22.568] [GetTemp--2147478764]:i2c write failed
[2026-05-10 17:03:22.568] 5430,83,98,0.0
[2026-05-10 17:03:22.628] HR=100 SpO2=97 (raw:105/97 valid:1/1 sqi:1)
[2026-05-10 17:03:22.652] [GetTemp--2147478764]:i2c write failed
[2026-05-10 17:03:22.655] 5431,90,97,0.0
[2026-05-10 17:03:22.754] [GetTemp--2147478764]:i2c write failed
[2026-05-10 17:03:22.757] 5432,90,97,0.0
[2026-05-10 17:03:22.857] [GetTemp--2147478764]:i2c write failed
[2026-05-10 17:03:22.858] 5433,90,97,0.0
[2026-05-10 17:03:22.953] [GetTemp--2147478764]:i2c write failed
[2026-05-10 17:03:22.958] 5434,90,97,0.0
[2026-05-10 17:03:23.265] [GetTemp--2147478764]:i2c write failed
[2026-05-10 17:03:23.266] 5435,90,97,0.0
[2026-05-10 17:03:23.374] [GetTemp--2147478764]:i2c write failed
[2026-05-10 17:03:23.375] 5436,90,97,0.0
[2026-05-10 17:03:23.465] [GetTemp--2147478764]:i2c write failed
[2026-05-10 17:03:23.465] 5437,90,97,0.0
[2026-05-10 17:03:23.575] [GetTemp--2147478764]:i2c write failed
[2026-05-10 17:03:23.575] 5438,90,97,0.0
[2026-05-10 17:03:23.653] HR=105 SpO2=97 (raw:105/97 valid:1/1 sqi:1)
[2026-05-10 17:03:23.663] [GetTemp--2147478764]:i2c write failed
[2026-05-10 17:03:23.666] 5439,95,97,0.0
[2026-05-10 17:03:23.988] [GetTemp--2147478764]:i2c write failed
[2026-05-10 17:03:23.988] 5440,95,97,0.0
[2026-05-10 17:03:24.073] [GetTemp--2147478764]:i2c write failed
[2026-05-10 17:03:24.075] 5441,95,97,0.0
[2026-05-10 17:03:24.174] [GetTemp--2147478764]:i2c write failed
[2026-05-10 17:03:24.178] 5442,95,97,0.0
[2026-05-10 17:03:24.274] [GetTemp--2147478764]:i2c write failed
[2026-05-10 17:03:24.276] 5443,95,97,0.0
[2026-05-10 17:03:24.374] [GetTemp--2147478764]:i2c write failed
[2026-05-10 17:03:24.376] 5444,95,97,0.0
[2026-05-10 17:03:24.688] [GetTemp--2147478764]:i2c write failed
[2026-05-10 17:03:24.688] 5445,95,97,0.0
[2026-05-10 17:03:24.751] HR=105 SpO2=97 (raw:103/97 valid:1/1 sqi:1)
[2026-05-10 17:03:24.781] [GetTemp--2147478764]:i2c write failed
[2026-05-10 17:03:24.787] 5446,95,97,0.0
[2026-05-10 17:03:24.886] [GetTemp--2147478764]:i2c write failed
[2026-05-10 17:03:24.886] 5447,95,97,0.0
[2026-05-10 17:03:24.986] [GetTemp--2147478764]:i2c write failed
[2026-05-10 17:03:24.986] 5448,95,97,0.0
[2026-05-10 17:03:25.082] [GetTemp--2147478764]:i2c write failed
[2026-05-10 17:03:25.088] 5449,95,97,0.0
[2026-05-10 17:03:25.395] [GetTemp--2147478764]:i2c write failed
[2026-05-10 17:03:25.397] 5450,95,97,0.0
[2026-05-10 17:03:25.497] [GetTemp--2147478764]:i2c write failed
[2026-05-10 17:03:25.498] 5451,95,97,0.0
[2026-05-10 17:03:25.607] [GetTemp--2147478764]:i2c write failed
[2026-05-10 17:03:25.607] 5452,95,97,0.0
[2026-05-10 17:03:25.702] [GetTemp--2147478764]:i2c write failed
[2026-05-10 17:03:25.703] 5453,95,97,0.0
[2026-05-10 17:03:25.779] HR=105 SpO2=97 (raw:100/97 valid:1/1 sqi:1)
[2026-05-10 17:03:25.792] [GetTemp--2147478764]:i2c write failed
[2026-05-10 17:03:25.795] 5454,95,97,0.0
[2026-05-10 17:03:26.103] [GetTemp--2147478764]:i2c write failed
[2026-05-10 17:03:26.105] 5455,95,97,0.0
[2026-05-10 17:03:26.203] [GetTemp--2147478764]:i2c write failed
[2026-05-10 17:03:26.215] 5456,95,97,0.0
[2026-05-10 17:03:26.303] [GetTemp--2147478764]:i2c write failed
[2026-05-10 17:03:26.303] 5457,95,97,0.0
[2026-05-10 17:03:26.403] [GetTemp--2147478764]:i2c write failed
[2026-05-10 17:03:26.404] 5458,95,97,0.0
[2026-05-10 17:03:26.502] [GetTemp--2147478764]:i2c write failed
[2026-05-10 17:03:26.506] 5459,95,97,0.0
[2026-05-10 17:03:26.815] [GetTemp--2147478764]:i2c write failed
[2026-05-10 17:03:26.816] 5460,95,97,0.0
[2026-05-10 17:03:27.038] [GetTemp--2147478764]:i2c write failed
[2026-05-10 17:03:27.040] 5461,95,97,0.0
[2026-05-10 17:03:27.040] [GetTemp--2147478764]:i2c write failed
[2026-05-10 17:03:27.040] 5462,95,97,0.0
[2026-05-10 17:03:27.040] HR=103 SpO2=97 (raw:90/98 valid:1/1 sqi:1)
[2026-05-10 17:03:27.115] [GetTemp--2147478764]:i2c write failed
[2026-05-10 17:03:27.116] 5463,93,97,0.0
[2026-05-10 17:03:27.215] [GetTemp--2147478764]:i2c write failed
[2026-05-10 17:03:27.216] 5464,93,97,0.0
[2026-05-10 17:03:27.524] [GetTemp--2147478764]:i2c write failed
[2026-05-10 17:03:27.526] 5465,93,97,0.0
[2026-05-10 17:03:27.633] [GetTemp--2147478764]:i2c write failed
[2026-05-10 17:03:27.634] 5466,93,97,0.0
[2026-05-10 17:03:27.726] [GetTemp--2147478764]:i2c write failed
[2026-05-10 17:03:27.727] 5467,93,97,0.0
[2026-05-10 17:03:27.828] [GetTemp--2147478764]:i2c write failed
[2026-05-10 17:03:27.828] 5468,93,97,0.0
[2026-05-10 17:03:27.923] [GetTemp--2147478764]:i2c write failed
[2026-05-10 17:03:27.928] 5469,93,97,0.0
[2026-05-10 17:03:28.153] HR=100 SpO2=97 (raw:93/98 valid:1/1 sqi:1)
[2026-05-10 17:03:28.240] [GetTemp--2147478764]:i2c write failed
[2026-05-10 17:03:28.240] 5470,90,97,0.0
[2026-05-10 17:03:28.332] [GetTemp--2147478764]:i2c write failed
[2026-05-10 17:03:28.337] 5471,90,97,0.0
[2026-05-10 17:03:28.445] [GetTemp--2147478764]:i2c write failed
[2026-05-10 17:03:28.446] 5472,90,97,0.0
[2026-05-10 17:03:28.534] [GetTemp--2147478764]:i2c write failed
[2026-05-10 17:03:28.537] 5473,90,97,0.0
[2026-05-10 17:03:28.645] [GetTemp--2147478764]:i2c write failed
[2026-05-10 17:03:28.645] 5474,90,97,0.0
[2026-05-10 17:03:28.949] [GetTemp--2147478764]:i2c write failed
[2026-05-10 17:03:28.950] 5475,90,97,0.0
[2026-05-10 17:03:29.048] [GetTemp--2147478764]:i2c write failed
[2026-05-10 17:03:29.050] 5476,90,97,0.0
[2026-05-10 17:03:29.142] [GetTemp--2147478764]:i2c write failed
[2026-05-10 17:03:29.146] 5477,90,97,0.0
[2026-05-10 17:03:29.174] HR=100 SpO2=97 (raw:100/97 valid:1/1 sqi:1)
[2026-05-10 17:03:29.243] [GetTemp--2147478764]:i2c write failed
[2026-05-10 17:03:29.247] 5478,90,97,0.0
[2026-05-10 17:03:29.342] [GetTemp--2147478764]:i2c write failed
[2026-05-10 17:03:29.345] 5479,90,97,0.0
[2026-05-10 17:03:29.657] [GetTemp--2147478764]:i2c write failed
[2026-05-10 17:03:29.657] 5480,90,97,0.0
[2026-05-10 17:03:29.752] [GetTemp--2147478764]:i2c write failed
[2026-05-10 17:03:29.756] 5481,90,97,0.0
[2026-05-10 17:03:29.852] [GetTemp--2147478764]:i2c write failed
[2026-05-10 17:03:29.855] 5482,90,97,0.0
[2026-05-10 17:03:29.957] [GetTemp--2147478764]:i2c write failed
[2026-05-10 17:03:29.957] 5483,90,97,0.0
[2026-05-10 17:03:30.053] [GetTemp--2147478764]:i2c write failed
[2026-05-10 17:03:30.056] 5484,90,97,0.0
[2026-05-10 17:03:30.285] HR=98 SpO2=97 (raw:98/97 valid:1/1 sqi:1)
[2026-05-10 17:03:30.365] [GetTemp--2147478764]:i2c write failed
[2026-05-10 17:03:30.366] 5485,88,97,0.0
[2026-05-10 17:03:30.474] [GetTemp--2147478764]:i2c write failed
[2026-05-10 17:03:30.475] 5486,88,97,0.0
[2026-05-10 17:03:30.568] [GetTemp--2147478764]:i2c write failed
[2026-05-10 17:03:30.569] 5487,88,97,0.0
[2026-05-10 17:03:30.663] [GetTemp--2147478764]:i2c write failed
[2026-05-10 17:03:30.666] 5488,88,97,0.0
[2026-05-10 17:03:30.772] [GetTemp--2147478764]:i2c write failed
[2026-05-10 17:03:30.774] 5489,88,97,0.0
[2026-05-10 17:03:31.074] [GetTemp--2147478764]:i2c write failed
[2026-05-10 17:03:31.075] 5490,88,97,0.0
[2026-05-10 17:03:31.182] [GetTemp--2147478764]:i2c write failed
[2026-05-10 17:03:31.182] 5491,88,97,0.0
[2026-05-10 17:03:31.277] [GetTemp--2147478764]:i2c write failed
[2026-05-10 17:03:31.278] 5492,88,97,0.0
[2026-05-10 17:03:31.376] [GetTemp--2147478764]:i2c write failed
[2026-05-10 17:03:31.377] 5493,88,97,0.0
[2026-05-10 17:03:31.457] HR=98 SpO2=97 (raw:100/97 valid:1/1 sqi:1)
[2026-05-10 17:03:31.472] [GetTemp--2147478764]:i2c write failed
[2026-05-10 17:03:31.476] 5494,88,97,0.0
[2026-05-10 17:03:31.786] [GetTemp--2147478764]:i2c write failed
[2026-05-10 17:03:31.787] 5495,88,97,0.0
[2026-05-10 17:03:31.883] [GetTemp--2147478764]:i2c write failed
[2026-05-10 17:03:31.886] 5496,88,97,0.0
[2026-05-10 17:03:31.987] [GetTemp--2147478764]:i2c write failed
[2026-05-10 17:03:31.987] 5497,88,97,0.0
[2026-05-10 17:03:32.086] [GetTemp--2147478764]:i2c write failed
[2026-05-10 17:03:32.086] 5498,88,97,0.0
[2026-05-10 17:03:32.187] [GetTemp--2147478764]:i2c write failed
[2026-05-10 17:03:32.187] 5499,88,97,0.0
[2026-05-10 17:03:32.494] [GetTemp--2147478764]:i2c write failed
[2026-05-10 17:03:32.495] 5500,88,97,0.0
[2026-05-10 17:03:32.557] HR=98 SpO2=97 (raw:93/97 valid:1/1 sqi:1)
[2026-05-10 17:03:32.604] [GetTemp--2147478764]:i2c write failed
[2026-05-10 17:03:32.605] 5501,88,97,0.0
[2026-05-10 17:03:32.699] [GetTemp--2147478764]:i2c write failed
[2026-05-10 17:03:32.700] 5502,88,97,0.0
[2026-05-10 17:03:32.807] [GetTemp--2147478764]:i2c write failed
[2026-05-10 17:03:32.808] 5503,88,97,0.0
[2026-05-10 17:03:32.895] [GetTemp--2147478764]:i2c write failed
[2026-05-10 17:03:32.895] 5504,88,97,0.0
[2026-05-10 17:03:33.215] [GetTemp--2147478764]:i2c write failed
[2026-05-10 17:03:33.216] 5505,88,97,0.0
[2026-05-10 17:03:33.303] [GetTemp--2147478764]:i2c write failed
[2026-05-10 17:03:33.320] 5506,88,97,0.0
[2026-05-10 17:03:33.403] [GetTemp--2147478764]:i2c write failed
[2026-05-10 17:03:33.412] 5507,88,97,0.0
[2026-05-10 17:03:33.504] [GetTemp--2147478764]:i2c write failed
[2026-05-10 17:03:33.509] 5508,88,97,0.0
[2026-05-10 17:03:33.598] HR=98 SpO2=97 (raw:93/98 valid:1/1 sqi:1)
[2026-05-10 17:03:33.602] [GetTemp--2147478764]:i2c write failed
[2026-05-10 17:03:33.606] 5509,88,97,0.0
[2026-05-10 17:03:33.916] [GetTemp--2147478764]:i2c write failed
[2026-05-10 17:03:33.916] 5510,88,97,0.0
[2026-05-10 17:03:34.016] [GetTemp--2147478764]:i2c write failed
[2026-05-10 17:03:34.018] 5511,88,97,0.0
[2026-05-10 17:03:34.116] [GetTemp--2147478764]:i2c write failed
[2026-05-10 17:03:34.117] 5512,88,97,0.0
[2026-05-10 17:03:34.216] [GetTemp--2147478764]:i2c write failed
[2026-05-10 17:03:34.216] 5513,88,97,0.0
[2026-05-10 17:03:34.315] [GetTemp--2147478764]:i2c write failed
[2026-05-10 17:03:34.316] 5514,88,97,0.0
[2026-05-10 17:03:34.632] [GetTemp--2147478764]:i2c write failed
[2026-05-10 17:03:34.632] 5515,88,97,0.0
[2026-05-10 17:03:34.691] HR=96 SpO2=97 (raw:96/97 valid:1/1 sqi:1)
[2026-05-10 17:03:34.732] [GetTemp--2147478764]:i2c write failed
[2026-05-10 17:03:34.733] 5516,86,97,0.0
[2026-05-10 17:03:34.828] [GetTemp--2147478764]:i2c write failed
[2026-05-10 17:03:34.829] 5517,86,97,0.0
[2026-05-10 17:03:34.928] [GetTemp--2147478764]:i2c write failed
[2026-05-10 17:03:34.928] 5518,86,97,0.0
[2026-05-10 17:03:35.035] [GetTemp--2147478764]:i2c write failed
[2026-05-10 17:03:35.036] 5519,86,97,0.0
[2026-05-10 17:03:35.337] [GetTemp--2147478764]:i2c write failed
[2026-05-10 17:03:35.338] 5520,86,97,0.0
[2026-05-10 17:03:35.437] [GetTemp--2147478764]:i2c write failed
[2026-05-10 17:03:35.437] 5521,86,97,0.0
[2026-05-10 17:03:35.545] [GetTemp--2147478764]:i2c write failed
[2026-05-10 17:03:35.545] 5522,86,97,0.0
[2026-05-10 17:03:35.637] [GetTemp--2147478764]:i2c write failed
[2026-05-10 17:03:35.637] 5523,86,97,0.0
[2026-05-10 17:03:35.745] [GetTemp--2147478764]:i2c write failed
[2026-05-10 17:03:35.747] 5524,86,97,0.0
[2026-05-10 17:03:35.976] HR=96 SpO2=97 (raw:105/97 valid:1/1 sqi:1)
[2026-05-10 17:03:36.043] [GetTemp--2147478764]:i2c write failed
[2026-05-10 17:03:36.046] 5525,86,97,0.0
[2026-05-10 17:03:36.145] [GetTemp--2147478764]:i2c write failed
[2026-05-10 17:03:36.145] 5526,86,97,0.0
[2026-05-10 17:03:36.244] [GetTemp--2147478764]:i2c write failed
[2026-05-10 17:03:36.246] 5527,86,97,0.0
[2026-05-10 17:03:36.345] [GetTemp--2147478764]:i2c write failed
[2026-05-10 17:03:36.347] 5528,86,97,0.0
[2026-05-10 17:03:36.445] [GetTemp--2147478764]:i2c write failed
[2026-05-10 17:03:36.446] 5529,86,97,0.0
[2026-05-10 17:03:36.753] [GetTemp--2147478764]:i2c write failed
[2026-05-10 17:03:36.756] 5530,86,97,0.0
[2026-05-10 17:03:36.854] [GetTemp--2147478764]:i2c write failed
[2026-05-10 17:03:36.857] 5531,86,97,0.0
[2026-05-10 17:03:36.954] [GetTemp--2147478764]:i2c write failed
[2026-05-10 17:03:36.961] 5532,86,97,0.0
[2026-05-10 17:03:36.983] HR=96 SpO2=97 (raw:105/97 valid:1/1 sqi:1)
[2026-05-10 17:03:37.061] [GetTemp--2147478764]:i2c write failed
[2026-05-10 17:03:37.062] 5533,86,97,0.0
[2026-05-10 17:03:37.153] [GetTemp--2147478764]:i2c write failed
[2026-05-10 17:03:37.155] 5534,86,97,0.0
[2026-05-10 17:03:37.467] [GetTemp--2147478764]:i2c write failed
[2026-05-10 17:03:37.468] 5535,86,97,0.0
[2026-05-10 17:03:37.576] [GetTemp--2147478764]:i2c write failed
[2026-05-10 17:03:37.577] 5536,86,97,0.0
[2026-05-10 17:03:37.670] [GetTemp--2147478764]:i2c write failed
[2026-05-10 17:03:37.671] 5537,86,97,0.0
[2026-05-10 17:03:37.765] [GetTemp--2147478764]:i2c write failed
[2026-05-10 17:03:37.766] 5538,86,97,0.0
[2026-05-10 17:03:37.866] [GetTemp--2147478764]:i2c write failed
[2026-05-10 17:03:37.867] 5539,86,97,0.0
[2026-05-10 17:03:38.095] HR=105 SpO2=97 (raw:107/97 valid:1/1 sqi:1)
[2026-05-10 17:03:38.174] [GetTemp--2147478764]:i2c write failed
[2026-05-10 17:03:38.176] 5540,95,97,0.0
[2026-05-10 17:03:38.285] [GetTemp--2147478764]:i2c write failed
[2026-05-10 17:03:38.285] 5541,95,97,0.0
[2026-05-10 17:03:38.374] [GetTemp--2147478764]:i2c write failed
[2026-05-10 17:03:38.378] 5542,95,97,0.0
[2026-05-10 17:03:38.479] [GetTemp--2147478764]:i2c write failed
[2026-05-10 17:03:38.481] 5543,95,97,0.0
[2026-05-10 17:03:38.573] [GetTemp--2147478764]:i2c write failed
[2026-05-10 17:03:38.576] 5544,95,97,0.0
[2026-05-10 17:03:38.886] [GetTemp--2147478764]:i2c write failed
[2026-05-10 17:03:38.886] 5545,95,97,0.0
[2026-05-10 17:03:38.986] [GetTemp--2147478764]:i2c write failed
[2026-05-10 17:03:38.987] 5546,95,97,0.0
[2026-05-10 17:03:39.086] [GetTemp--2147478764]:i2c write failed
[2026-05-10 17:03:39.088] 5547,95,97,0.0
[2026-05-10 17:03:39.107] HR=105 SpO2=97 (raw:103/97 valid:1/1 sqi:1)
[2026-05-10 17:03:39.186] [GetTemp--2147478764]:i2c write failed
[2026-05-10 17:03:39.187] 5548,95,97,0.0
[2026-05-10 17:03:39.290] [GetTemp--2147478764]:i2c write failed
[2026-05-10 17:03:39.291] 5549,95,97,0.0
[2026-05-10 17:03:39.600] [GetTemp--2147478764]:i2c write failed
[2026-05-10 17:03:39.601] 5550,95,97,0.0
[2026-05-10 17:03:39.695] [GetTemp--2147478764]:i2c write failed
[2026-05-10 17:03:39.696] 5551,95,97,0.0
[2026-05-10 17:03:39.795] [GetTemp--2147478764]:i2c write failed
[2026-05-10 17:03:39.796] 5552,95,97,0.0
[2026-05-10 17:03:39.895] [GetTemp--2147478764]:i2c write failed
[2026-05-10 17:03:39.897] 5553,95,97,0.0
[2026-05-10 17:03:39.994] [GetTemp--2147478764]:i2c write failed
[2026-05-10 17:03:39.996] 5554,95,97,0.0
[2026-05-10 17:03:40.303] [GetTemp--2147478764]:i2c write failed
[2026-05-10 17:03:40.307] 5555,95,97,0.0
[2026-05-10 17:03:40.368] HR=105 SpO2=97 (raw:103/97 valid:1/1 sqi:1)
[2026-05-10 17:03:40.415] [GetTemp--2147478764]:i2c write failed
[2026-05-10 17:03:40.416] 5556,95,97,0.0
[2026-05-10 17:03:40.508] [GetTemp--2147478764]:i2c write failed
[2026-05-10 17:03:40.509] 5557,95,97,0.0
[2026-05-10 17:03:40.603] [GetTemp--2147478764]:i2c write failed
[2026-05-10 17:03:40.605] 5558,95,97,0.0
[2026-05-10 17:03:40.703] [GetTemp--2147478764]:i2c write failed
[2026-05-10 17:03:40.706] 5559,95,97,0.0
[2026-05-10 17:03:41.016] [GetTemp--2147478764]:i2c write failed
[2026-05-10 17:03:41.017] 5560,95,97,0.0
[2026-05-10 17:03:41.115] [GetTemp--2147478764]:i2c write failed
[2026-05-10 17:03:41.115] 5561,95,97,0.0
[2026-05-10 17:03:41.215] [GetTemp--2147478764]:i2c write failed
[2026-05-10 17:03:41.216] 5562,95,97,0.0
[2026-05-10 17:03:41.314] [GetTemp--2147478764]:i2c write failed
[2026-05-10 17:03:41.319] 5563,95,97,0.0
[2026-05-10 17:03:41.403] HR=103 SpO2=97 (raw:101/97 valid:1/1 sqi:1)
[2026-05-10 17:03:41.412] [GetTemp--2147478764]:i2c write failed
[2026-05-10 17:03:41.416] 5564,93,97,0.0
[2026-05-10 17:03:41.726] [GetTemp--2147478764]:i2c write failed
[2026-05-10 17:03:41.726] 5565,93,97,0.0
[2026-05-10 17:03:41.824] [GetTemp--2147478764]:i2c write failed
[2026-05-10 17:03:41.826] 5566,93,97,0.0
[2026-05-10 17:03:41.928] [GetTemp--2147478764]:i2c write failed
[2026-05-10 17:03:41.928] 5567,93,97,0.0
[2026-05-10 17:03:42.024] [GetTemp--2147478764]:i2c write failed
[2026-05-10 17:03:42.028] 5568,93,97,0.0
[2026-05-10 17:03:42.132] [GetTemp--2147478764]:i2c write failed
[2026-05-10 17:03:42.132] 5569,93,97,0.0
[2026-05-10 17:03:42.433] [GetTemp--2147478764]:i2c write failed
[2026-05-10 17:03:42.436] 5570,93,97,0.0
[2026-05-10 17:03:42.503] HR=103 SpO2=97 (raw:101/97 valid:1/1 sqi:1)
[2026-05-10 17:03:42.532] [GetTemp--2147478764]:i2c write failed
[2026-05-10 17:03:42.536] 5571,93,97,0.0
[2026-05-10 17:03:42.646] [GetTemp--2147478764]:i2c write failed
[2026-05-10 17:03:42.646] 5572,93,97,0.0
[2026-05-10 17:03:42.746] [GetTemp--2147478764]:i2c write failed
[2026-05-10 17:03:42.747] 5573,93,97,0.0
[2026-05-10 17:03:42.848] [GetTemp--2147478764]:i2c write failed
[2026-05-10 17:03:42.848] 5574,93,97,0.0
[2026-05-10 17:03:43.149] [GetTemp--2147478764]:i2c write failed
[2026-05-10 17:03:43.149] 5575,93,97,0.0
[2026-05-10 17:03:43.256] [GetTemp--2147478764]:i2c write failed
[2026-05-10 17:03:43.257] 5576,93,97,0.0
[2026-05-10 17:03:43.354] [GetTemp--2147478764]:i2c write failed
[2026-05-10 17:03:43.355] 5577,93,97,0.0
[2026-05-10 17:03:43.451] [GetTemp--2147478764]:i2c write failed
[2026-05-10 17:03:43.452] 5578,93,97,0.0
[2026-05-10 17:03:43.544] HR=103 SpO2=97 (raw:103/97 valid:1/1 sqi:1)
[2026-05-10 17:03:43.544] [GetTemp--2147478764]:i2c write failed
[2026-05-10 17:03:43.546] 5579,93,97,0.0
[2026-05-10 17:03:43.865] [GetTemp--2147478764]:i2c write failed
[2026-05-10 17:03:43.866] 5580,93,97,0.0
[2026-05-10 17:03:43.964] [GetTemp--2147478764]:i2c write failed
[2026-05-10 17:03:43.965] 5581,93,97,0.0
[2026-05-10 17:03:44.062] [GetTemp--2147478764]:i2c write failed
[2026-05-10 17:03:44.063] 5582,93,97,0.0
[2026-05-10 17:03:44.154] [GetTemp--2147478764]:i2c write failed
[2026-05-10 17:03:44.157] 5583,93,97,0.0
[2026-05-10 17:03:44.257] [GetTemp--2147478764]:i2c write failed
[2026-05-10 17:03:44.257] 5584,93,97,0.0
[2026-05-10 17:03:44.563] [GetTemp--2147478764]:i2c write failed
[2026-05-10 17:03:44.565] 5585,93,97,0.0
[2026-05-10 17:03:44.670] [GetTemp--2147478764]:i2c write failed
[2026-05-10 17:03:44.670] 5586,93,97,0.0
[2026-05-10 17:03:44.766] [GetTemp--2147478764]:i2c write failed
[2026-05-10 17:03:44.766] 5587,93,97,0.0
[2026-05-10 17:03:44.795] HR=103 SpO2=97 (raw:103/97 valid:1/1 sqi:1)
[2026-05-10 17:03:44.870] [GetTemp--2147478764]:i2c write failed
[2026-05-10 17:03:44.870] 5588,93,97,0.0
[2026-05-10 17:03:44.966] [GetTemp--2147478764]:i2c write failed
[2026-05-10 17:03:44.966] 5589,93,97,0.0
[2026-05-10 17:03:45.282] [GetTemp--2147478764]:i2c write failed
[2026-05-10 17:03:45.284] 5590,93,97,0.0
[2026-05-10 17:03:45.383] [GetTemp--2147478764]:i2c write failed
[2026-05-10 17:03:45.383] 5591,93,97,0.0
[2026-05-10 17:03:45.475] [GetTemp--2147478764]:i2c write failed
[2026-05-10 17:03:45.476] 5592,93,97,0.0
[2026-05-10 17:03:45.584] [GetTemp--2147478764]:i2c write failed
[2026-05-10 17:03:45.585] 5593,93,97,0.0
[2026-05-10 17:03:45.678] [GetTemp--2147478764]:i2c write failed
[2026-05-10 17:03:45.678] 5594,93,97,0.0
[2026-05-10 17:03:45.903] HR=103 SpO2=97 (raw:103/97 valid:1/1 sqi:1)
[2026-05-10 17:03:45.991] [GetTemp--2147478764]:i2c write failed
[2026-05-10 17:03:45.991] 5595,93,97,0.0
[2026-05-10 17:03:46.083] [GetTemp--2147478764]:i2c write failed
[2026-05-10 17:03:46.086] 5596,93,97,0.0
[2026-05-10 17:03:46.183] [GetTemp--2147478764]:i2c write failed
[2026-05-10 17:03:46.186] 5597,93,97,0.0
[2026-05-10 17:03:46.293] [GetTemp--2147478764]:i2c write failed
[2026-05-10 17:03:46.294] 5598,93,97,0.0
[2026-05-10 17:03:46.383] [GetTemp--2147478764]:i2c write failed
[2026-05-10 17:03:46.388] 5599,93,97,0.0
[2026-05-10 17:03:46.696] [GetTemp--2147478764]:i2c write failed
[2026-05-10 17:03:46.697] 5600,93,97,0.0
[2026-05-10 17:03:46.795] [GetTemp--2147478764]:i2c write failed
[2026-05-10 17:03:46.797] 5601,93,97,0.0
[2026-05-10 17:03:46.895] [GetTemp--2147478764]:i2c write failed
[2026-05-10 17:03:46.896] 5602,93,97,0.0
[2026-05-10 17:03:46.917] HR=103 SpO2=97 (raw:96/97 valid:1/1 sqi:1)
[2026-05-10 17:03:47.003] [GetTemp--2147478764]:i2c write failed
[2026-05-10 17:03:47.004] 5603,93,97,0.0
[2026-05-10 17:03:47.095] [GetTemp--2147478764]:i2c write failed
[2026-05-10 17:03:47.096] 5604,93,97,0.0
[2026-05-10 17:03:47.410] [GetTemp--2147478764]:i2c write failed
[2026-05-10 17:03:47.412] 5605,93,97,0.0
[2026-05-10 17:03:47.504] [GetTemp--2147478764]:i2c write failed
[2026-05-10 17:03:47.507] 5606,93,97,0.0
[2026-05-10 17:03:47.614] [GetTemp--2147478764]:i2c write failed
[2026-05-10 17:03:47.615] 5607,93,97,0.0
[2026-05-10 17:03:47.703] [GetTemp--2147478764]:i2c write failed
[2026-05-10 17:03:47.716] 5608,93,97,0.0
[2026-05-10 17:03:47.803] [GetTemp--2147478764]:i2c write failed
[2026-05-10 17:03:47.820] 5609,93,97,0.0
[2026-05-10 17:03:48.037] HR=103 SpO2=97 (raw:100/97 valid:1/1 sqi:1)
[2026-05-10 17:03:48.128] [GetTemp--2147478764]:i2c write failed
[2026-05-10 17:03:48.129] 5610,93,97,0.0
[2026-05-10 17:03:48.216] [GetTemp--2147478764]:i2c write failed
[2026-05-10 17:03:48.216] 5611,93,97,0.0
[2026-05-10 17:03:48.316] [GetTemp--2147478764]:i2c write failed
[2026-05-10 17:03:48.316] 5612,93,97,0.0
[2026-05-10 17:03:48.428] [GetTemp--2147478764]:i2c write failed
[2026-05-10 17:03:48.428] 5613,93,97,0.0
[2026-05-10 17:03:48.520] [GetTemp--2147478764]:i2c write failed
[2026-05-10 17:03:48.521] 5614,93,97,0.0
[2026-05-10 17:03:48.829] [GetTemp--2147478764]:i2c write failed
[2026-05-10 17:03:48.829] 5615,93,97,0.0
[2026-05-10 17:03:48.929] [GetTemp--2147478764]:i2c write failed
[2026-05-10 17:03:48.930] 5616,93,97,0.0
[2026-05-10 17:03:49.029] [GetTemp--2147478764]:i2c write failed
[2026-05-10 17:03:49.030] 5617,93,97,0.0
[2026-05-10 17:03:49.128] [GetTemp--2147478764]:i2c write failed
[2026-05-10 17:03:49.130] 5618,93,97,0.0
[2026-05-10 17:03:49.212] HR=100 SpO2=97 (raw:95/97 valid:1/1 sqi:1)
[2026-05-10 17:03:49.223] [GetTemp--2147478764]:i2c write failed
[2026-05-10 17:03:49.226] 5619,90,97,0.0
[2026-05-10 17:03:49.540] [GetTemp--2147478764]:i2c write failed
[2026-05-10 17:03:49.540] 5620,90,97,0.0
[2026-05-10 17:03:49.634] [GetTemp--2147478764]:i2c write failed
[2026-05-10 17:03:49.636] 5621,90,97,0.0
[2026-05-10 17:03:49.737] [GetTemp--2147478764]:i2c write failed
[2026-05-10 17:03:49.737] 5622,90,97,0.0
[2026-05-10 17:03:49.839] [GetTemp--2147478764]:i2c write failed
[2026-05-10 17:03:49.841] 5623,90,97,0.0
[2026-05-10 17:03:49.941] [GetTemp--2147478764]:i2c write failed
[2026-05-10 17:03:49.941] 5624,90,97,0.0
[2026-05-10 17:03:50.245] [GetTemp--2147478764]:i2c write failed
[2026-05-10 17:03:50.246] 5625,90,97,0.0
[2026-05-10 17:03:50.312] HR=96 SpO2=97 (raw:95/97 valid:1/1 sqi:1)
[2026-05-10 17:03:50.343] [GetTemp--2147478764]:i2c write failed
[2026-05-10 17:03:50.346] 5626,86,97,0.0
[2026-05-10 17:03:50.443] [GetTemp--2147478764]:i2c write failed
[2026-05-10 17:03:50.447] 5627,86,97,0.0
[2026-05-10 17:03:50.552] [GetTemp--2147478764]:i2c write failed
[2026-05-10 17:03:50.553] 5628,86,97,0.0
[2026-05-10 17:03:50.645] [GetTemp--2147478764]:i2c write failed
[2026-05-10 17:03:50.647] 5629,86,97,0.0
[2026-05-10 17:03:50.962] [GetTemp--2147478764]:i2c write failed
[2026-05-10 17:03:50.964] 5630,86,97,0.0
[2026-05-10 17:03:51.057] [GetTemp--2147478764]:i2c write failed
[2026-05-10 17:03:51.058] 5631,86,97,0.0
[2026-05-10 17:03:51.155] [GetTemp--2147478764]:i2c write failed
[2026-05-10 17:03:51.157] 5632,86,97,0.0
[2026-05-10 17:03:51.257] [GetTemp--2147478764]:i2c write failed
[2026-05-10 17:03:51.258] 5633,86,97,0.0
[2026-05-10 17:03:51.341] HR=95 SpO2=97 (raw:93/97 valid:1/1 sqi:1)
[2026-05-10 17:03:51.352] [GetTemp--2147478764]:i2c write failed
[2026-05-10 17:03:51.356] 5634,85,97,0.0
[2026-05-10 17:03:51.677] [GetTemp--2147478764]:i2c write failed
[2026-05-10 17:03:51.679] 5635,85,97,0.0
[2026-05-10 17:03:51.765] [GetTemp--2147478764]:i2c write failed
[2026-05-10 17:03:51.765] 5636,85,97,0.0
[2026-05-10 17:03:51.866] [GetTemp--2147478764]:i2c write failed
[2026-05-10 17:03:51.867] 5637,85,97,0.0
[2026-05-10 17:03:51.969] [GetTemp--2147478764]:i2c write failed
[2026-05-10 17:03:51.970] 5638,85,97,0.0
[2026-05-10 17:03:52.069] [GetTemp--2147478764]:i2c write failed
[2026-05-10 17:03:52.070] 5639,85,97,0.0
[2026-05-10 17:03:52.374] [GetTemp--2147478764]:i2c write failed
[2026-05-10 17:03:52.376] 5640,85,97,0.0
[2026-05-10 17:03:52.456] HR=95 SpO2=97 (raw:93/97 valid:1/1 sqi:1)
[2026-05-10 17:03:52.474] [GetTemp--2147478764]:i2c write failed
[2026-05-10 17:03:52.478] 5641,85,97,0.0
[2026-05-10 17:03:52.584] [GetTemp--2147478764]:i2c write failed
[2026-05-10 17:03:52.585] 5642,85,97,0.0
[2026-05-10 17:03:52.677] [GetTemp--2147478764]:i2c write failed
[2026-05-10 17:03:52.678] 5643,85,97,0.0
[2026-05-10 17:03:52.773] [GetTemp--2147478764]:i2c write failed
[2026-05-10 17:03:52.780] 5644,85,97,0.0
[2026-05-10 17:03:53.086] [GetTemp--2147478764]:i2c write failed
[2026-05-10 17:03:53.088] 5645,85,97,0.0
[2026-05-10 17:03:53.187] [GetTemp--2147478764]:i2c write failed
[2026-05-10 17:03:53.188] 5646,85,97,0.0
[2026-05-10 17:03:53.287] [GetTemp--2147478764]:i2c write failed
[2026-05-10 17:03:53.287] 5647,85,97,0.0
[2026-05-10 17:03:53.387] [GetTemp--2147478764]:i2c write failed
[2026-05-10 17:03:53.388] 5648,85,97,0.0
[2026-05-10 17:03:53.488] [GetTemp--2147478764]:i2c write failed
[2026-05-10 17:03:53.489] 5649,85,97,0.0
[2026-05-10 17:03:53.713] HR=93 SpO2=97 (raw:92/98 valid:1/1 sqi:1)
[2026-05-10 17:03:53.795] [GetTemp--2147478764]:i2c write failed
[2026-05-10 17:03:53.796] 5650,83,97,0.0
[2026-05-10 17:03:53.895] [GetTemp--2147478764]:i2c write failed
[2026-05-10 17:03:53.897] 5651,83,97,0.0
[2026-05-10 17:03:53.995] [GetTemp--2147478764]:i2c write failed
[2026-05-10 17:03:53.997] 5652,83,97,0.0
[2026-05-10 17:03:54.095] [GetTemp--2147478764]:i2c write failed
[2026-05-10 17:03:54.097] 5653,83,97,0.0
[2026-05-10 17:03:54.196] [GetTemp--2147478764]:i2c write failed
[2026-05-10 17:03:54.196] 5654,83,97,0.0
[2026-05-10 17:03:54.505] [GetTemp--2147478764]:i2c write failed
[2026-05-10 17:03:54.506] 5655,83,97,0.0
[2026-05-10 17:03:54.615] [GetTemp--2147478764]:i2c write failed
[2026-05-10 17:03:54.615] 5656,83,97,0.0
[2026-05-10 17:03:54.707] [GetTemp--2147478764]:i2c write failed
[2026-05-10 17:03:54.709] 5657,83,97,0.0
[2026-05-10 17:03:54.726] HR=93 SpO2=97 (raw:92/97 valid:1/1 sqi:1)
[2026-05-10 17:03:54.807] [GetTemp--2147478764]:i2c write failed
[2026-05-10 17:03:54.807] 5658,83,97,0.0
[2026-05-10 17:03:54.903] [GetTemp--2147478764]:i2c write failed
[2026-05-10 17:03:54.906] 5659,83,97,0.0
[2026-05-10 17:03:55.215] [GetTemp--2147478764]:i2c write failed
[2026-05-10 17:03:55.215] 5660,83,97,0.0
[2026-05-10 17:03:55.316] [GetTemp--2147478764]:i2c write failed
[2026-05-10 17:03:55.317] 5661,83,97,0.0
[2026-05-10 17:03:55.416] [GetTemp--2147478764]:i2c write failed
[2026-05-10 17:03:55.417] 5662,83,97,0.0
[2026-05-10 17:03:55.523] [GetTemp--2147478764]:i2c write failed
[2026-05-10 17:03:55.525] 5663,83,97,0.0
[2026-05-10 17:03:55.616] [GetTemp--2147478764]:i2c write failed
[2026-05-10 17:03:55.617] 5664,83,97,0.0
[2026-05-10 17:03:55.845] HR=92 SpO2=97 (raw:90/97 valid:1/1 sqi:1)
[2026-05-10 17:03:55.924] [GetTemp--2147478764]:i2c write failed
[2026-05-10 17:03:55.928] 5665,82,97,0.0
[2026-05-10 17:03:56.024] [GetTemp--2147478764]:i2c write failed
[2026-05-10 17:03:56.026] 5666,82,97,0.0
[2026-05-10 17:03:56.124] [GetTemp--2147478764]:i2c write failed
[2026-05-10 17:03:56.126] 5667,82,97,0.0
[2026-05-10 17:03:56.228] [GetTemp--2147478764]:i2c write failed
[2026-05-10 17:03:56.229] 5668,82,97,0.0
[2026-05-10 17:03:56.328] [GetTemp--2147478764]:i2c write failed
[2026-05-10 17:03:56.330] 5669,82,97,0.0
[2026-05-10 17:03:56.633] [GetTemp--2147478764]:i2c write failed
[2026-05-10 17:03:56.649] 5670,82,97,0.0
[2026-05-10 17:03:56.737] [GetTemp--2147478764]:i2c write failed
[2026-05-10 17:03:56.737] 5671,82,97,0.0
[2026-05-10 17:03:56.837] [GetTemp--2147478764]:i2c write failed
[2026-05-10 17:03:56.838] 5672,82,97,0.0
[2026-05-10 17:03:56.860] HR=92 SpO2=97 (raw:90/97 valid:1/1 sqi:1)
[2026-05-10 17:03:56.933] [GetTemp--2147478764]:i2c write failed
[2026-05-10 17:03:56.936] 5673,82,97,0.0
[2026-05-10 17:03:57.034] [GetTemp--2147478764]:i2c write failed
[2026-05-10 17:03:57.036] 5674,82,97,0.0
[2026-05-10 17:03:57.345] [GetTemp--2147478764]:i2c write failed
[2026-05-10 17:03:57.346] 5675,82,97,0.0
[2026-05-10 17:03:57.443] [GetTemp--2147478764]:i2c write failed
[2026-05-10 17:03:57.447] 5676,82,97,0.0
[2026-05-10 17:03:57.553] [GetTemp--2147478764]:i2c write failed
[2026-05-10 17:03:57.553] 5677,82,97,0.0
[2026-05-10 17:03:57.646] [GetTemp--2147478764]:i2c write failed
[2026-05-10 17:03:57.648] 5678,82,97,0.0
[2026-05-10 17:03:57.745] [GetTemp--2147478764]:i2c write failed
[2026-05-10 17:03:57.746] 5679,82,97,0.0
[2026-05-10 17:03:58.054] [GetTemp--2147478764]:i2c write failed
[2026-05-10 17:03:58.056] 5680,82,97,0.0
[2026-05-10 17:03:58.123] HR=90 SpO2=97 (raw:90/98 valid:1/1 sqi:1)
[2026-05-10 17:03:58.154] [GetTemp--2147478764]:i2c write failed
[2026-05-10 17:03:58.157] 5681,80,97,0.0
[2026-05-10 17:03:58.256] [GetTemp--2147478764]:i2c write failed
[2026-05-10 17:03:58.258] 5682,80,97,0.0
[2026-05-10 17:03:58.356] [GetTemp--2147478764]:i2c write failed
[2026-05-10 17:03:58.358] 5683,80,97,0.0
[2026-05-10 17:03:58.456] [GetTemp--2147478764]:i2c write failed
[2026-05-10 17:03:58.456] 5684,80,97,0.0
[2026-05-10 17:03:58.766] [GetTemp--2147478764]:i2c write failed
[2026-05-10 17:03:58.766] 5685,80,97,0.0
[2026-05-10 17:03:58.870] [GetTemp--2147478764]:i2c write failed
[2026-05-10 17:03:58.870] 5686,80,97,0.0
[2026-05-10 17:03:58.966] [GetTemp--2147478764]:i2c write failed
[2026-05-10 17:03:58.966] 5687,80,97,0.0
[2026-05-10 17:03:59.066] [GetTemp--2147478764]:i2c write failed
[2026-05-10 17:03:59.066] 5688,80,97,0.0
[2026-05-10 17:03:59.153] HR=90 SpO2=97 (raw:92/98 valid:1/1 sqi:1)
[2026-05-10 17:03:59.162] [GetTemp--2147478764]:i2c write failed
[2026-05-10 17:03:59.166] 5689,80,97,0.0
[2026-05-10 17:03:59.482] [GetTemp--2147478764]:i2c write failed
[2026-05-10 17:03:59.484] 5690,80,97,0.0
[2026-05-10 17:03:59.576] [GetTemp--2147478764]:i2c write failed
[2026-05-10 17:03:59.578] 5691,80,97,0.0
[2026-05-10 17:03:59.684] [GetTemp--2147478764]:i2c write failed
[2026-05-10 17:03:59.685] 5692,80,97,0.0
[2026-05-10 17:03:59.778] [GetTemp--2147478764]:i2c write failed
[2026-05-10 17:03:59.778] 5693,80,97,0.0
[2026-05-10 17:03:59.874] [GetTemp--2147478764]:i2c write failed
[2026-05-10 17:03:59.876] 5694,80,97,0.0
[2026-05-10 17:04:00.183] [GetTemp--2147478764]:i2c write failed
[2026-05-10 17:04:00.187] 5695,80,97,0.0
[2026-05-10 17:04:00.258] HR=90 SpO2=98 (raw:95/98 valid:1/1 sqi:1)
[2026-05-10 17:04:00.283] [GetTemp--2147478764]:i2c write failed
[2026-05-10 17:04:00.286] 5696,80,98,0.0
[2026-05-10 17:04:00.383] [GetTemp--2147478764]:i2c write failed
[2026-05-10 17:04:00.387] 5697,80,98,0.0
[2026-05-10 17:04:00.499] [GetTemp--2147478764]:i2c write failed
[2026-05-10 17:04:00.499] 5698,80,98,0.0
[2026-05-10 17:04:00.592] [GetTemp--2147478764]:i2c write failed
[2026-05-10 17:04:00.592] 5699,80,98,0.0
[2026-05-10 17:04:00.895] [GetTemp--2147478764]:i2c write failed
[2026-05-10 17:04:00.896] 5700,80,98,0.0
[2026-05-10 17:04:01.000] [GetTemp--2147478764]:i2c write failed
[2026-05-10 17:04:01.000] 5701,80,98,0.0
[2026-05-10 17:04:01.108] [GetTemp--2147478764]:i2c write failed
[2026-05-10 17:04:01.108] 5702,80,98,0.0
[2026-05-10 17:04:01.195] [GetTemp--2147478764]:i2c write failed
[2026-05-10 17:04:01.195] 5703,80,98,0.0
[2026-05-10 17:04:01.282] HR=92 SpO2=98 (raw:96/98 valid:1/1 sqi:1)
[2026-05-10 17:04:01.293] [GetTemp--2147478764]:i2c write failed
[2026-05-10 17:04:01.296] 5704,82,98,0.0
[2026-05-10 17:04:01.614] [GetTemp--2147478764]:i2c write failed
[2026-05-10 17:04:01.614] 5705,82,98,0.0
[2026-05-10 17:04:01.706] [GetTemp--2147478764]:i2c write failed
[2026-05-10 17:04:01.707] 5706,82,98,0.0
[2026-05-10 17:04:01.812] [GetTemp--2147478764]:i2c write failed
[2026-05-10 17:04:01.812] 5707,82,98,0.0
[2026-05-10 17:04:01.904] [GetTemp--2147478764]:i2c write failed
[2026-05-10 17:04:01.906] 5708,82,98,0.0
[2026-05-10 17:04:02.005] [GetTemp--2147478764]:i2c write failed
[2026-05-10 17:04:02.007] 5709,82,98,0.0
[2026-05-10 17:04:02.320] [GetTemp--2147478764]:i2c write failed
[2026-05-10 17:04:02.320] 5710,82,98,0.0
[2026-05-10 17:04:02.419] [GetTemp--2147478764]:i2c write failed
[2026-05-10 17:04:02.422] 5711,82,98,0.0
[2026-05-10 17:04:02.513] [GetTemp--2147478764]:i2c write failed
[2026-05-10 17:04:02.517] 5712,82,98,0.0
[2026-05-10 17:04:02.537] HR=95 SpO2=98 (raw:96/97 valid:1/1 sqi:1)
[2026-05-10 17:04:02.622] [GetTemp--2147478764]:i2c write failed
[2026-05-10 17:04:02.625] 5713,85,98,0.0
[2026-05-10 17:04:02.721] [GetTemp--2147478764]:i2c write failed
[2026-05-10 17:04:02.722] 5714,85,98,0.0
[2026-05-10 17:04:03.025] [GetTemp--2147478764]:i2c write failed
[2026-05-10 17:04:03.028] 5715,85,98,0.0
[2026-05-10 17:04:03.125] [GetTemp--2147478764]:i2c write failed
[2026-05-10 17:04:03.127] 5716,85,98,0.0
[2026-05-10 17:04:03.224] [GetTemp--2147478764]:i2c write failed
[2026-05-10 17:04:03.228] 5717,85,98,0.0
[2026-05-10 17:04:03.324] [GetTemp--2147478764]:i2c write failed
[2026-05-10 17:04:03.326] 5718,85,98,0.0
[2026-05-10 17:04:03.424] [GetTemp--2147478764]:i2c write failed
[2026-05-10 17:04:03.428] 5719,85,98,0.0
[2026-05-10 17:04:03.655] HR=95 SpO2=98 (raw:95/98 valid:1/1 sqi:1)
[2026-05-10 17:04:03.750] [GetTemp--2147478764]:i2c write failed
[2026-05-10 17:04:03.751] 5720,85,98,0.0
[2026-05-10 17:04:03.833] [GetTemp--2147478764]:i2c write failed
[2026-05-10 17:04:03.850] 5721,85,98,0.0
[2026-05-10 17:04:03.936] [GetTemp--2147478764]:i2c write failed
[2026-05-10 17:04:03.936] 5722,85,98,0.0
[2026-05-10 17:04:04.034] [GetTemp--2147478764]:i2c write failed
[2026-05-10 17:04:04.037] 5723,85,98,0.0
[2026-05-10 17:04:04.133] [GetTemp--2147478764]:i2c write failed
[2026-05-10 17:04:04.137] 5724,85,98,0.0
[2026-05-10 17:04:04.450] [GetTemp--2147478764]:i2c write failed
[2026-05-10 17:04:04.451] 5725,85,98,0.0
[2026-05-10 17:04:04.555] [GetTemp--2147478764]:i2c write failed
[2026-05-10 17:04:04.556] 5726,85,98,0.0
[2026-05-10 17:04:04.647] [GetTemp--2147478764]:i2c write failed
[2026-05-10 17:04:04.648] 5727,85,98,0.0
[2026-05-10 17:04:04.670] HR=95 SpO2=98 (raw:95/98 valid:1/1 sqi:1)
[2026-05-10 17:04:04.755] [GetTemp--2147478764]:i2c write failed
[2026-05-10 17:04:04.755] 5728,85,98,0.0
[2026-05-10 17:04:04.846] [GetTemp--2147478764]:i2c write failed
[2026-05-10 17:04:04.846] 5729,85,98,0.0
[2026-05-10 17:04:05.158] [GetTemp--2147478764]:i2c write failed
[2026-05-10 17:04:05.158] 5730,85,98,0.0
[2026-05-10 17:04:05.266] [GetTemp--2147478764]:i2c write failed
[2026-05-10 17:04:05.267] 5731,85,98,0.0
[2026-05-10 17:04:05.362] [GetTemp--2147478764]:i2c write failed
[2026-05-10 17:04:05.362] 5732,85,98,0.0
[2026-05-10 17:04:05.466] [GetTemp--2147478764]:i2c write failed
[2026-05-10 17:04:05.467] 5733,85,98,0.0
[2026-05-10 17:04:05.560] [GetTemp--2147478764]:i2c write failed
[2026-05-10 17:04:05.560] 5734,85,98,0.0
[2026-05-10 17:04:05.783] HR=95 SpO2=98 (raw:89/98 valid:1/1 sqi:1)
[2026-05-10 17:04:05.874] [GetTemp--2147478764]:i2c write failed
[2026-05-10 17:04:05.875] 5735,85,98,0.0
[2026-05-10 17:04:05.967] [GetTemp--2147478764]:i2c write failed
[2026-05-10 17:04:05.967] 5736,85,98,0.0
[2026-05-10 17:04:06.067] [GetTemp--2147478764]:i2c write failed
[2026-05-10 17:04:06.068] 5737,85,98,0.0
[2026-05-10 17:04:06.175] [GetTemp--2147478764]:i2c write failed
[2026-05-10 17:04:06.175] 5738,85,98,0.0
[2026-05-10 17:04:06.269] [GetTemp--2147478764]:i2c write failed
[2026-05-10 17:04:06.270] 5739,85,98,0.0
[2026-05-10 17:04:06.583] [GetTemp--2147478764]:i2c write failed
[2026-05-10 17:04:06.586] 5740,85,98,0.0
[2026-05-10 17:04:06.677] [GetTemp--2147478764]:i2c write failed
[2026-05-10 17:04:06.678] 5741,85,98,0.0
[2026-05-10 17:04:06.785] [GetTemp--2147478764]:i2c write failed
[2026-05-10 17:04:06.786] 5742,85,98,0.0
[2026-05-10 17:04:06.874] [GetTemp--2147478764]:i2c write failed
[2026-05-10 17:04:06.886] 5743,85,98,0.0
[2026-05-10 17:04:06.966] HR=95 SpO2=98 (raw:96/98 valid:1/1 sqi:1)
[2026-05-10 17:04:06.973] [GetTemp--2147478764]:i2c write failed
[2026-05-10 17:04:06.976] 5744,85,98,0.0
[2026-05-10 17:04:07.288] [GetTemp--2147478764]:i2c write failed
[2026-05-10 17:04:07.288] 5745,85,98,0.0
[2026-05-10 17:04:07.383] [GetTemp--2147478764]:i2c write failed
[2026-05-10 17:04:07.387] 5746,85,98,0.0
[2026-05-10 17:04:07.487] [GetTemp--2147478764]:i2c write failed
[2026-05-10 17:04:07.488] 5747,85,98,0.0
[2026-05-10 17:04:07.596] [GetTemp--2147478764]:i2c write failed
[2026-05-10 17:04:07.597] 5748,85,98,0.0
[2026-05-10 17:04:07.689] [GetTemp--2147478764]:i2c write failed
[2026-05-10 17:04:07.689] 5749,85,98,0.0
[2026-05-10 17:04:07.995] [GetTemp--2147478764]:i2c write failed
[2026-05-10 17:04:07.998] 5750,85,98,0.0
[2026-05-10 17:04:08.067] HR=95 SpO2=98 (raw:85/99 valid:1/1 sqi:1)
[2026-05-10 17:04:08.093] [GetTemp--2147478764]:i2c write failed
[2026-05-10 17:04:08.096] 5751,85,98,0.0
[2026-05-10 17:04:08.200] [GetTemp--2147478764]:i2c write failed
[2026-05-10 17:04:08.201] 5752,85,98,0.0
[2026-05-10 17:04:08.296] [GetTemp--2147478764]:i2c write failed
[2026-05-10 17:04:08.297] 5753,85,98,0.0
[2026-05-10 17:04:08.403] [GetTemp--2147478764]:i2c write failed
[2026-05-10 17:04:08.404] 5754,85,98,0.0
[2026-05-10 17:04:08.712] [GetTemp--2147478764]:i2c write failed
[2026-05-10 17:04:08.712] 5755,85,98,0.0
[2026-05-10 17:04:08.804] [GetTemp--2147478764]:i2c write failed
[2026-05-10 17:04:08.808] 5756,85,98,0.0
[2026-05-10 17:04:08.905] [GetTemp--2147478764]:i2c write failed
[2026-05-10 17:04:08.907] 5757,85,98,0.0
[2026-05-10 17:04:09.008] [GetTemp--2147478764]:i2c write failed
[2026-05-10 17:04:09.008] 5758,85,98,0.0
[2026-05-10 17:04:09.091] HR=89 SpO2=98 (raw:59/97 valid:1/1 sqi:1)
[2026-05-10 17:04:09.104] [GetTemp--2147478764]:i2c write failed
[2026-05-10 17:04:09.107] 5759,79,98,0.0
[2026-05-10 17:04:09.413] [GetTemp--2147478764]:i2c write failed
[2026-05-10 17:04:09.416] 5760,79,98,0.0
[2026-05-10 17:04:09.514] [GetTemp--2147478764]:i2c write failed
[2026-05-10 17:04:09.529] 5761,79,98,0.0
[2026-05-10 17:04:09.623] [GetTemp--2147478764]:i2c write failed
[2026-05-10 17:04:09.624] 5762,79,98,0.0
[2026-05-10 17:04:09.717] [GetTemp--2147478764]:i2c write failed
[2026-05-10 17:04:09.718] 5763,79,98,0.0
[2026-05-10 17:04:09.821] [GetTemp--2147478764]:i2c write failed
[2026-05-10 17:04:09.822] 5764,79,98,0.0
[2026-05-10 17:04:10.125] [GetTemp--2147478764]:i2c write failed
[2026-05-10 17:04:10.126] 5765,79,98,0.0
[2026-05-10 17:04:10.189] HR=88 SpO2=98 (raw:88/97 valid:1/1 sqi:1)
[2026-05-10 17:04:10.234] [GetTemp--2147478764]:i2c write failed
[2026-05-10 17:04:10.234] 5766,78,98,0.0
[2026-05-10 17:04:10.324] [GetTemp--2147478764]:i2c write failed
[2026-05-10 17:04:10.328] 5767,78,98,0.0
[2026-05-10 17:04:10.426] [GetTemp--2147478764]:i2c write failed
[2026-05-10 17:04:10.428] 5768,78,98,0.0
[2026-05-10 17:04:10.538] [GetTemp--2147478764]:i2c write failed
[2026-05-10 17:04:10.538] 5769,78,98,0.0
[2026-05-10 17:04:10.834] [GetTemp--2147478764]:i2c write failed
[2026-05-10 17:04:10.837] 5770,78,98,0.0
[2026-05-10 17:04:10.938] [GetTemp--2147478764]:i2c write failed
[2026-05-10 17:04:10.939] 5771,78,98,0.0
[2026-05-10 17:04:11.038] [GetTemp--2147478764]:i2c write failed
[2026-05-10 17:04:11.039] 5772,78,98,0.0
[2026-05-10 17:04:11.135] [GetTemp--2147478764]:i2c write failed
[2026-05-10 17:04:11.137] 5773,78,98,0.0
[2026-05-10 17:04:11.242] [GetTemp--2147478764]:i2c write failed
[2026-05-10 17:04:11.243] 5774,78,98,0.0
[2026-05-10 17:04:11.469] HR=88 SpO2=97 (raw:105/97 valid:1/1 sqi:1)
[2026-05-10 17:04:11.544] [GetTemp--2147478764]:i2c write failed
[2026-05-10 17:04:11.549] 5775,78,97,0.0
[2026-05-10 17:04:11.652] [GetTemp--2147478764]:i2c write failed
[2026-05-10 17:04:11.654] 5776,78,97,0.0
[2026-05-10 17:04:11.746] [GetTemp--2147478764]:i2c write failed
[2026-05-10 17:04:11.748] 5777,78,97,0.0
[2026-05-10 17:04:11.854] [GetTemp--2147478764]:i2c write failed
[2026-05-10 17:04:11.855] 5778,78,97,0.0
[2026-05-10 17:04:11.946] [GetTemp--2147478764]:i2c write failed
[2026-05-10 17:04:11.946] 5779,78,97,0.0
[2026-05-10 17:04:12.253] [GetTemp--2147478764]:i2c write failed
[2026-05-10 17:04:12.256] 5780,78,97,0.0
[2026-05-10 17:04:12.354] [GetTemp--2147478764]:i2c write failed
[2026-05-10 17:04:12.354] 5781,78,97,0.0
[2026-05-10 17:04:12.456] [GetTemp--2147478764]:i2c write failed
[2026-05-10 17:04:12.458] 5782,78,97,0.0
[2026-05-10 17:04:12.480] HR=88 SpO2=97 (raw:103/97 valid:1/1 sqi:1)
[2026-05-10 17:04:12.567] [GetTemp--2147478764]:i2c write failed
[2026-05-10 17:04:12.568] 5783,78,97,0.0
[2026-05-10 17:04:12.660] [GetTemp--2147478764]:i2c write failed
[2026-05-10 17:04:12.661] 5784,78,97,0.0
[2026-05-10 17:04:12.977] [GetTemp--2147478764]:i2c write failed
[2026-05-10 17:04:12.977] 5785,78,97,0.0
[2026-05-10 17:04:13.067] [GetTemp--2147478764]:i2c write failed
[2026-05-10 17:04:13.067] 5786,78,97,0.0
[2026-05-10 17:04:13.167] [GetTemp--2147478764]:i2c write failed
[2026-05-10 17:04:13.167] 5787,78,97,0.0
[2026-05-10 17:04:13.267] [GetTemp--2147478764]:i2c write failed
[2026-05-10 17:04:13.270] 5788,78,97,0.0
[2026-05-10 17:04:13.378] [GetTemp--2147478764]:i2c write failed
[2026-05-10 17:04:13.379] 5789,78,97,0.0
[2026-05-10 17:04:13.599] HR=101 SpO2=97 (raw:101/97 valid:1/1 sqi:1)
[2026-05-10 17:04:13.683] [GetTemp--2147478764]:i2c write failed
[2026-05-10 17:04:13.684] 5790,91,97,0.0
[2026-05-10 17:04:13.784] [GetTemp--2147478764]:i2c write failed
[2026-05-10 17:04:13.785] 5791,91,97,0.0
[2026-05-10 17:04:13.875] [GetTemp--2147478764]:i2c write failed
[2026-05-10 17:04:13.879] 5792,91,97,0.0
[2026-05-10 17:04:13.975] [GetTemp--2147478764]:i2c write failed
[2026-05-10 17:04:13.977] 5793,91,97,0.0
[2026-05-10 17:04:14.074] [GetTemp--2147478764]:i2c write failed
[2026-05-10 17:04:14.076] 5794,91,97,0.0
[2026-05-10 17:04:14.396] [GetTemp--2147478764]:i2c write failed
[2026-05-10 17:04:14.396] 5795,91,97,0.0
[2026-05-10 17:04:14.491] [GetTemp--2147478764]:i2c write failed
[2026-05-10 17:04:14.492] 5796,91,97,0.0
[2026-05-10 17:04:14.584] [GetTemp--2147478764]:i2c write failed
[2026-05-10 17:04:14.587] 5797,91,97,0.0
[2026-05-10 17:04:14.630] HR=101 SpO2=97 (raw:100/98 valid:1/1 sqi:1)
[2026-05-10 17:04:14.692] [GetTemp--2147478764]:i2c write failed
[2026-05-10 17:04:14.692] 5798,91,97,0.0
[2026-05-10 17:04:14.787] [GetTemp--2147478764]:i2c write failed
[2026-05-10 17:04:14.789] 5799,91,97,0.0
[2026-05-10 17:04:15.099] [GetTemp--2147478764]:i2c write failed
[2026-05-10 17:04:15.100] 5800,91,97,0.0
[2026-05-10 17:04:15.197] [GetTemp--2147478764]:i2c write failed
[2026-05-10 17:04:15.197] 5801,91,97,0.0
[2026-05-10 17:04:15.296] [GetTemp--2147478764]:i2c write failed
[2026-05-10 17:04:15.296] 5802,91,97,0.0
[2026-05-10 17:04:15.396] [GetTemp--2147478764]:i2c write failed
[2026-05-10 17:04:15.398] 5803,91,97,0.0
[2026-05-10 17:04:15.496] [GetTemp--2147478764]:i2c write failed
[2026-05-10 17:04:15.496] 5804,91,97,0.0
[2026-05-10 17:04:15.805] [GetTemp--2147478764]:i2c write failed
[2026-05-10 17:04:15.807] 5805,91,97,0.0
[2026-05-10 17:04:15.883] HR=101 SpO2=97 (raw:89/97 valid:1/1 sqi:1)
[2026-05-10 17:04:15.904] [GetTemp--2147478764]:i2c write failed
[2026-05-10 17:04:15.908] 5806,91,97,0.0
[2026-05-10 17:04:16.008] [GetTemp--2147478764]:i2c write failed
[2026-05-10 17:04:16.008] 5807,91,97,0.0
[2026-05-10 17:04:16.104] [GetTemp--2147478764]:i2c write failed
[2026-05-10 17:04:16.107] 5808,91,97,0.0
[2026-05-10 17:04:16.204] [GetTemp--2147478764]:i2c write failed
[2026-05-10 17:04:16.207] 5809,91,97,0.0
[2026-05-10 17:04:16.518] [GetTemp--2147478764]:i2c write failed
[2026-05-10 17:04:16.519] 5810,91,97,0.0
[2026-05-10 17:04:16.618] [GetTemp--2147478764]:i2c write failed
[2026-05-10 17:04:16.620] 5811,91,97,0.0
[2026-05-10 17:04:16.728] [GetTemp--2147478764]:i2c write failed
[2026-05-10 17:04:16.728] 5812,91,97,0.0
[2026-05-10 17:04:16.820] [GetTemp--2147478764]:i2c write failed
[2026-05-10 17:04:16.821] 5813,91,97,0.0
[2026-05-10 17:04:16.909] HR=100 SpO2=97 (raw:88/97 valid:1/1 sqi:1)
[2026-05-10 17:04:16.921] [GetTemp--2147478764]:i2c write failed
[2026-05-10 17:04:16.921] 5814,90,97,0.0
[2026-05-10 17:04:17.224] [GetTemp--2147478764]:i2c write failed
[2026-05-10 17:04:17.226] 5815,90,97,0.0
[2026-05-10 17:04:17.324] [GetTemp--2147478764]:i2c write failed
[2026-05-10 17:04:17.326] 5816,90,97,0.0
[2026-05-10 17:04:17.424] [GetTemp--2147478764]:i2c write failed
[2026-05-10 17:04:17.429] 5817,90,97,0.0
[2026-05-10 17:04:17.525] [GetTemp--2147478764]:i2c write failed
[2026-05-10 17:04:17.526] 5818,90,97,0.0
[2026-05-10 17:04:17.634] [GetTemp--2147478764]:i2c write failed
[2026-05-10 17:04:17.636] 5819,90,97,0.0
[2026-05-10 17:04:17.934] [GetTemp--2147478764]:i2c write failed
[2026-05-10 17:04:17.936] 5820,90,97,0.0
[2026-05-10 17:04:17.999] HR=89 SpO2=97 (raw:88/97 valid:1/1 sqi:1)
[2026-05-10 17:04:18.037] [GetTemp--2147478764]:i2c write failed
[2026-05-10 17:04:18.037] 5821,79,97,0.0
[2026-05-10 17:04:18.137] [GetTemp--2147478764]:i2c write failed
[2026-05-10 17:04:18.137] 5822,79,97,0.0
[2026-05-10 17:04:18.238] [GetTemp--2147478764]:i2c write failed
[2026-05-10 17:04:18.238] 5823,79,97,0.0
[2026-05-10 17:04:18.337] [GetTemp--2147478764]:i2c write failed
[2026-05-10 17:04:18.337] 5824,79,97,0.0
[2026-05-10 17:04:18.646] [GetTemp--2147478764]:i2c write failed
[2026-05-10 17:04:18.647] 5825,79,97,0.0
[2026-05-10 17:04:18.756] [GetTemp--2147478764]:i2c write failed
[2026-05-10 17:04:18.757] 5826,79,97,0.0
[2026-05-10 17:04:18.846] [GetTemp--2147478764]:i2c write failed
[2026-05-10 17:04:18.847] 5827,79,97,0.0
[2026-05-10 17:04:18.944] [GetTemp--2147478764]:i2c write failed
[2026-05-10 17:04:18.947] 5828,79,97,0.0
[2026-05-10 17:04:19.045] HR=89 SpO2=97 (raw:92/97 valid:1/1 sqi:1)
[2026-05-10 17:04:19.045] [GetTemp--2147478764]:i2c write failed
[2026-05-10 17:04:19.047] 5829,79,97,0.0
[2026-05-10 17:04:19.361] [GetTemp--2147478764]:i2c write failed
[2026-05-10 17:04:19.361] 5830,79,97,0.0
[2026-05-10 17:04:19.455] [GetTemp--2147478764]:i2c write failed
[2026-05-10 17:04:19.457] 5831,79,97,0.0
[2026-05-10 17:04:19.566] [GetTemp--2147478764]:i2c write failed
[2026-05-10 17:04:19.566] 5832,79,97,0.0
[2026-05-10 17:04:19.653] [GetTemp--2147478764]:i2c write failed
[2026-05-10 17:04:19.656] 5833,79,97,0.0
[2026-05-10 17:04:19.757] [GetTemp--2147478764]:i2c write failed
[2026-05-10 17:04:19.757] 5834,79,97,0.0
[2026-05-10 17:04:20.066] [GetTemp--2147478764]:i2c write failed
[2026-05-10 17:04:20.068] 5835,79,97,0.0
[2026-05-10 17:04:20.166] [GetTemp--2147478764]:i2c write failed
[2026-05-10 17:04:20.167] 5836,79,97,0.0
[2026-05-10 17:04:20.270] [GetTemp--2147478764]:i2c write failed
[2026-05-10 17:04:20.271] 5837,79,97,0.0
[2026-05-10 17:04:20.290] HR=89 SpO2=97 (raw:100/98 valid:1/1 sqi:1)
[2026-05-10 17:04:20.366] [GetTemp--2147478764]:i2c write failed
[2026-05-10 17:04:20.367] 5838,79,97,0.0
[2026-05-10 17:04:20.475] [GetTemp--2147478764]:i2c write failed
[2026-05-10 17:04:20.475] 5839,79,97,0.0
[2026-05-10 17:04:20.774] [GetTemp--2147478764]:i2c write failed
[2026-05-10 17:04:20.782] 5840,79,97,0.0
[2026-05-10 17:04:20.874] [GetTemp--2147478764]:i2c write failed
[2026-05-10 17:04:20.877] 5841,79,97,0.0
[2026-05-10 17:04:20.974] [GetTemp--2147478764]:i2c write failed
[2026-05-10 17:04:20.978] 5842,79,97,0.0
[2026-05-10 17:04:21.074] [GetTemp--2147478764]:i2c write failed
[2026-05-10 17:04:21.079] 5843,79,97,0.0
[2026-05-10 17:04:21.178] [GetTemp--2147478764]:i2c write failed
[2026-05-10 17:04:21.180] 5844,79,97,0.0
[2026-05-10 17:04:21.408] HR=92 SpO2=97 (raw:100/99 valid:1/1 sqi:1)
[2026-05-10 17:04:21.493] [GetTemp--2147478764]:i2c write failed
[2026-05-10 17:04:21.494] 5845,82,97,0.0
[2026-05-10 17:04:21.593] [GetTemp--2147478764]:i2c write failed
[2026-05-10 17:04:21.593] 5846,82,97,0.0
[2026-05-10 17:04:21.688] [GetTemp--2147478764]:i2c write failed
[2026-05-10 17:04:21.688] 5847,82,97,0.0
[2026-05-10 17:04:21.799] [GetTemp--2147478764]:i2c write failed
[2026-05-10 17:04:21.800] 5848,82,97,0.0
[2026-05-10 17:04:21.887] [GetTemp--2147478764]:i2c write failed
[2026-05-10 17:04:21.888] 5849,82,97,0.0
[2026-05-10 17:04:22.195] [GetTemp--2147478764]:i2c write failed
[2026-05-10 17:04:22.207] 5850,82,97,0.0
[2026-05-10 17:04:22.300] [GetTemp--2147478764]:i2c write failed
[2026-05-10 17:04:22.300] 5851,82,97,0.0
[2026-05-10 17:04:22.395] [GetTemp--2147478764]:i2c write failed
[2026-05-10 17:04:22.397] 5852,82,97,0.0
[2026-05-10 17:04:22.423] HR=100 SpO2=97 (raw:100/97 valid:1/1 sqi:1)
[2026-05-10 17:04:22.495] [GetTemp--2147478764]:i2c write failed
[2026-05-10 17:04:22.497] 5853,90,97,0.0
[2026-05-10 17:04:22.609] [GetTemp--2147478764]:i2c write failed
[2026-05-10 17:04:22.610] 5854,90,97,0.0
[2026-05-10 17:04:22.904] [GetTemp--2147478764]:i2c write failed
[2026-05-10 17:04:22.907] 5855,90,97,0.0
[2026-05-10 17:04:23.003] [GetTemp--2147478764]:i2c write failed
[2026-05-10 17:04:23.006] 5856,90,97,0.0
[2026-05-10 17:04:23.104] [GetTemp--2147478764]:i2c write failed
[2026-05-10 17:04:23.106] 5857,90,97,0.0
[2026-05-10 17:04:23.203] [GetTemp--2147478764]:i2c write failed
[2026-05-10 17:04:23.206] 5858,90,97,0.0
[2026-05-10 17:04:23.306] [GetTemp--2147478764]:i2c write failed
[2026-05-10 17:04:23.307] 5859,90,97,0.0
[2026-05-10 17:04:23.539] HR=100 SpO2=97 (raw:92/97 valid:1/1 sqi:1)
[2026-05-10 17:04:23.617] [GetTemp--2147478764]:i2c write failed
[2026-05-10 17:04:23.618] 5860,90,97,0.0
[2026-05-10 17:04:23.726] [GetTemp--2147478764]:i2c write failed
[2026-05-10 17:04:23.726] 5861,90,97,0.0
[2026-05-10 17:04:23.815] [GetTemp--2147478764]:i2c write failed
[2026-05-10 17:04:23.817] 5862,90,97,0.0
[2026-05-10 17:04:23.916] [GetTemp--2147478764]:i2c write failed
[2026-05-10 17:04:23.917] 5863,90,97,0.0
[2026-05-10 17:04:24.015] [GetTemp--2147478764]:i2c write failed
[2026-05-10 17:04:24.017] 5864,90,97,0.0
[2026-05-10 17:04:24.328] [GetTemp--2147478764]:i2c write failed
[2026-05-10 17:04:24.328] 5865,90,97,0.0
[2026-05-10 17:04:24.426] [GetTemp--2147478764]:i2c write failed
[2026-05-10 17:04:24.429] 5866,90,97,0.0
[2026-05-10 17:04:24.535] [GetTemp--2147478764]:i2c write failed
[2026-05-10 17:04:24.536] 5867,90,97,0.0
[2026-05-10 17:04:24.629] [GetTemp--2147478764]:i2c write failed
[2026-05-10 17:04:24.631] 5868,90,97,0.0
[2026-05-10 17:04:24.712] HR=100 SpO2=98 (raw:100/98 valid:1/1 sqi:1)
[2026-05-10 17:04:24.720] [GetTemp--2147478764]:i2c write failed
[2026-05-10 17:04:24.727] 5869,90,98,0.0
[2026-05-10 17:04:25.040] [GetTemp--2147478764]:i2c write failed
[2026-05-10 17:04:25.041] 5870,90,98,0.0
[2026-05-10 17:04:25.147] [GetTemp--2147478764]:i2c write failed
[2026-05-10 17:04:25.148] 5871,90,98,0.0
[2026-05-10 17:04:25.241] [GetTemp--2147478764]:i2c write failed
[2026-05-10 17:04:25.241] 5872,90,98,0.0
[2026-05-10 17:04:25.338] [GetTemp--2147478764]:i2c write failed
[2026-05-10 17:04:25.338] 5873,90,98,0.0
[2026-05-10 17:04:25.436] [GetTemp--2147478764]:i2c write failed
[2026-05-10 17:04:25.436] 5874,90,98,0.0
[2026-05-10 17:04:25.758] [GetTemp--2147478764]:i2c write failed
[2026-05-10 17:04:25.759] 5875,90,98,0.0
[2026-05-10 17:04:25.821] HR=100 SpO2=98 (raw:100/98 valid:1/1 sqi:1)
[2026-05-10 17:04:25.844] [GetTemp--2147478764]:i2c write failed
[2026-05-10 17:04:25.846] 5876,90,98,0.0
[2026-05-10 17:04:25.949] [GetTemp--2147478764]:i2c write failed
[2026-05-10 17:04:25.949] 5877,90,98,0.0
[2026-05-10 17:04:26.049] [GetTemp--2147478764]:i2c write failed
[2026-05-10 17:04:26.049] 5878,90,98,0.0
[2026-05-10 17:04:26.149] [GetTemp--2147478764]:i2c write failed
[2026-05-10 17:04:26.150] 5879,90,98,0.0
[2026-05-10 17:04:26.457] [GetTemp--2147478764]:i2c write failed
[2026-05-10 17:04:26.458] 5880,90,98,0.0
[2026-05-10 17:04:26.566] [GetTemp--2147478764]:i2c write failed
[2026-05-10 17:04:26.566] 5881,90,98,0.0
[2026-05-10 17:04:26.661] [GetTemp--2147478764]:i2c write failed
[2026-05-10 17:04:26.661] 5882,90,98,0.0
[2026-05-10 17:04:26.755] [GetTemp--2147478764]:i2c write failed
[2026-05-10 17:04:26.756] 5883,90,98,0.0
[2026-05-10 17:04:26.848] HR=100 SpO2=97 (raw:95/97 valid:1/1 sqi:1)
[2026-05-10 17:04:26.858] [GetTemp--2147478764]:i2c write failed
[2026-05-10 17:04:26.858] 5884,90,97,0.0
[2026-05-10 17:04:27.017] ReadLicenseData(), failed to get licdata string
[2026-05-10 17:04:27.021] VerifyLicense(), cannot read license data files
[2026-05-10 17:04:27.025] license_task_main() verify license invalid, reboot after 48 mins
[2026-05-10 17:04:27.179] [GetTemp--2147478764]:i2c write failed
[2026-05-10 17:04:27.179] 5885,90,97,0.0
[2026-05-10 17:04:27.285] [GetTemp--2147478764]:i2c write failed
[2026-05-10 17:04:27.287] 5886,90,97,0.0
[2026-05-10 17:04:27.384] [GetTemp--2147478764]:i2c write failed
[2026-05-10 17:04:27.386] 5887,90,97,0.0
[2026-05-10 17:04:27.474] [GetTemp--2147478764]:i2c write failed
[2026-05-10 17:04:27.476] 5888,90,97,0.0
[2026-05-10 17:04:27.583] [GetTemp--2147478764]:i2c write failed
[2026-05-10 17:04:27.583] 5889,90,97,0.0
[2026-05-10 17:04:27.885] [GetTemp--2147478764]:i2c write failed
[2026-05-10 17:04:27.888] 5890,90,97,0.0
[2026-05-10 17:04:27.958] HR=100 SpO2=97 (raw:100/97 valid:1/1 sqi:1)
[2026-05-10 17:04:27.983] [GetTemp--2147478764]:i2c write failed
[2026-05-10 17:04:27.986] 5891,90,97,0.0
[2026-05-10 17:04:28.091] [GetTemp--2147478764]:i2c write failed
[2026-05-10 17:04:28.091] 5892,90,97,0.0
[2026-05-10 17:04:28.184] [GetTemp--2147478764]:i2c write failed
[2026-05-10 17:04:28.188] 5893,90,97,0.0
[2026-05-10 17:04:28.295] [GetTemp--2147478764]:i2c write failed
[2026-05-10 17:04:28.297] 5894,90,97,0.0
[2026-05-10 17:04:28.593] [GetTemp--2147478764]:i2c write failed
[2026-05-10 17:04:28.597] 5895,90,97,0.0
[2026-05-10 17:04:28.693] [GetTemp--2147478764]:i2c write failed
[2026-05-10 17:04:28.697] 5896,90,97,0.0
[2026-05-10 17:04:28.793] [GetTemp--2147478764]:i2c write failed
[2026-05-10 17:04:28.797] 5897,90,97,0.0
[2026-05-10 17:04:28.893] [GetTemp--2147478764]:i2c write failed
[2026-05-10 17:04:28.897] 5898,90,97,0.0
[2026-05-10 17:04:28.994] [GetTemp--2147478764]:i2c write failed
[2026-05-10 17:04:28.997] 5899,90,97,0.0
[2026-05-10 17:04:29.236] HR=100 SpO2=97 (raw:100/97 valid:1/1 sqi:1)
[2026-05-10 17:04:29.305] [GetTemp--2147478764]:i2c write failed
[2026-05-10 17:04:29.309] 5900,90,97,0.0
[2026-05-10 17:04:29.404] [GetTemp--2147478764]:i2c write failed
[2026-05-10 17:04:29.408] 5901,90,97,0.0
[2026-05-10 17:04:29.512] [GetTemp--2147478764]:i2c write failed
[2026-05-10 17:04:29.513] 5902,90,97,0.0
[2026-05-10 17:04:29.604] [GetTemp--2147478764]:i2c write failed
[2026-05-10 17:04:29.607] 5903,90,97,0.0
[2026-05-10 17:04:29.707] [GetTemp--2147478764]:i2c write failed
[2026-05-10 17:04:29.708] 5904,90,97,0.0
[2026-05-10 17:04:30.016] [GetTemp--2147478764]:i2c write failed
[2026-05-10 17:04:30.018] 5905,90,97,0.0
[2026-05-10 17:04:30.121] [GetTemp--2147478764]:i2c write failed
[2026-05-10 17:04:30.123] 5906,90,97,0.0
[2026-05-10 17:04:30.224] [GetTemp--2147478764]:i2c write failed
[2026-05-10 17:04:30.226] 5907,90,97,0.0
[2026-05-10 17:04:30.245] HR=100 SpO2=97 (raw:100/98 valid:1/1 sqi:1)
[2026-05-10 17:04:30.320] [GetTemp--2147478764]:i2c write failed
[2026-05-10 17:04:30.325] 5908,90,97,0.0
[2026-05-10 17:04:30.421] [GetTemp--2147478764]:i2c write failed
[2026-05-10 17:04:30.423] 5909,90,97,0.0
[2026-05-10 17:04:30.733] [GetTemp--2147478764]:i2c write failed
[2026-05-10 17:04:30.733] 5910,90,97,0.0
[2026-05-10 17:04:30.826] [GetTemp--2147478764]:i2c write failed
[2026-05-10 17:04:30.829] 5911,90,97,0.0
[2026-05-10 17:04:30.925] [GetTemp--2147478764]:i2c write failed
[2026-05-10 17:04:30.928] 5912,90,97,0.0
[2026-05-10 17:04:31.025] [GetTemp--2147478764]:i2c write failed
[2026-05-10 17:04:31.030] 5913,90,97,0.0
[2026-05-10 17:04:31.125] [GetTemp--2147478764]:i2c write failed
[2026-05-10 17:04:31.128] 5914,90,97,0.0
