[2026-05-10 00:26:56.320] [GetTemp--2147478764]:i2c write failed
[2026-05-10 00:26:56.321] 2160,76,98,0.0
[2026-05-10 00:26:56.355] HR=86 SpO2=98 (raw:86/97 valid:1/1 sqi:1)
[2026-05-10 00:26:56.402] [GetTemp--2147478764]:i2c write failed
[2026-05-10 00:26:56.402] 2161,76,98,0.0
[2026-05-10 00:26:56.497] [GetTemp--2147478764]:i2c write failed
[2026-05-10 00:26:56.513] 2162,76,98,0.0
[2026-05-10 00:26:56.609] [GetTemp--2147478764]:i2c write failed
[2026-05-10 00:26:56.609] 2163,76,98,0.0
[2026-05-10 00:26:56.704] [GetTemp--2147478764]:i2c write failed
[2026-05-10 00:26:56.704] 2164,76,98,0.0
[2026-05-10 00:26:57.021] [GetTemp--2147478764]:i2c write failed
[2026-05-10 00:26:57.021] 2165,76,98,0.0
[2026-05-10 00:26:57.117] [GetTemp--2147478764]:i2c write failed
[2026-05-10 00:26:57.117] 2166,76,98,0.0
[2026-05-10 00:26:57.212] [GetTemp--2147478764]:i2c write failed
[2026-05-10 00:26:57.212] 2167,76,98,0.0
[2026-05-10 00:26:57.308] [GetTemp--2147478764]:i2c write failed
[2026-05-10 00:26:57.309] 2168,76,98,0.0
[2026-05-10 00:26:57.404] HR=86 SpO2=97 (raw:86/97 valid:1/1 sqi:1)
[2026-05-10 00:26:57.405] [GetTemp--2147478764]:i2c write failed
[2026-05-10 00:26:57.405] 2169,76,97,0.0
[2026-05-10 00:26:57.723] [GetTemp--2147478764]:i2c write failed
[2026-05-10 00:26:57.723] 2170,76,97,0.0
[2026-05-10 00:26:57.819] [GetTemp--2147478764]:i2c write failed
[2026-05-10 00:26:57.819] 2171,76,97,0.0
[2026-05-10 00:26:57.930] [GetTemp--2147478764]:i2c write failed
[2026-05-10 00:26:57.930] 2172,76,97,0.0
[2026-05-10 00:26:58.026] [GetTemp--2147478764]:i2c write failed
[2026-05-10 00:26:58.026] 2173,76,97,0.0
[2026-05-10 00:26:58.119] [GetTemp--2147478764]:i2c write failed
[2026-05-10 00:26:58.119] 2174,76,97,0.0
[2026-05-10 00:26:58.436] [GetTemp--2147478764]:i2c write failed
[2026-05-10 00:26:58.436] 2175,76,97,0.0
[2026-05-10 00:26:58.500] HR=86 SpO2=97 (raw:86/97 valid:1/1 sqi:1)
[2026-05-10 00:26:58.516] [GetTemp--2147478764]:i2c write failed
[2026-05-10 00:26:58.516] 2176,76,97,0.0
[2026-05-10 00:26:58.627] [GetTemp--2147478764]:i2c write failed
[2026-05-10 00:26:58.627] 2177,76,97,0.0
[2026-05-10 00:26:58.737] [GetTemp--2147478764]:i2c write failed
[2026-05-10 00:26:58.739] 2178,76,97,0.0
[2026-05-10 00:26:58.830] [GetTemp--2147478764]:i2c write failed
[2026-05-10 00:26:58.831] 2179,76,97,0.0
[2026-05-10 00:26:59.140] [GetTemp--2147478764]:i2c write failed
[2026-05-10 00:26:59.140] 2180,76,97,0.0
[2026-05-10 00:26:59.251] [GetTemp--2147478764]:i2c write failed
[2026-05-10 00:26:59.253] 2181,76,97,0.0
[2026-05-10 00:26:59.347] [GetTemp--2147478764]:i2c write failed
[2026-05-10 00:26:59.347] 2182,76,97,0.0
[2026-05-10 00:26:59.442] [GetTemp--2147478764]:i2c write failed
[2026-05-10 00:26:59.442] 2183,76,97,0.0
[2026-05-10 00:26:59.537] HR=86 SpO2=97 (raw:82/98 valid:1/1 sqi:1)
[2026-05-10 00:26:59.537] [GetTemp--2147478764]:i2c write failed
[2026-05-10 00:26:59.539] 2184,76,97,0.0
[2026-05-10 00:26:59.849] [GetTemp--2147478764]:i2c write failed
[2026-05-10 00:26:59.850] 2185,76,97,0.0
[2026-05-10 00:26:59.953] [GetTemp--2147478764]:i2c write failed
[2026-05-10 00:26:59.954] 2186,76,97,0.0
[2026-05-10 00:27:00.048] [GetTemp--2147478764]:i2c write failed
[2026-05-10 00:27:00.048] 2187,76,97,0.0
[2026-05-10 00:27:00.159] [GetTemp--2147478764]:i2c write failed
[2026-05-10 00:27:00.159] 2188,76,97,0.0
[2026-05-10 00:27:00.254] [GetTemp--2147478764]:i2c write failed
[2026-05-10 00:27:00.254] 2189,76,97,0.0
[2026-05-10 00:27:00.569] [GetTemp--2147478764]:i2c write failed
[2026-05-10 00:27:00.570] 2190,76,97,0.0
[2026-05-10 00:27:00.663] [GetTemp--2147478764]:i2c write failed
[2026-05-10 00:27:00.663] 2191,76,97,0.0
[2026-05-10 00:27:00.766] [GetTemp--2147478764]:i2c write failed
[2026-05-10 00:27:00.766] 2192,76,97,0.0
[2026-05-10 00:27:00.784] HR=86 SpO2=97 (raw:82/99 valid:1/1 sqi:1)
[2026-05-10 00:27:00.862] [GetTemp--2147478764]:i2c write failed
[2026-05-10 00:27:00.862] 2193,76,97,0.0
[2026-05-10 00:27:00.958] [GetTemp--2147478764]:i2c write failed
[2026-05-10 00:27:00.958] 2194,76,97,0.0
[2026-05-10 00:27:01.276] [GetTemp--2147478764]:i2c write failed
[2026-05-10 00:27:01.277] 2195,76,97,0.0
[2026-05-10 00:27:01.369] [GetTemp--2147478764]:i2c write failed
[2026-05-10 00:27:01.370] 2196,76,97,0.0
[2026-05-10 00:27:01.478] [GetTemp--2147478764]:i2c write failed
[2026-05-10 00:27:01.479] 2197,76,97,0.0
[2026-05-10 00:27:01.581] [GetTemp--2147478764]:i2c write failed
[2026-05-10 00:27:01.581] 2198,76,97,0.0
[2026-05-10 00:27:01.676] [GetTemp--2147478764]:i2c write failed
[2026-05-10 00:27:01.676] 2199,76,97,0.0
[2026-05-10 00:27:01.899] HR=83 SpO2=98 (raw:83/98 valid:1/1 sqi:1)
[2026-05-10 00:27:01.979] [GetTemp--2147478764]:i2c write failed
[2026-05-10 00:27:01.979] 2200,73,98,0.0
[2026-05-10 00:27:02.090] [GetTemp--2147478764]:i2c write failed
[2026-05-10 00:27:02.090] 2201,73,98,0.0
[2026-05-10 00:27:02.185] [GetTemp--2147478764]:i2c write failed
[2026-05-10 00:27:02.185] 2202,73,98,0.0
[2026-05-10 00:27:02.279] [GetTemp--2147478764]:i2c write failed
[2026-05-10 00:27:02.279] 2203,73,98,0.0
[2026-05-10 00:27:02.388] [GetTemp--2147478764]:i2c write failed
[2026-05-10 00:27:02.390] 2204,73,98,0.0
[2026-05-10 00:27:02.697] [GetTemp--2147478764]:i2c write failed
[2026-05-10 00:27:02.698] 2205,73,98,0.0
[2026-05-10 00:27:02.791] [GetTemp--2147478764]:i2c write failed
[2026-05-10 00:27:02.791] 2206,73,98,0.0
[2026-05-10 00:27:02.886] [GetTemp--2147478764]:i2c write failed
[2026-05-10 00:27:02.888] 2207,73,98,0.0
[2026-05-10 00:27:02.902] HR=83 SpO2=98 (raw:84/98 valid:1/1 sqi:1)
[2026-05-10 00:27:02.995] [GetTemp--2147478764]:i2c write failed
[2026-05-10 00:27:02.996] 2208,73,98,0.0
[2026-05-10 00:27:03.088] [GetTemp--2147478764]:i2c write failed
[2026-05-10 00:27:03.090] 2209,73,98,0.0
[2026-05-10 00:27:03.406] [GetTemp--2147478764]:i2c write failed
[2026-05-10 00:27:03.406] 2210,73,98,0.0
[2026-05-10 00:27:03.502] [GetTemp--2147478764]:i2c write failed
[2026-05-10 00:27:03.502] 2211,73,98,0.0
[2026-05-10 00:27:03.598] [GetTemp--2147478764]:i2c write failed
[2026-05-10 00:27:03.600] 2212,73,98,0.0
[2026-05-10 00:27:03.710] [GetTemp--2147478764]:i2c write failed
[2026-05-10 00:27:03.712] 2213,73,98,0.0
[2026-05-10 00:27:03.805] [GetTemp--2147478764]:i2c write failed
[2026-05-10 00:27:03.807] 2214,73,98,0.0
[2026-05-10 00:27:04.041] HR=83 SpO2=98 (raw:84/97 valid:1/1 sqi:1)
[2026-05-10 00:27:04.110] [GetTemp--2147478764]:i2c write failed
[2026-05-10 00:27:04.110] 2215,73,98,0.0
[2026-05-10 00:27:04.207] [GetTemp--2147478764]:i2c write failed
[2026-05-10 00:27:04.209] 2216,73,98,0.0
[2026-05-10 00:27:04.318] [GetTemp--2147478764]:i2c write failed
[2026-05-10 00:27:04.319] 2217,73,98,0.0
[2026-05-10 00:27:04.414] [GetTemp--2147478764]:i2c write failed
[2026-05-10 00:27:04.414] 2218,73,98,0.0
[2026-05-10 00:27:04.509] [GetTemp--2147478764]:i2c write failed
[2026-05-10 00:27:04.509] 2219,73,98,0.0
[2026-05-10 00:27:04.821] [GetTemp--2147478764]:i2c write failed
[2026-05-10 00:27:04.821] 2220,73,98,0.0
[2026-05-10 00:27:04.941] [GetTemp--2147478764]:i2c write failed
[2026-05-10 00:27:04.941] 2221,73,98,0.0
[2026-05-10 00:27:05.021] [GetTemp--2147478764]:i2c write failed
[2026-05-10 00:27:05.021] 2222,73,98,0.0
[2026-05-10 00:27:05.132] [GetTemp--2147478764]:i2c write failed
[2026-05-10 00:27:05.133] 2223,73,98,0.0
[2026-05-10 00:27:05.212] HR=84 SpO2=98 (raw:85/97 valid:1/1 sqi:1)
[2026-05-10 00:27:05.228] [GetTemp--2147478764]:i2c write failed
[2026-05-10 00:27:05.228] 2224,74,98,0.0
[2026-05-10 00:27:05.530] [GetTemp--2147478764]:i2c write failed
[2026-05-10 00:27:05.531] 2225,74,98,0.0
[2026-05-10 00:27:05.638] [GetTemp--2147478764]:i2c write failed
[2026-05-10 00:27:05.638] 2226,74,98,0.0
[2026-05-10 00:27:05.730] [GetTemp--2147478764]:i2c write failed
[2026-05-10 00:27:05.730] 2227,74,98,0.0
[2026-05-10 00:27:05.834] [GetTemp--2147478764]:i2c write failed
[2026-05-10 00:27:05.835] 2228,74,98,0.0
[2026-05-10 00:27:05.929] [GetTemp--2147478764]:i2c write failed
[2026-05-10 00:27:05.929] 2229,74,98,0.0
[2026-05-10 00:27:06.245] [GetTemp--2147478764]:i2c write failed
[2026-05-10 00:27:06.245] 2230,74,98,0.0
[2026-05-10 00:27:06.309] HR=84 SpO2=98 (raw:85/98 valid:1/1 sqi:1)
[2026-05-10 00:27:06.335] [GetTemp--2147478764]:i2c write failed
[2026-05-10 00:27:06.339] 2231,74,98,0.0
[2026-05-10 00:27:06.449] [GetTemp--2147478764]:i2c write failed
[2026-05-10 00:27:06.449] 2232,74,98,0.0
[2026-05-10 00:27:06.542] [GetTemp--2147478764]:i2c write failed
[2026-05-10 00:27:06.542] 2233,74,98,0.0
[2026-05-10 00:27:06.639] [GetTemp--2147478764]:i2c write failed
[2026-05-10 00:27:06.639] 2234,74,98,0.0
[2026-05-10 00:27:06.957] [GetTemp--2147478764]:i2c write failed
[2026-05-10 00:27:06.957] 2235,74,98,0.0
[2026-05-10 00:27:07.052] [GetTemp--2147478764]:i2c write failed
[2026-05-10 00:27:07.052] 2236,74,98,0.0
[2026-05-10 00:27:07.147] [GetTemp--2147478764]:i2c write failed
[2026-05-10 00:27:07.163] 2237,74,98,0.0
[2026-05-10 00:27:07.257] [GetTemp--2147478764]:i2c write failed
[2026-05-10 00:27:07.258] 2238,74,98,0.0
[2026-05-10 00:27:07.336] HR=85 SpO2=98 (raw:88/98 valid:1/1 sqi:1)
[2026-05-10 00:27:07.352] [GetTemp--2147478764]:i2c write failed
[2026-05-10 00:27:07.352] 2239,75,98,0.0
[2026-05-10 00:27:07.658] [GetTemp--2147478764]:i2c write failed
[2026-05-10 00:27:07.674] 2240,75,98,0.0
[2026-05-10 00:27:07.769] [GetTemp--2147478764]:i2c write failed
[2026-05-10 00:27:07.769] 2241,75,98,0.0
[2026-05-10 00:27:07.865] [GetTemp--2147478764]:i2c write failed
[2026-05-10 00:27:07.865] 2242,75,98,0.0
[2026-05-10 00:27:07.961] [GetTemp--2147478764]:i2c write failed
[2026-05-10 00:27:07.961] 2243,75,98,0.0
[2026-05-10 00:27:08.056] [GetTemp--2147478764]:i2c write failed
[2026-05-10 00:27:08.056] 2244,75,98,0.0
[2026-05-10 00:27:08.376] [GetTemp--2147478764]:i2c write failed
[2026-05-10 00:27:08.376] 2245,75,98,0.0
[2026-05-10 00:27:08.440] HR=85 SpO2=98 (raw:88/98 valid:1/1 sqi:1)
[2026-05-10 00:27:08.472] [GetTemp--2147478764]:i2c write failed
[2026-05-10 00:27:08.472] 2246,75,98,0.0
[2026-05-10 00:27:08.567] [GetTemp--2147478764]:i2c write failed
[2026-05-10 00:27:08.567] 2247,75,98,0.0
[2026-05-10 00:27:08.678] [GetTemp--2147478764]:i2c write failed
[2026-05-10 00:27:08.679] 2248,75,98,0.0
[2026-05-10 00:27:08.773] [GetTemp--2147478764]:i2c write failed
[2026-05-10 00:27:08.773] 2249,75,98,0.0
[2026-05-10 00:27:09.080] [GetTemp--2147478764]:i2c write failed
[2026-05-10 00:27:09.080] 2250,75,98,0.0
[2026-05-10 00:27:09.192] [GetTemp--2147478764]:i2c write failed
[2026-05-10 00:27:09.192] 2251,75,98,0.0
[2026-05-10 00:27:09.287] [GetTemp--2147478764]:i2c write failed
[2026-05-10 00:27:09.287] 2252,75,98,0.0
[2026-05-10 00:27:09.383] [GetTemp--2147478764]:i2c write failed
[2026-05-10 00:27:09.384] 2253,75,98,0.0
[2026-05-10 00:27:09.478] [GetTemp--2147478764]:i2c write failed
[2026-05-10 00:27:09.478] 2254,75,98,0.0
[2026-05-10 00:27:09.717] HR=88 SpO2=98 (raw:88/97 valid:1/1 sqi:1)
[2026-05-10 00:27:09.794] [GetTemp--2147478764]:i2c write failed
[2026-05-10 00:27:09.795] 2255,78,98,0.0
[2026-05-10 00:27:09.888] [GetTemp--2147478764]:i2c write failed
[2026-05-10 00:27:09.889] 2256,78,98,0.0
[2026-05-10 00:27:09.991] [GetTemp--2147478764]:i2c write failed
[2026-05-10 00:27:09.992] 2257,78,98,0.0
[2026-05-10 00:27:10.086] [GetTemp--2147478764]:i2c write failed
[2026-05-10 00:27:10.102] 2258,78,98,0.0
[2026-05-10 00:27:10.198] [GetTemp--2147478764]:i2c write failed
[2026-05-10 00:27:10.198] 2259,78,98,0.0
[2026-05-10 00:27:10.501] [GetTemp--2147478764]:i2c write failed
[2026-05-10 00:27:10.501] 2260,78,98,0.0
[2026-05-10 00:27:10.597] [GetTemp--2147478764]:i2c write failed
[2026-05-10 00:27:10.597] 2261,78,98,0.0
[2026-05-10 00:27:10.707] [GetTemp--2147478764]:i2c write failed
[2026-05-10 00:27:10.708] 2262,78,98,0.0
[2026-05-10 00:27:10.727] HR=88 SpO2=98 (raw:88/98 valid:1/1 sqi:1)
[2026-05-10 00:27:10.801] [GetTemp--2147478764]:i2c write failed
[2026-05-10 00:27:10.802] 2263,78,98,0.0
[2026-05-10 00:27:10.910] [GetTemp--2147478764]:i2c write failed
[2026-05-10 00:27:10.910] 2264,78,98,0.0
[2026-05-10 00:27:11.222] [GetTemp--2147478764]:i2c write failed
[2026-05-10 00:27:11.222] 2265,78,98,0.0
[2026-05-10 00:27:11.317] [GetTemp--2147478764]:i2c write failed
[2026-05-10 00:27:11.319] 2266,78,98,0.0
[2026-05-10 00:27:11.411] [GetTemp--2147478764]:i2c write failed
[2026-05-10 00:27:11.411] 2267,78,98,0.0
[2026-05-10 00:27:11.507] [GetTemp--2147478764]:i2c write failed
[2026-05-10 00:27:11.509] 2268,78,98,0.0
[2026-05-10 00:27:11.620] [GetTemp--2147478764]:i2c write failed
[2026-05-10 00:27:11.620] 2269,78,98,0.0
[2026-05-10 00:27:11.840] HR=88 SpO2=98 (raw:92/98 valid:1/1 sqi:1)
[2026-05-10 00:27:11.917] [GetTemp--2147478764]:i2c write failed
[2026-05-10 00:27:11.919] 2270,78,98,0.0
[2026-05-10 00:27:12.021] [GetTemp--2147478764]:i2c write failed
[2026-05-10 00:27:12.021] 2271,78,98,0.0
[2026-05-10 00:27:12.132] [GetTemp--2147478764]:i2c write failed
[2026-05-10 00:27:12.134] 2272,78,98,0.0
[2026-05-10 00:27:12.228] [GetTemp--2147478764]:i2c write failed
[2026-05-10 00:27:12.228] 2273,78,98,0.0
[2026-05-10 00:27:12.323] [GetTemp--2147478764]:i2c write failed
[2026-05-10 00:27:12.323] 2274,78,98,0.0
[2026-05-10 00:27:12.641] [GetTemp--2147478764]:i2c write failed
[2026-05-10 00:27:12.641] 2275,78,98,0.0
[2026-05-10 00:27:12.735] [GetTemp--2147478764]:i2c write failed
[2026-05-10 00:27:12.738] 2276,78,98,0.0
[2026-05-10 00:27:12.829] [GetTemp--2147478764]:i2c write failed
[2026-05-10 00:27:12.830] 2277,78,98,0.0
[2026-05-10 00:27:12.850] HR=88 SpO2=98 (raw:93/97 valid:1/1 sqi:1)
[2026-05-10 00:27:12.939] [GetTemp--2147478764]:i2c write failed
[2026-05-10 00:27:12.940] 2278,78,98,0.0
[2026-05-10 00:27:13.026] [GetTemp--2147478764]:i2c write failed
[2026-05-10 00:27:13.029] 2279,78,98,0.0
[2026-05-10 00:27:13.347] [GetTemp--2147478764]:i2c write failed
[2026-05-10 00:27:13.347] 2280,78,98,0.0
[2026-05-10 00:27:13.443] [GetTemp--2147478764]:i2c write failed
[2026-05-10 00:27:13.444] 2281,78,98,0.0
[2026-05-10 00:27:13.537] [GetTemp--2147478764]:i2c write failed
[2026-05-10 00:27:13.537] 2282,78,98,0.0
[2026-05-10 00:27:13.650] [GetTemp--2147478764]:i2c write failed
[2026-05-10 00:27:13.650] 2283,78,98,0.0
[2026-05-10 00:27:13.744] [GetTemp--2147478764]:i2c write failed
[2026-05-10 00:27:13.746] 2284,78,98,0.0
[2026-05-10 00:27:14.056] [GetTemp--2147478764]:i2c write failed
[2026-05-10 00:27:14.056] 2285,78,98,0.0
[2026-05-10 00:27:14.116] HR=92 SpO2=97 (raw:93/97 valid:1/1 sqi:1)
[2026-05-10 00:27:14.146] [GetTemp--2147478764]:i2c write failed
[2026-05-10 00:27:14.150] 2286,82,97,0.0
[2026-05-10 00:27:14.259] [GetTemp--2147478764]:i2c write failed
[2026-05-10 00:27:14.259] 2287,82,97,0.0
[2026-05-10 00:27:14.355] [GetTemp--2147478764]:i2c write failed
[2026-05-10 00:27:14.357] 2288,82,97,0.0
[2026-05-10 00:27:14.451] [GetTemp--2147478764]:i2c write failed
[2026-05-10 00:27:14.451] 2289,82,97,0.0
[2026-05-10 00:27:14.769] [GetTemp--2147478764]:i2c write failed
[2026-05-10 00:27:14.770] 2290,82,97,0.0
[2026-05-10 00:27:14.862] [GetTemp--2147478764]:i2c write failed
[2026-05-10 00:27:14.862] 2291,82,97,0.0
[2026-05-10 00:27:14.972] [GetTemp--2147478764]:i2c write failed
[2026-05-10 00:27:14.973] 2292,82,97,0.0
[2026-05-10 00:27:15.059] [GetTemp--2147478764]:i2c write failed
[2026-05-10 00:27:15.061] 2293,82,97,0.0
[2026-05-10 00:27:15.154] HR=92 SpO2=97 (raw:77/97 valid:1/1 sqi:1)
[2026-05-10 00:27:15.157] [GetTemp--2147478764]:i2c write failed
[2026-05-10 00:27:15.157] 2294,82,97,0.0
[2026-05-10 00:27:15.472] [GetTemp--2147478764]:i2c write failed
[2026-05-10 00:27:15.472] 2295,82,97,0.0
[2026-05-10 00:27:15.567] [GetTemp--2147478764]:i2c write failed
[2026-05-10 00:27:15.569] 2296,82,97,0.0
[2026-05-10 00:27:15.678] [GetTemp--2147478764]:i2c write failed
[2026-05-10 00:27:15.678] 2297,82,97,0.0
[2026-05-10 00:27:15.774] [GetTemp--2147478764]:i2c write failed
[2026-05-10 00:27:15.774] 2298,82,97,0.0
[2026-05-10 00:27:15.882] [GetTemp--2147478764]:i2c write failed
[2026-05-10 00:27:15.883] 2299,82,97,0.0
[2026-05-10 00:27:16.190] [GetTemp--2147478764]:i2c write failed
[2026-05-10 00:27:16.190] 2300,82,97,0.0
[2026-05-10 00:27:16.254] HR=92 SpO2=97 (raw:77/97 valid:1/1 sqi:1)
[2026-05-10 00:27:16.270] [GetTemp--2147478764]:i2c write failed
[2026-05-10 00:27:16.277] 2301,82,97,0.0
[2026-05-10 00:27:16.382] [GetTemp--2147478764]:i2c write failed
[2026-05-10 00:27:16.382] 2302,82,97,0.0
[2026-05-10 00:27:16.478] [GetTemp--2147478764]:i2c write failed
[2026-05-10 00:27:16.482] 2303,82,97,0.0
[2026-05-10 00:27:16.590] [GetTemp--2147478764]:i2c write failed
[2026-05-10 00:27:16.591] 2304,82,97,0.0
[2026-05-10 00:27:16.888] [GetTemp--2147478764]:i2c write failed
[2026-05-10 00:27:16.890] 2305,82,97,0.0
[2026-05-10 00:27:16.993] [GetTemp--2147478764]:i2c write failed
[2026-05-10 00:27:16.993] 2306,82,97,0.0
[2026-05-10 00:27:17.089] [GetTemp--2147478764]:i2c write failed
[2026-05-10 00:27:17.090] 2307,82,97,0.0
[2026-05-10 00:27:17.200] [GetTemp--2147478764]:i2c write failed
[2026-05-10 00:27:17.200] 2308,82,97,0.0
[2026-05-10 00:27:17.279] HR=77 SpO2=97 (raw:77/97 valid:1/1 sqi:1)
[2026-05-10 00:27:17.279] [GetTemp--2147478764]:i2c write failed
[2026-05-10 00:27:17.279] 2309,67,97,0.0
[2026-05-10 00:27:17.597] [GetTemp--2147478764]:i2c write failed
[2026-05-10 00:27:17.613] 2310,67,97,0.0
[2026-05-10 00:27:17.708] [GetTemp--2147478764]:i2c write failed
[2026-05-10 00:27:17.709] 2311,67,97,0.0
[2026-05-10 00:27:17.800] [GetTemp--2147478764]:i2c write failed
[2026-05-10 00:27:17.800] 2312,67,97,0.0
[2026-05-10 00:27:17.911] [GetTemp--2147478764]:i2c write failed
[2026-05-10 00:27:17.912] 2313,67,97,0.0
[2026-05-10 00:27:17.996] [GetTemp--2147478764]:i2c write failed
[2026-05-10 00:27:18.012] 2314,67,97,0.0
[2026-05-10 00:27:18.315] [GetTemp--2147478764]:i2c write failed
[2026-05-10 00:27:18.315] 2315,67,97,0.0
[2026-05-10 00:27:18.411] [GetTemp--2147478764]:i2c write failed
[2026-05-10 00:27:18.411] 2316,67,97,0.0
[2026-05-10 00:27:18.506] [GetTemp--2147478764]:i2c write failed
[2026-05-10 00:27:18.522] 2317,67,97,0.0
[2026-05-10 00:27:18.530] HR=77 SpO2=97 (raw:77/98 valid:1/1 sqi:1)
[2026-05-10 00:27:18.618] [GetTemp--2147478764]:i2c write failed
[2026-05-10 00:27:18.619] 2318,67,97,0.0
[2026-05-10 00:27:18.711] [GetTemp--2147478764]:i2c write failed
[2026-05-10 00:27:18.713] 2319,67,97,0.0
[2026-05-10 00:27:19.018] [GetTemp--2147478764]:i2c write failed
[2026-05-10 00:27:19.020] 2320,67,97,0.0
[2026-05-10 00:27:19.129] [GetTemp--2147478764]:i2c write failed
[2026-05-10 00:27:19.130] 2321,67,97,0.0
[2026-05-10 00:27:19.225] [GetTemp--2147478764]:i2c write failed
[2026-05-10 00:27:19.225] 2322,67,97,0.0
[2026-05-10 00:27:19.320] [GetTemp--2147478764]:i2c write failed
[2026-05-10 00:27:19.320] 2323,67,97,0.0
[2026-05-10 00:27:19.432] [GetTemp--2147478764]:i2c write failed
[2026-05-10 00:27:19.432] 2324,67,97,0.0
[2026-05-10 00:27:19.653] HR=77 SpO2=97 (raw:78/98 valid:1/1 sqi:1)
[2026-05-10 00:27:19.730] [GetTemp--2147478764]:i2c write failed
[2026-05-10 00:27:19.730] 2325,67,97,0.0
[2026-05-10 00:27:19.839] [GetTemp--2147478764]:i2c write failed
[2026-05-10 00:27:19.839] 2326,67,97,0.0
[2026-05-10 00:27:19.933] [GetTemp--2147478764]:i2c write failed
[2026-05-10 00:27:19.934] 2327,67,97,0.0
[2026-05-10 00:27:20.032] [GetTemp--2147478764]:i2c write failed
[2026-05-10 00:27:20.033] 2328,67,97,0.0
[2026-05-10 00:27:20.128] [GetTemp--2147478764]:i2c write failed
[2026-05-10 00:27:20.128] 2329,67,97,0.0
[2026-05-10 00:27:20.447] [GetTemp--2147478764]:i2c write failed
[2026-05-10 00:27:20.447] 2330,67,97,0.0
[2026-05-10 00:27:20.543] [GetTemp--2147478764]:i2c write failed
[2026-05-10 00:27:20.543] 2331,67,97,0.0
[2026-05-10 00:27:20.639] [GetTemp--2147478764]:i2c write failed
[2026-05-10 00:27:20.639] 2332,67,97,0.0
[2026-05-10 00:27:20.668] HR=77 SpO2=98 (raw:83/98 valid:1/1 sqi:1)
[2026-05-10 00:27:20.748] [GetTemp--2147478764]:i2c write failed
[2026-05-10 00:27:20.749] 2333,67,98,0.0
[2026-05-10 00:27:20.842] [GetTemp--2147478764]:i2c write failed
[2026-05-10 00:27:20.843] 2334,67,98,0.0
[2026-05-10 00:27:21.150] [GetTemp--2147478764]:i2c write failed
[2026-05-10 00:27:21.150] 2335,67,98,0.0
[2026-05-10 00:27:21.262] [GetTemp--2147478764]:i2c write failed
[2026-05-10 00:27:21.262] 2336,67,98,0.0
[2026-05-10 00:27:21.357] [GetTemp--2147478764]:i2c write failed
[2026-05-10 00:27:21.357] 2337,67,98,0.0
[2026-05-10 00:27:21.453] [GetTemp--2147478764]:i2c write failed
[2026-05-10 00:27:21.453] 2338,67,98,0.0
[2026-05-10 00:27:21.548] [GetTemp--2147478764]:i2c write failed
[2026-05-10 00:27:21.548] 2339,67,98,0.0
[2026-05-10 00:27:21.785] HR=78 SpO2=98 (raw:84/97 valid:1/1 sqi:1)
[2026-05-10 00:27:21.863] [GetTemp--2147478764]:i2c write failed
[2026-05-10 00:27:21.863] 2340,68,98,0.0
[2026-05-10 00:27:21.965] [GetTemp--2147478764]:i2c write failed
[2026-05-10 00:27:21.965] 2341,68,98,0.0
[2026-05-10 00:27:22.060] [GetTemp--2147478764]:i2c write failed
[2026-05-10 00:27:22.060] 2342,68,98,0.0
[2026-05-10 00:27:22.171] [GetTemp--2147478764]:i2c write failed
[2026-05-10 00:27:22.171] 2343,68,98,0.0
[2026-05-10 00:27:22.266] [GetTemp--2147478764]:i2c write failed
[2026-05-10 00:27:22.266] 2344,68,98,0.0
[2026-05-10 00:27:22.569] [GetTemp--2147478764]:i2c write failed
[2026-05-10 00:27:22.569] 2345,68,98,0.0
[2026-05-10 00:27:22.678] [GetTemp--2147478764]:i2c write failed
[2026-05-10 00:27:22.679] 2346,68,98,0.0
[2026-05-10 00:27:22.774] [GetTemp--2147478764]:i2c write failed
[2026-05-10 00:27:22.775] 2347,68,98,0.0
[2026-05-10 00:27:22.882] [GetTemp--2147478764]:i2c write failed
[2026-05-10 00:27:22.883] 2348,68,98,0.0
[2026-05-10 00:27:22.953] HR=83 SpO2=98 (raw:85/97 valid:1/1 sqi:1)
[2026-05-10 00:27:22.955] [GetTemp--2147478764]:i2c write failed
[2026-05-10 00:27:22.968] 2349,73,98,0.0
[2026-05-10 00:27:23.288] [GetTemp--2147478764]:i2c write failed
[2026-05-10 00:27:23.288] 2350,73,98,0.0
[2026-05-10 00:27:23.384] [GetTemp--2147478764]:i2c write failed
[2026-05-10 00:27:23.384] 2351,73,98,0.0
[2026-05-10 00:27:23.480] [GetTemp--2147478764]:i2c write failed
[2026-05-10 00:27:23.480] 2352,73,98,0.0
[2026-05-10 00:27:23.591] [GetTemp--2147478764]:i2c write failed
[2026-05-10 00:27:23.591] 2353,73,98,0.0
[2026-05-10 00:27:23.686] [GetTemp--2147478764]:i2c write failed
[2026-05-10 00:27:23.687] 2354,73,98,0.0
[2026-05-10 00:27:23.992] [GetTemp--2147478764]:i2c write failed
[2026-05-10 00:27:23.992] 2355,73,98,0.0
[2026-05-10 00:27:24.056] HR=84 SpO2=97 (raw:84/97 valid:1/1 sqi:1)
[2026-05-10 00:27:24.081] [GetTemp--2147478764]:i2c write failed
[2026-05-10 00:27:24.090] 2356,74,97,0.0
[2026-05-10 00:27:24.199] [GetTemp--2147478764]:i2c write failed
[2026-05-10 00:27:24.201] 2357,74,97,0.0
[2026-05-10 00:27:24.294] [GetTemp--2147478764]:i2c write failed
[2026-05-10 00:27:24.294] 2358,74,97,0.0
[2026-05-10 00:27:24.390] [GetTemp--2147478764]:i2c write failed
[2026-05-10 00:27:24.390] 2359,74,97,0.0
[2026-05-10 00:27:24.707] [GetTemp--2147478764]:i2c write failed
[2026-05-10 00:27:24.707] 2360,74,97,0.0
[2026-05-10 00:27:24.801] [GetTemp--2147478764]:i2c write failed
[2026-05-10 00:27:24.801] 2361,74,97,0.0
[2026-05-10 00:27:24.910] [GetTemp--2147478764]:i2c write failed
[2026-05-10 00:27:24.911] 2362,74,97,0.0
[2026-05-10 00:27:24.998] [GetTemp--2147478764]:i2c write failed
[2026-05-10 00:27:25.001] 2363,74,97,0.0
[2026-05-10 00:27:25.094] HR=84 SpO2=97 (raw:78/97 valid:1/1 sqi:1)
[2026-05-10 00:27:25.098] [GetTemp--2147478764]:i2c write failed
[2026-05-10 00:27:25.101] 2364,74,97,0.0
[2026-05-10 00:27:25.413] [GetTemp--2147478764]:i2c write failed
[2026-05-10 00:27:25.413] 2365,74,97,0.0
[2026-05-10 00:27:25.508] [GetTemp--2147478764]:i2c write failed
[2026-05-10 00:27:25.508] 2366,74,97,0.0
[2026-05-10 00:27:25.620] [GetTemp--2147478764]:i2c write failed
[2026-05-10 00:27:25.620] 2367,74,97,0.0
[2026-05-10 00:27:25.715] [GetTemp--2147478764]:i2c write failed
[2026-05-10 00:27:25.716] 2368,74,97,0.0
[2026-05-10 00:27:25.810] [GetTemp--2147478764]:i2c write failed
[2026-05-10 00:27:25.810] 2369,74,97,0.0
[2026-05-10 00:27:26.133] [GetTemp--2147478764]:i2c write failed
[2026-05-10 00:27:26.133] 2370,74,97,0.0
[2026-05-10 00:27:26.197] HR=84 SpO2=97 (raw:71/97 valid:1/1 sqi:1)
[2026-05-10 00:27:26.217] [GetTemp--2147478764]:i2c write failed
[2026-05-10 00:27:26.217] 2371,74,97,0.0
[2026-05-10 00:27:26.324] [GetTemp--2147478764]:i2c write failed
[2026-05-10 00:27:26.324] 2372,74,97,0.0
[2026-05-10 00:27:26.419] [GetTemp--2147478764]:i2c write failed
[2026-05-10 00:27:26.419] 2373,74,97,0.0
[2026-05-10 00:27:26.531] [GetTemp--2147478764]:i2c write failed
[2026-05-10 00:27:26.531] 2374,74,97,0.0
[2026-05-10 00:27:26.831] [GetTemp--2147478764]:i2c write failed
[2026-05-10 00:27:26.831] 2375,74,97,0.0
[2026-05-10 00:27:26.927] [GetTemp--2147478764]:i2c write failed
[2026-05-10 00:27:26.942] 2376,74,97,0.0
[2026-05-10 00:27:27.042] [GetTemp--2147478764]:i2c write failed
[2026-05-10 00:27:27.042] 2377,74,97,0.0
[2026-05-10 00:27:27.138] [GetTemp--2147478764]:i2c write failed
[2026-05-10 00:27:27.138] 2378,74,97,0.0
[2026-05-10 00:27:27.234] [GetTemp--2147478764]:i2c write failed
[2026-05-10 00:27:27.234] 2379,74,97,0.0
[2026-05-10 00:27:27.471] HR=78 SpO2=97 (raw:70/97 valid:1/1 sqi:1)
[2026-05-10 00:27:27.551] [GetTemp--2147478764]:i2c write failed
[2026-05-10 00:27:27.551] 2380,68,97,0.0
[2026-05-10 00:27:27.647] [GetTemp--2147478764]:i2c write failed
[2026-05-10 00:27:27.647] 2381,68,97,0.0
[2026-05-10 00:27:27.740] [GetTemp--2147478764]:i2c write failed
[2026-05-10 00:27:27.740] 2382,68,97,0.0
[2026-05-10 00:27:27.848] [GetTemp--2147478764]:i2c write failed
[2026-05-10 00:27:27.848] 2383,68,97,0.0
[2026-05-10 00:27:27.941] [GetTemp--2147478764]:i2c write failed
[2026-05-10 00:27:27.942] 2384,68,97,0.0
[2026-05-10 00:27:28.254] [GetTemp--2147478764]:i2c write failed
[2026-05-10 00:27:28.254] 2385,68,97,0.0
[2026-05-10 00:27:28.349] [GetTemp--2147478764]:i2c write failed
[2026-05-10 00:27:28.352] 2386,68,97,0.0
[2026-05-10 00:27:28.461] [GetTemp--2147478764]:i2c write failed
[2026-05-10 00:27:28.462] 2387,68,97,0.0
[2026-05-10 00:27:28.477] HR=72 SpO2=97 (raw:72/97 valid:1/1 sqi:1)
[2026-05-10 00:27:28.557] [GetTemp--2147478764]:i2c write failed
[2026-05-10 00:27:28.558] 2388,62,97,0.0
[2026-05-10 00:27:28.652] [GetTemp--2147478764]:i2c write failed
[2026-05-10 00:27:28.652] 2389,62,97,0.0
[2026-05-10 00:27:28.964] [GetTemp--2147478764]:i2c write failed
[2026-05-10 00:27:28.964] 2390,62,97,0.0
[2026-05-10 00:27:29.062] [GetTemp--2147478764]:i2c write failed
[2026-05-10 00:27:29.062] 2391,62,97,0.0
[2026-05-10 00:27:29.158] [GetTemp--2147478764]:i2c write failed
[2026-05-10 00:27:29.159] 2392,62,97,0.0
[2026-05-10 00:27:29.269] [GetTemp--2147478764]:i2c write failed
[2026-05-10 00:27:29.269] 2393,62,97,0.0
[2026-05-10 00:27:29.365] [GetTemp--2147478764]:i2c write failed
[2026-05-10 00:27:29.365] 2394,62,97,0.0
[2026-05-10 00:27:29.588] HR=72 SpO2=97 (raw:72/97 valid:1/1 sqi:1)
[2026-05-10 00:27:29.668] [GetTemp--2147478764]:i2c write failed
[2026-05-10 00:27:29.668] 2395,62,97,0.0
[2026-05-10 00:27:29.777] [GetTemp--2147478764]:i2c write failed
[2026-05-10 00:27:29.777] 2396,62,97,0.0
[2026-05-10 00:27:29.870] [GetTemp--2147478764]:i2c write failed
[2026-05-10 00:27:29.871] 2397,62,97,0.0
[2026-05-10 00:27:29.980] [GetTemp--2147478764]:i2c write failed
[2026-05-10 00:27:29.980] 2398,62,97,0.0
[2026-05-10 00:27:30.080] [GetTemp--2147478764]:i2c write failed
[2026-05-10 00:27:30.080] 2399,62,97,0.0
[2026-05-10 00:27:30.384] [GetTemp--2147478764]:i2c write failed
[2026-05-10 00:27:30.384] 2400,62,97,0.0
[2026-05-10 00:27:30.479] [GetTemp--2147478764]:i2c write failed
[2026-05-10 00:27:30.481] 2401,62,97,0.0
[2026-05-10 00:27:30.591] [GetTemp--2147478764]:i2c write failed
[2026-05-10 00:27:30.593] 2402,62,97,0.0
[2026-05-10 00:27:30.606] HR=72 SpO2=97 (raw:73/97 valid:1/1 sqi:1)
[2026-05-10 00:27:30.686] [GetTemp--2147478764]:i2c write failed
[2026-05-10 00:27:30.687] 2403,62,97,0.0
[2026-05-10 00:27:30.779] [GetTemp--2147478764]:i2c write failed
[2026-05-10 00:27:30.779] 2404,62,97,0.0
[2026-05-10 00:27:31.103] [GetTemp--2147478764]:i2c write failed
[2026-05-10 00:27:31.103] 2405,62,97,0.0
[2026-05-10 00:27:31.198] [GetTemp--2147478764]:i2c write failed
[2026-05-10 00:27:31.198] 2406,62,97,0.0
[2026-05-10 00:27:31.294] [GetTemp--2147478764]:i2c write failed
[2026-05-10 00:27:31.294] 2407,62,97,0.0
[2026-05-10 00:27:31.390] [GetTemp--2147478764]:i2c write failed
[2026-05-10 00:27:31.390] 2408,62,97,0.0
[2026-05-10 00:27:31.501] [GetTemp--2147478764]:i2c write failed
[2026-05-10 00:27:31.501] 2409,62,97,0.0
[2026-05-10 00:27:31.800] [GetTemp--2147478764]:i2c write failed
[2026-05-10 00:27:31.801] 2410,62,97,0.0
[2026-05-10 00:27:31.877] HR=72 SpO2=97 (raw:73/97 valid:1/1 sqi:1)
[2026-05-10 00:27:31.896] [GetTemp--2147478764]:i2c write failed
[2026-05-10 00:27:31.901] 2411,62,97,0.0
[2026-05-10 00:27:31.997] [GetTemp--2147478764]:i2c write failed
[2026-05-10 00:27:31.997] 2412,62,97,0.0
[2026-05-10 00:27:32.108] [GetTemp--2147478764]:i2c write failed
[2026-05-10 00:27:32.108] 2413,62,97,0.0
[2026-05-10 00:27:32.204] [GetTemp--2147478764]:i2c write failed
[2026-05-10 00:27:32.204] 2414,62,97,0.0
[2026-05-10 00:27:32.507] [GetTemp--2147478764]:i2c write failed
[2026-05-10 00:27:32.507] 2415,62,97,0.0
[2026-05-10 00:27:32.619] [GetTemp--2147478764]:i2c write failed
[2026-05-10 00:27:32.619] 2416,62,97,0.0
[2026-05-10 00:27:32.715] [GetTemp--2147478764]:i2c write failed
[2026-05-10 00:27:32.716] 2417,62,97,0.0
[2026-05-10 00:27:32.810] [GetTemp--2147478764]:i2c write failed
[2026-05-10 00:27:32.811] 2418,62,97,0.0
[2026-05-10 00:27:32.905] HR=73 SpO2=97 (raw:73/97 valid:1/1 sqi:1)
[2026-05-10 00:27:32.907] [GetTemp--2147478764]:i2c write failed
[2026-05-10 00:27:32.910] 2419,63,97,0.0
[2026-05-10 00:27:33.227] [GetTemp--2147478764]:i2c write failed
[2026-05-10 00:27:33.227] 2420,63,97,0.0
[2026-05-10 00:27:33.323] [GetTemp--2147478764]:i2c write failed
[2026-05-10 00:27:33.323] 2421,63,97,0.0
[2026-05-10 00:27:33.433] [GetTemp--2147478764]:i2c write failed
[2026-05-10 00:27:33.433] 2422,63,97,0.0
[2026-05-10 00:27:33.529] [GetTemp--2147478764]:i2c write failed
[2026-05-10 00:27:33.529] 2423,63,97,0.0
[2026-05-10 00:27:33.624] [GetTemp--2147478764]:i2c write failed
[2026-05-10 00:27:33.624] 2424,63,97,0.0
[2026-05-10 00:27:33.767] ReadLicenseData(), failed to get licdata string
[2026-05-10 00:27:33.767] VerifyLicense(), cannot read license data files
[2026-05-10 00:27:33.767] license_task_main() verify license invalid, reboot after 55 mins
[2026-05-10 00:27:33.938] [GetTemp--2147478764]:i2c write failed
[2026-05-10 00:27:33.941] 2425,63,97,0.0
[2026-05-10 00:27:34.008] HR=73 SpO2=97 (raw:75/98 valid:1/1 sqi:1)
[2026-05-10 00:27:34.024] [GetTemp--2147478764]:i2c write failed
[2026-05-10 00:27:34.040] 2426,63,97,0.0
[2026-05-10 00:27:34.150] [GetTemp--2147478764]:i2c write failed
[2026-05-10 00:27:34.152] 2427,63,97,0.0
[2026-05-10 00:27:34.246] [GetTemp--2147478764]:i2c write failed
[2026-05-10 00:27:34.246] 2428,63,97,0.0
[2026-05-10 00:27:34.342] [GetTemp--2147478764]:i2c write failed
[2026-05-10 00:27:34.342] 2429,63,97,0.0
[2026-05-10 00:27:34.662] [GetTemp--2147478764]:i2c write failed
[2026-05-10 00:27:34.662] 2430,63,97,0.0
[2026-05-10 00:27:34.754] [GetTemp--2147478764]:i2c write failed
[2026-05-10 00:27:34.754] 2431,63,97,0.0
[2026-05-10 00:27:34.847] [GetTemp--2147478764]:i2c write failed
[2026-05-10 00:27:34.850] 2432,63,97,0.0
[2026-05-10 00:27:34.956] [GetTemp--2147478764]:i2c write failed
[2026-05-10 00:27:34.956] 2433,63,97,0.0
[2026-05-10 00:27:35.047] HR=73 SpO2=97 (raw:75/97 valid:1/1 sqi:1)
[2026-05-10 00:27:35.047] [GetTemp--2147478764]:i2c write failed
[2026-05-10 00:27:35.063] 2434,63,97,0.0
[2026-05-10 00:27:35.365] [GetTemp--2147478764]:i2c write failed
[2026-05-10 00:27:35.365] 2435,63,97,0.0
[2026-05-10 00:27:35.460] [GetTemp--2147478764]:i2c write failed
[2026-05-10 00:27:35.461] 2436,63,97,0.0
[2026-05-10 00:27:35.571] [GetTemp--2147478764]:i2c write failed
[2026-05-10 00:27:35.572] 2437,63,97,0.0
[2026-05-10 00:27:35.667] [GetTemp--2147478764]:i2c write failed
[2026-05-10 00:27:35.667] 2438,63,97,0.0
[2026-05-10 00:27:35.760] [GetTemp--2147478764]:i2c write failed
[2026-05-10 00:27:35.760] 2439,63,97,0.0
[2026-05-10 00:27:36.075] [GetTemp--2147478764]:i2c write failed
[2026-05-10 00:27:36.075] 2440,63,97,0.0
[2026-05-10 00:27:36.172] [GetTemp--2147478764]:i2c write failed
[2026-05-10 00:27:36.172] 2441,63,97,0.0
[2026-05-10 00:27:36.267] [GetTemp--2147478764]:i2c write failed
[2026-05-10 00:27:36.267] 2442,63,97,0.0
[2026-05-10 00:27:36.283] HR=75 SpO2=97 (raw:77/97 valid:1/1 sqi:1)
[2026-05-10 00:27:36.379] [GetTemp--2147478764]:i2c write failed
[2026-05-10 00:27:36.379] 2443,65,97,0.0
[2026-05-10 00:27:36.476] [GetTemp--2147478764]:i2c write failed
[2026-05-10 00:27:36.477] 2444,65,97,0.0
[2026-05-10 00:27:36.777] [GetTemp--2147478764]:i2c write failed
[2026-05-10 00:27:36.780] 2445,65,97,0.0
[2026-05-10 00:27:36.887] [GetTemp--2147478764]:i2c write failed
[2026-05-10 00:27:36.888] 2446,65,97,0.0
[2026-05-10 00:27:36.988] [GetTemp--2147478764]:i2c write failed
[2026-05-10 00:27:36.988] 2447,65,97,0.0
[2026-05-10 00:27:37.083] [GetTemp--2147478764]:i2c write failed
[2026-05-10 00:27:37.083] 2448,65,97,0.0
[2026-05-10 00:27:37.179] [GetTemp--2147478764]:i2c write failed
[2026-05-10 00:27:37.179] 2449,65,97,0.0
[2026-05-10 00:27:37.417] HR=75 SpO2=97 (raw:78/97 valid:1/1 sqi:1)
[2026-05-10 00:27:37.498] [GetTemp--2147478764]:i2c write failed
[2026-05-10 00:27:37.498] 2450,65,97,0.0
[2026-05-10 00:27:37.593] [GetTemp--2147478764]:i2c write failed
[2026-05-10 00:27:37.593] 2451,65,97,0.0
[2026-05-10 00:27:37.689] [GetTemp--2147478764]:i2c write failed
[2026-05-10 00:27:37.689] 2452,65,97,0.0
[2026-05-10 00:27:37.800] [GetTemp--2147478764]:i2c write failed
[2026-05-10 00:27:37.800] 2453,65,97,0.0
[2026-05-10 00:27:37.894] [GetTemp--2147478764]:i2c write failed
[2026-05-10 00:27:37.894] 2454,65,97,0.0
[2026-05-10 00:27:38.200] [GetTemp--2147478764]:i2c write failed
[2026-05-10 00:27:38.200] 2455,65,97,0.0
[2026-05-10 00:27:38.311] [GetTemp--2147478764]:i2c write failed
[2026-05-10 00:27:38.311] 2456,65,97,0.0
[2026-05-10 00:27:38.406] [GetTemp--2147478764]:i2c write failed
[2026-05-10 00:27:38.408] 2457,65,97,0.0
[2026-05-10 00:27:38.422] HR=77 SpO2=97 (raw:95/97 valid:1/1 sqi:1)
[2026-05-10 00:27:38.502] [GetTemp--2147478764]:i2c write failed
[2026-05-10 00:27:38.502] 2458,67,97,0.0
[2026-05-10 00:27:38.597] [GetTemp--2147478764]:i2c write failed
[2026-05-10 00:27:38.601] 2459,67,97,0.0
[2026-05-10 00:27:38.909] [GetTemp--2147478764]:i2c write failed
[2026-05-10 00:27:38.910] 2460,67,97,0.0
[2026-05-10 00:27:39.013] [GetTemp--2147478764]:i2c write failed
[2026-05-10 00:27:39.013] 2461,67,97,0.0
[2026-05-10 00:27:39.110] [GetTemp--2147478764]:i2c write failed
[2026-05-10 00:27:39.110] 2462,67,97,0.0
[2026-05-10 00:27:39.222] [GetTemp--2147478764]:i2c write failed
[2026-05-10 00:27:39.222] 2463,67,97,0.0
[2026-05-10 00:27:39.317] [GetTemp--2147478764]:i2c write failed
[2026-05-10 00:27:39.317] 2464,67,97,0.0
[2026-05-10 00:27:39.540] HR=78 SpO2=97 (raw:107/97 valid:1/1 sqi:1)
[2026-05-10 00:27:39.620] [GetTemp--2147478764]:i2c write failed
[2026-05-10 00:27:39.620] 2465,68,97,0.0
[2026-05-10 00:27:39.729] [GetTemp--2147478764]:i2c write failed
[2026-05-10 00:27:39.730] 2466,68,97,0.0
[2026-05-10 00:27:39.822] [GetTemp--2147478764]:i2c write failed
[2026-05-10 00:27:39.822] 2467,68,97,0.0
[2026-05-10 00:27:39.932] [GetTemp--2147478764]:i2c write failed
[2026-05-10 00:27:39.933] 2468,68,97,0.0
[2026-05-10 00:27:40.028] [GetTemp--2147478764]:i2c write failed
[2026-05-10 00:27:40.028] 2469,68,97,0.0
[2026-05-10 00:27:40.331] [GetTemp--2147478764]:i2c write failed
[2026-05-10 00:27:40.331] 2470,68,97,0.0
[2026-05-10 00:27:40.443] [GetTemp--2147478764]:i2c write failed
[2026-05-10 00:27:40.444] 2471,68,97,0.0
[2026-05-10 00:27:40.539] [GetTemp--2147478764]:i2c write failed
[2026-05-10 00:27:40.539] 2472,68,97,0.0
[2026-05-10 00:27:40.633] [GetTemp--2147478764]:i2c write failed
[2026-05-10 00:27:40.633] 2473,68,97,0.0
[2026-05-10 00:27:40.728] HR=88 SpO2=97 (raw:88/97 valid:1/1 sqi:1)
[2026-05-10 00:27:40.729] [GetTemp--2147478764]:i2c write failed
[2026-05-10 00:27:40.730] 2474,78,97,0.0
[2026-05-10 00:27:41.049] [GetTemp--2147478764]:i2c write failed
[2026-05-10 00:27:41.049] 2475,78,97,0.0
[2026-05-10 00:27:41.144] [GetTemp--2147478764]:i2c write failed
[2026-05-10 00:27:41.144] 2476,78,97,0.0
[2026-05-10 00:27:41.240] [GetTemp--2147478764]:i2c write failed
[2026-05-10 00:27:41.240] 2477,78,97,0.0
[2026-05-10 00:27:41.352] [GetTemp--2147478764]:i2c write failed
[2026-05-10 00:27:41.352] 2478,78,97,0.0
[2026-05-10 00:27:41.447] [GetTemp--2147478764]:i2c write failed
[2026-05-10 00:27:41.447] 2479,78,97,0.0
[2026-05-10 00:27:41.749] [GetTemp--2147478764]:i2c write failed
[2026-05-10 00:27:41.752] 2480,78,97,0.0
[2026-05-10 00:27:41.828] HR=88 SpO2=97 (raw:83/97 valid:1/1 sqi:1)
[2026-05-10 00:27:41.846] [GetTemp--2147478764]:i2c write failed
[2026-05-10 00:27:41.850] 2481,78,97,0.0
[2026-05-10 00:27:41.954] [GetTemp--2147478764]:i2c write failed
[2026-05-10 00:27:41.954] 2482,78,97,0.0
[2026-05-10 00:27:42.048] [GetTemp--2147478764]:i2c write failed
[2026-05-10 00:27:42.057] 2483,78,97,0.0
[2026-05-10 00:27:42.153] [GetTemp--2147478764]:i2c write failed
[2026-05-10 00:27:42.153] 2484,78,97,0.0
[2026-05-10 00:27:42.457] [GetTemp--2147478764]:i2c write failed
[2026-05-10 00:27:42.459] 2485,78,97,0.0
[2026-05-10 00:27:42.568] [GetTemp--2147478764]:i2c write failed
[2026-05-10 00:27:42.568] 2486,78,97,0.0
[2026-05-10 00:27:42.664] [GetTemp--2147478764]:i2c write failed
[2026-05-10 00:27:42.664] 2487,78,97,0.0
[2026-05-10 00:27:42.759] [GetTemp--2147478764]:i2c write failed
[2026-05-10 00:27:42.774] 2488,78,97,0.0
[2026-05-10 00:27:42.851] HR=88 SpO2=97 (raw:83/97 valid:1/1 sqi:1)
[2026-05-10 00:27:42.867] [GetTemp--2147478764]:i2c write failed
[2026-05-10 00:27:42.867] 2489,78,97,0.0
[2026-05-10 00:27:43.177] [GetTemp--2147478764]:i2c write failed
[2026-05-10 00:27:43.179] 2490,78,97,0.0
[2026-05-10 00:27:43.273] [GetTemp--2147478764]:i2c write failed
[2026-05-10 00:27:43.274] 2491,78,97,0.0
[2026-05-10 00:27:43.371] [GetTemp--2147478764]:i2c write failed
[2026-05-10 00:27:43.371] 2492,78,97,0.0
[2026-05-10 00:27:43.481] [GetTemp--2147478764]:i2c write failed
[2026-05-10 00:27:43.481] 2493,78,97,0.0
[2026-05-10 00:27:43.577] [GetTemp--2147478764]:i2c write failed
[2026-05-10 00:27:43.577] 2494,78,97,0.0
[2026-05-10 00:27:43.878] [GetTemp--2147478764]:i2c write failed
[2026-05-10 00:27:43.893] 2495,78,97,0.0
[2026-05-10 00:27:43.956] HR=86 SpO2=97 (raw:86/98 valid:1/1 sqi:1)
[2026-05-10 00:27:43.977] [GetTemp--2147478764]:i2c write failed
[2026-05-10 00:27:43.980] 2496,76,97,0.0
[2026-05-10 00:27:44.091] [GetTemp--2147478764]:i2c write failed
[2026-05-10 00:27:44.091] 2497,76,97,0.0
[2026-05-10 00:27:44.187] [GetTemp--2147478764]:i2c write failed
[2026-05-10 00:27:44.187] 2498,76,97,0.0
[2026-05-10 00:27:44.282] [GetTemp--2147478764]:i2c write failed
[2026-05-10 00:27:44.282] 2499,76,97,0.0
[2026-05-10 00:27:44.601] [GetTemp--2147478764]:i2c write failed
[2026-05-10 00:27:44.601] 2500,76,97,0.0
[2026-05-10 00:27:44.697] [GetTemp--2147478764]:i2c write failed
[2026-05-10 00:27:44.697] 2501,76,97,0.0
[2026-05-10 00:27:44.792] [GetTemp--2147478764]:i2c write failed
[2026-05-10 00:27:44.792] 2502,76,97,0.0
[2026-05-10 00:27:44.901] [GetTemp--2147478764]:i2c write failed
[2026-05-10 00:27:44.901] 2503,76,97,0.0
[2026-05-10 00:27:44.995] [GetTemp--2147478764]:i2c write failed
[2026-05-10 00:27:44.996] 2504,76,97,0.0
[2026-05-10 00:27:45.224] HR=83 SpO2=97 (raw:83/99 valid:1/1 sqi:1)
[2026-05-10 00:27:45.304] [GetTemp--2147478764]:i2c write failed
[2026-05-10 00:27:45.304] 2505,73,97,0.0
[2026-05-10 00:27:45.399] [GetTemp--2147478764]:i2c write failed
[2026-05-10 00:27:45.400] 2506,73,97,0.0
[2026-05-10 00:27:45.510] [GetTemp--2147478764]:i2c write failed
[2026-05-10 00:27:45.510] 2507,73,97,0.0
[2026-05-10 00:27:45.605] [GetTemp--2147478764]:i2c write failed
[2026-05-10 00:27:45.605] 2508,73,97,0.0
[2026-05-10 00:27:45.701] [GetTemp--2147478764]:i2c write failed
[2026-05-10 00:27:45.701] 2509,73,97,0.0
[2026-05-10 00:27:46.013] [GetTemp--2147478764]:i2c write failed
[2026-05-10 00:27:46.013] 2510,73,97,0.0
[2026-05-10 00:27:46.118] [GetTemp--2147478764]:i2c write failed
[2026-05-10 00:27:46.119] 2511,73,97,0.0
[2026-05-10 00:27:46.214] [GetTemp--2147478764]:i2c write failed
[2026-05-10 00:27:46.214] 2512,73,97,0.0
[2026-05-10 00:27:46.234] HR=83 SpO2=98 (raw:88/98 valid:1/1 sqi:1)
[2026-05-10 00:27:46.310] [GetTemp--2147478764]:i2c write failed
[2026-05-10 00:27:46.310] 2513,73,98,0.0
[2026-05-10 00:27:46.422] [GetTemp--2147478764]:i2c write failed
[2026-05-10 00:27:46.422] 2514,73,98,0.0
[2026-05-10 00:27:46.725] [GetTemp--2147478764]:i2c write failed
[2026-05-10 00:27:46.725] 2515,73,98,0.0
[2026-05-10 00:27:46.819] [GetTemp--2147478764]:i2c write failed
[2026-05-10 00:27:46.820] 2516,73,98,0.0
[2026-05-10 00:27:46.929] [GetTemp--2147478764]:i2c write failed
[2026-05-10 00:27:46.929] 2517,73,98,0.0
[2026-05-10 00:27:47.023] [GetTemp--2147478764]:i2c write failed
[2026-05-10 00:27:47.025] 2518,73,98,0.0
[2026-05-10 00:27:47.127] [GetTemp--2147478764]:i2c write failed
[2026-05-10 00:27:47.127] 2519,73,98,0.0
[2026-05-10 00:27:47.350] HR=86 SpO2=98 (raw:122/98 valid:1/1 sqi:1)
[2026-05-10 00:27:47.430] [GetTemp--2147478764]:i2c write failed
[2026-05-10 00:27:47.430] 2520,76,98,0.0
[2026-05-10 00:27:47.541] [GetTemp--2147478764]:i2c write failed
[2026-05-10 00:27:47.541] 2521,76,98,0.0
[2026-05-10 00:27:47.636] [GetTemp--2147478764]:i2c write failed
[2026-05-10 00:27:47.636] 2522,76,98,0.0
[2026-05-10 00:27:47.732] [GetTemp--2147478764]:i2c write failed
[2026-05-10 00:27:47.732] 2523,76,98,0.0
[2026-05-10 00:27:47.841] [GetTemp--2147478764]:i2c write failed
[2026-05-10 00:27:47.842] 2524,76,98,0.0
[2026-05-10 00:27:48.137] [GetTemp--2147478764]:i2c write failed
[2026-05-10 00:27:48.139] 2525,76,98,0.0
[2026-05-10 00:27:48.249] [GetTemp--2147478764]:i2c write failed
[2026-05-10 00:27:48.251] 2526,76,98,0.0
[2026-05-10 00:27:48.345] [GetTemp--2147478764]:i2c write failed
[2026-05-10 00:27:48.345] 2527,76,98,0.0
[2026-05-10 00:27:48.360] HR=88 SpO2=98 (raw:107/97 valid:1/1 sqi:1)
[2026-05-10 00:27:48.440] [GetTemp--2147478764]:i2c write failed
[2026-05-10 00:27:48.440] 2528,78,98,0.0
[2026-05-10 00:27:48.551] [GetTemp--2147478764]:i2c write failed
[2026-05-10 00:27:48.551] 2529,78,98,0.0
[2026-05-10 00:27:48.852] [GetTemp--2147478764]:i2c write failed
[2026-05-10 00:27:48.853] 2530,78,98,0.0
[2026-05-10 00:27:48.961] [GetTemp--2147478764]:i2c write failed
[2026-05-10 00:27:48.963] 2531,78,98,0.0
[2026-05-10 00:27:49.060] [GetTemp--2147478764]:i2c write failed
[2026-05-10 00:27:49.060] 2532,78,98,0.0
[2026-05-10 00:27:49.156] [GetTemp--2147478764]:i2c write failed
[2026-05-10 00:27:49.156] 2533,78,98,0.0
[2026-05-10 00:27:49.251] [GetTemp--2147478764]:i2c write failed
[2026-05-10 00:27:49.251] 2534,78,98,0.0
[2026-05-10 00:27:49.570] [GetTemp--2147478764]:i2c write failed
[2026-05-10 00:27:49.570] 2535,78,98,0.0
[2026-05-10 00:27:49.634] HR=98 SpO2=98 (raw:107/97 valid:1/1 sqi:1)
[2026-05-10 00:27:49.656] [GetTemp--2147478764]:i2c write failed
[2026-05-10 00:27:49.660] 2536,88,98,0.0
[2026-05-10 00:27:49.759] [GetTemp--2147478764]:i2c write failed
[2026-05-10 00:27:49.761] 2537,88,98,0.0
[2026-05-10 00:27:49.868] [GetTemp--2147478764]:i2c write failed
[2026-05-10 00:27:49.868] 2538,88,98,0.0
[2026-05-10 00:27:49.963] [GetTemp--2147478764]:i2c write failed
[2026-05-10 00:27:49.964] 2539,88,98,0.0
[2026-05-10 00:27:50.271] [GetTemp--2147478764]:i2c write failed
[2026-05-10 00:27:50.271] 2540,88,98,0.0
[2026-05-10 00:27:50.383] [GetTemp--2147478764]:i2c write failed
[2026-05-10 00:27:50.383] 2541,88,98,0.0
[2026-05-10 00:27:50.478] [GetTemp--2147478764]:i2c write failed
[2026-05-10 00:27:50.478] 2542,88,98,0.0
[2026-05-10 00:27:50.574] [GetTemp--2147478764]:i2c write failed
[2026-05-10 00:27:50.576] 2543,88,98,0.0
[2026-05-10 00:27:50.670] HR=98 SpO2=98 (raw:85/98 valid:1/1 sqi:1)
[2026-05-10 00:27:50.670] [GetTemp--2147478764]:i2c write failed
[2026-05-10 00:27:50.670] 2544,88,98,0.0
[2026-05-10 00:27:50.983] [GetTemp--2147478764]:i2c write failed
[2026-05-10 00:27:50.984] 2545,88,98,0.0
[2026-05-10 00:27:51.086] [GetTemp--2147478764]:i2c write failed
[2026-05-10 00:27:51.086] 2546,88,98,0.0
[2026-05-10 00:27:51.181] [GetTemp--2147478764]:i2c write failed
[2026-05-10 00:27:51.181] 2547,88,98,0.0
[2026-05-10 00:27:51.292] [GetTemp--2147478764]:i2c write failed
[2026-05-10 00:27:51.292] 2548,88,98,0.0
[2026-05-10 00:27:51.388] [GetTemp--2147478764]:i2c write failed
[2026-05-10 00:27:51.388] 2549,88,98,0.0
[2026-05-10 00:27:51.691] [GetTemp--2147478764]:i2c write failed
[2026-05-10 00:27:51.691] 2550,88,98,0.0
[2026-05-10 00:27:51.770] HR=98 SpO2=98 (raw:88/98 valid:1/1 sqi:1)
[2026-05-10 00:27:51.788] [GetTemp--2147478764]:i2c write failed
[2026-05-10 00:27:51.790] 2551,88,98,0.0
[2026-05-10 00:27:51.893] [GetTemp--2147478764]:i2c write failed
[2026-05-10 00:27:51.894] 2552,88,98,0.0
[2026-05-10 00:27:52.003] [GetTemp--2147478764]:i2c write failed
[2026-05-10 00:27:52.003] 2553,88,98,0.0
[2026-05-10 00:27:52.091] [GetTemp--2147478764]:i2c write failed
[2026-05-10 00:27:52.091] 2554,88,98,0.0
[2026-05-10 00:27:52.411] [GetTemp--2147478764]:i2c write failed
[2026-05-10 00:27:52.411] 2555,88,98,0.0
[2026-05-10 00:27:52.507] [GetTemp--2147478764]:i2c write failed
[2026-05-10 00:27:52.507] 2556,88,98,0.0
[2026-05-10 00:27:52.602] [GetTemp--2147478764]:i2c write failed
[2026-05-10 00:27:52.602] 2557,88,98,0.0
[2026-05-10 00:27:52.698] [GetTemp--2147478764]:i2c write failed
[2026-05-10 00:27:52.700] 2558,88,98,0.0
[2026-05-10 00:27:52.792] HR=88 SpO2=98 (raw:86/98 valid:1/1 sqi:1)
[2026-05-10 00:27:52.808] [GetTemp--2147478764]:i2c write failed
[2026-05-10 00:27:52.809] 2559,78,98,0.0
[2026-05-10 00:27:53.114] [GetTemp--2147478764]:i2c write failed
[2026-05-10 00:27:53.114] 2560,78,98,0.0
[2026-05-10 00:27:53.210] [GetTemp--2147478764]:i2c write failed
[2026-05-10 00:27:53.211] 2561,78,98,0.0
[2026-05-10 00:27:53.322] [GetTemp--2147478764]:i2c write failed
[2026-05-10 00:27:53.322] 2562,78,98,0.0
[2026-05-10 00:27:53.417] [GetTemp--2147478764]:i2c write failed
[2026-05-10 00:27:53.419] 2563,78,98,0.0
[2026-05-10 00:27:53.513] [GetTemp--2147478764]:i2c write failed
[2026-05-10 00:27:53.513] 2564,78,98,0.0
[2026-05-10 00:27:53.831] [GetTemp--2147478764]:i2c write failed
[2026-05-10 00:27:53.831] 2565,78,98,0.0
[2026-05-10 00:27:53.924] [GetTemp--2147478764]:i2c write failed
[2026-05-10 00:27:53.924] 2566,78,98,0.0
[2026-05-10 00:27:54.023] [GetTemp--2147478764]:i2c write failed
[2026-05-10 00:27:54.023] 2567,78,98,0.0
[2026-05-10 00:27:54.045] HR=86 SpO2=98 (raw:81/98 valid:1/1 sqi:1)
[2026-05-10 00:27:54.122] [GetTemp--2147478764]:i2c write failed
[2026-05-10 00:27:54.123] 2568,76,98,0.0
[2026-05-10 00:27:54.218] [GetTemp--2147478764]:i2c write failed
[2026-05-10 00:27:54.218] 2569,76,98,0.0
[2026-05-10 00:27:54.537] [GetTemp--2147478764]:i2c write failed
[2026-05-10 00:27:54.537] 2570,76,98,0.0
[2026-05-10 00:27:54.632] [GetTemp--2147478764]:i2c write failed
[2026-05-10 00:27:54.632] 2571,76,98,0.0
[2026-05-10 00:27:54.742] [GetTemp--2147478764]:i2c write failed
[2026-05-10 00:27:54.742] 2572,76,98,0.0
[2026-05-10 00:27:54.835] [GetTemp--2147478764]:i2c write failed
[2026-05-10 00:27:54.835] 2573,76,98,0.0
[2026-05-10 00:27:54.929] [GetTemp--2147478764]:i2c write failed
[2026-05-10 00:27:54.930] 2574,76,98,0.0
[2026-05-10 00:27:55.158] HR=85 SpO2=98 (raw:76/97 valid:1/1 sqi:1)
[2026-05-10 00:27:55.238] [GetTemp--2147478764]:i2c write failed
[2026-05-10 00:27:55.254] 2575,75,98,0.0
[2026-05-10 00:27:55.349] [GetTemp--2147478764]:i2c write failed
[2026-05-10 00:27:55.349] 2576,75,98,0.0
[2026-05-10 00:27:55.445] [GetTemp--2147478764]:i2c write failed
[2026-05-10 00:27:55.445] 2577,75,98,0.0
[2026-05-10 00:27:55.541] [GetTemp--2147478764]:i2c write failed
[2026-05-10 00:27:55.541] 2578,75,98,0.0
[2026-05-10 00:27:55.653] [GetTemp--2147478764]:i2c write failed
[2026-05-10 00:27:55.653] 2579,75,98,0.0
[2026-05-10 00:27:55.950] [GetTemp--2147478764]:i2c write failed
[2026-05-10 00:27:55.952] 2580,75,98,0.0
[2026-05-10 00:27:56.053] [GetTemp--2147478764]:i2c write failed
[2026-05-10 00:27:56.053] 2581,75,98,0.0
[2026-05-10 00:27:56.149] [GetTemp--2147478764]:i2c write failed
[2026-05-10 00:27:56.152] 2582,75,98,0.0
[2026-05-10 00:27:56.165] HR=86 SpO2=98 (raw:86/97 valid:1/1 sqi:1)
[2026-05-10 00:27:56.261] [GetTemp--2147478764]:i2c write failed
[2026-05-10 00:27:56.261] 2583,76,98,0.0
[2026-05-10 00:27:56.356] [GetTemp--2147478764]:i2c write failed
[2026-05-10 00:27:56.356] 2584,76,98,0.0
[2026-05-10 00:27:56.659] [GetTemp--2147478764]:i2c write failed
[2026-05-10 00:27:56.661] 2585,76,98,0.0
[2026-05-10 00:27:56.768] [GetTemp--2147478764]:i2c write failed
[2026-05-10 00:27:56.768] 2586,76,98,0.0
[2026-05-10 00:27:56.862] [GetTemp--2147478764]:i2c write failed
[2026-05-10 00:27:56.862] 2587,76,98,0.0
[2026-05-10 00:27:56.957] [GetTemp--2147478764]:i2c write failed
[2026-05-10 00:27:56.961] 2588,76,98,0.0
[2026-05-10 00:27:57.059] [GetTemp--2147478764]:i2c write failed
[2026-05-10 00:27:57.059] 2589,76,98,0.0
[2026-05-10 00:27:57.299] HR=86 SpO2=97 (raw:86/97 valid:1/1 sqi:1)
[2026-05-10 00:27:57.378] [GetTemp--2147478764]:i2c write failed
[2026-05-10 00:27:57.378] 2590,76,97,0.0
[2026-05-10 00:27:57.473] [GetTemp--2147478764]:i2c write failed
[2026-05-10 00:27:57.473] 2591,76,97,0.0
[2026-05-10 00:27:57.568] [GetTemp--2147478764]:i2c write failed
[2026-05-10 00:27:57.568] 2592,76,97,0.0
[2026-05-10 00:27:57.679] [GetTemp--2147478764]:i2c write failed
[2026-05-10 00:27:57.680] 2593,76,97,0.0
[2026-05-10 00:27:57.773] [GetTemp--2147478764]:i2c write failed
[2026-05-10 00:27:57.773] 2594,76,97,0.0
[2026-05-10 00:27:58.080] [GetTemp--2147478764]:i2c write failed
[2026-05-10 00:27:58.080] 2595,76,97,0.0
[2026-05-10 00:27:58.191] [GetTemp--2147478764]:i2c write failed
[2026-05-10 00:27:58.191] 2596,76,97,0.0
[2026-05-10 00:27:58.287] [GetTemp--2147478764]:i2c write failed
[2026-05-10 00:27:58.287] 2597,76,97,0.0
[2026-05-10 00:27:58.383] [GetTemp--2147478764]:i2c write failed
[2026-05-10 00:27:58.383] 2598,76,97,0.0
[2026-05-10 00:27:58.479] HR=86 SpO2=97 (raw:89/98 valid:1/1 sqi:1)
[2026-05-10 00:27:58.479] [GetTemp--2147478764]:i2c write failed
[2026-05-10 00:27:58.481] 2599,76,97,0.0
[2026-05-10 00:27:58.795] [GetTemp--2147478764]:i2c write failed
[2026-05-10 00:27:58.795] 2600,76,97,0.0
[2026-05-10 00:27:58.889] [GetTemp--2147478764]:i2c write failed
[2026-05-10 00:27:58.890] 2601,76,97,0.0
[2026-05-10 00:27:59.006] [GetTemp--2147478764]:i2c write failed
[2026-05-10 00:27:59.006] 2602,76,97,0.0
[2026-05-10 00:27:59.102] [GetTemp--2147478764]:i2c write failed
[2026-05-10 00:27:59.102] 2603,76,97,0.0
[2026-05-10 00:27:59.198] [GetTemp--2147478764]:i2c write failed
[2026-05-10 00:27:59.198] 2604,76,97,0.0
[2026-05-10 00:27:59.501] [GetTemp--2147478764]:i2c write failed
[2026-05-10 00:27:59.501] 2605,76,97,0.0
[2026-05-10 00:27:59.565] HR=86 SpO2=97 (raw:82/98 valid:1/1 sqi:1)
[2026-05-10 00:27:59.613] [GetTemp--2147478764]:i2c write failed
[2026-05-10 00:27:59.613] 2606,76,97,0.0
[2026-05-10 00:27:59.709] [GetTemp--2147478764]:i2c write failed
[2026-05-10 00:27:59.709] 2607,76,97,0.0
[2026-05-10 00:27:59.801] [GetTemp--2147478764]:i2c write failed
[2026-05-10 00:27:59.801] 2608,76,97,0.0
[2026-05-10 00:27:59.910] [GetTemp--2147478764]:i2c write failed
[2026-05-10 00:27:59.911] 2609,76,97,0.0
[2026-05-10 00:28:00.221] [GetTemp--2147478764]:i2c write failed
[2026-05-10 00:28:00.221] 2610,76,97,0.0
[2026-05-10 00:28:00.316] [GetTemp--2147478764]:i2c write failed
[2026-05-10 00:28:00.316] 2611,76,97,0.0
[2026-05-10 00:28:00.412] [GetTemp--2147478764]:i2c write failed
[2026-05-10 00:28:00.412] 2612,76,97,0.0
[2026-05-10 00:28:00.508] [GetTemp--2147478764]:i2c write failed
[2026-05-10 00:28:00.508] 2613,76,97,0.0
[2026-05-10 00:28:00.603] HR=86 SpO2=97 (raw:81/97 valid:1/1 sqi:1)
[2026-05-10 00:28:00.603] [GetTemp--2147478764]:i2c write failed
[2026-05-10 00:28:00.603] 2614,76,97,0.0
[2026-05-10 00:28:00.932] [GetTemp--2147478764]:i2c write failed
[2026-05-10 00:28:00.933] 2615,76,97,0.0
[2026-05-10 00:28:01.029] [GetTemp--2147478764]:i2c write failed
[2026-05-10 00:28:01.031] 2616,76,97,0.0
[2026-05-10 00:28:01.125] [GetTemp--2147478764]:i2c write failed
[2026-05-10 00:28:01.125] 2617,76,97,0.0
[2026-05-10 00:28:01.220] [GetTemp--2147478764]:i2c write failed
[2026-05-10 00:28:01.222] 2618,76,97,0.0
[2026-05-10 00:28:01.332] [GetTemp--2147478764]:i2c write failed
[2026-05-10 00:28:01.332] 2619,76,97,0.0
[2026-05-10 00:28:01.635] [GetTemp--2147478764]:i2c write failed
[2026-05-10 00:28:01.636] 2620,76,97,0.0
[2026-05-10 00:28:01.699] HR=82 SpO2=97 (raw:82/97 valid:1/1 sqi:1)
[2026-05-10 00:28:01.731] [GetTemp--2147478764]:i2c write failed
[2026-05-10 00:28:01.731] 2621,72,97,0.0
[2026-05-10 00:28:01.843] [GetTemp--2147478764]:i2c write failed
[2026-05-10 00:28:01.843] 2622,72,97,0.0
[2026-05-10 00:28:01.936] [GetTemp--2147478764]:i2c write failed
[2026-05-10 00:28:01.937] 2623,72,97,0.0
[2026-05-10 00:28:02.036] [GetTemp--2147478764]:i2c write failed
[2026-05-10 00:28:02.036] 2624,72,97,0.0
[2026-05-10 00:28:02.339] [GetTemp--2147478764]:i2c write failed
[2026-05-10 00:28:02.340] 2625,72,97,0.0
[2026-05-10 00:28:02.450] [GetTemp--2147478764]:i2c write failed
[2026-05-10 00:28:02.450] 2626,72,97,0.0
[2026-05-10 00:28:02.546] [GetTemp--2147478764]:i2c write failed
[2026-05-10 00:28:02.548] 2627,72,97,0.0
[2026-05-10 00:28:02.640] [GetTemp--2147478764]:i2c write failed
[2026-05-10 00:28:02.640] 2628,72,97,0.0
[2026-05-10 00:28:02.750] [GetTemp--2147478764]:i2c write failed
[2026-05-10 00:28:02.751] 2629,72,97,0.0
[2026-05-10 00:28:02.968] HR=82 SpO2=98 (raw:83/98 valid:1/1 sqi:1)
[2026-05-10 00:28:03.057] [GetTemp--2147478764]:i2c write failed
[2026-05-10 00:28:03.057] 2630,72,98,0.0
[2026-05-10 00:28:03.153] [GetTemp--2147478764]:i2c write failed
[2026-05-10 00:28:03.153] 2631,72,98,0.0
[2026-05-10 00:28:03.247] [GetTemp--2147478764]:i2c write failed
[2026-05-10 00:28:03.264] 2632,72,98,0.0
[2026-05-10 00:28:03.360] [GetTemp--2147478764]:i2c write failed
[2026-05-10 00:28:03.360] 2633,72,98,0.0
[2026-05-10 00:28:03.455] [GetTemp--2147478764]:i2c write failed
[2026-05-10 00:28:03.455] 2634,72,98,0.0
[2026-05-10 00:28:03.772] [GetTemp--2147478764]:i2c write failed
[2026-05-10 00:28:03.772] 2635,72,98,0.0
[2026-05-10 00:28:03.864] [GetTemp--2147478764]:i2c write failed
[2026-05-10 00:28:03.865] 2636,72,98,0.0
[2026-05-10 00:28:03.958] [GetTemp--2147478764]:i2c write failed
[2026-05-10 00:28:03.960] 2637,72,98,0.0
[2026-05-10 00:28:03.965] HR=82 SpO2=98 (raw:83/98 valid:1/1 sqi:1)
[2026-05-10 00:28:04.060] [GetTemp--2147478764]:i2c write failed
[2026-05-10 00:28:04.060] 2638,72,98,0.0
[2026-05-10 00:28:04.172] [GetTemp--2147478764]:i2c write failed
[2026-05-10 00:28:04.172] 2639,72,98,0.0
[2026-05-10 00:28:04.474] [GetTemp--2147478764]:i2c write failed
[2026-05-10 00:28:04.474] 2640,72,98,0.0
[2026-05-10 00:28:04.570] [GetTemp--2147478764]:i2c write failed
[2026-05-10 00:28:04.570] 2641,72,98,0.0
[2026-05-10 00:28:04.681] [GetTemp--2147478764]:i2c write failed
[2026-05-10 00:28:04.682] 2642,72,98,0.0
[2026-05-10 00:28:04.773] [GetTemp--2147478764]:i2c write failed
[2026-05-10 00:28:04.773] 2643,72,98,0.0
[2026-05-10 00:28:04.868] [GetTemp--2147478764]:i2c write failed
[2026-05-10 00:28:04.870] 2644,72,98,0.0
[2026-05-10 00:28:05.100] HR=82 SpO2=98 (raw:82/98 valid:1/1 sqi:1)
[2026-05-10 00:28:05.180] [GetTemp--2147478764]:i2c write failed
[2026-05-10 00:28:05.180] 2645,72,98,0.0
[2026-05-10 00:28:05.292] [GetTemp--2147478764]:i2c write failed
[2026-05-10 00:28:05.292] 2646,72,98,0.0
[2026-05-10 00:28:05.387] [GetTemp--2147478764]:i2c write failed
[2026-05-10 00:28:05.387] 2647,72,98,0.0
[2026-05-10 00:28:05.482] [GetTemp--2147478764]:i2c write failed
[2026-05-10 00:28:05.482] 2648,72,98,0.0
[2026-05-10 00:28:05.578] [GetTemp--2147478764]:i2c write failed
[2026-05-10 00:28:05.578] 2649,72,98,0.0
[2026-05-10 00:28:05.893] [GetTemp--2147478764]:i2c write failed
[2026-05-10 00:28:05.893] 2650,72,98,0.0
[2026-05-10 00:28:06.002] [GetTemp--2147478764]:i2c write failed
[2026-05-10 00:28:06.003] 2651,72,98,0.0
[2026-05-10 00:28:06.090] [GetTemp--2147478764]:i2c write failed
[2026-05-10 00:28:06.092] 2652,72,98,0.0
[2026-05-10 00:28:06.105] HR=82 SpO2=98 (raw:81/97 valid:1/1 sqi:1)
[2026-05-10 00:28:06.201] [GetTemp--2147478764]:i2c write failed
[2026-05-10 00:28:06.201] 2653,72,98,0.0
[2026-05-10 00:28:06.297] [GetTemp--2147478764]:i2c write failed
[2026-05-10 00:28:06.297] 2654,72,98,0.0
[2026-05-10 00:28:06.598] [GetTemp--2147478764]:i2c write failed
[2026-05-10 00:28:06.600] 2655,72,98,0.0
[2026-05-10 00:28:06.708] [GetTemp--2147478764]:i2c write failed
[2026-05-10 00:28:06.709] 2656,72,98,0.0
[2026-05-10 00:28:06.803] [GetTemp--2147478764]:i2c write failed
[2026-05-10 00:28:06.804] 2657,72,98,0.0
[2026-05-10 00:28:06.912] [GetTemp--2147478764]:i2c write failed
[2026-05-10 00:28:06.914] 2658,72,98,0.0
[2026-05-10 00:28:06.998] [GetTemp--2147478764]:i2c write failed
[2026-05-10 00:28:07.014] 2659,72,98,0.0
[2026-05-10 00:28:07.317] [GetTemp--2147478764]:i2c write failed
[2026-05-10 00:28:07.317] 2660,72,98,0.0
[2026-05-10 00:28:07.381] HR=82 SpO2=98 (raw:82/98 valid:1/1 sqi:1)
[2026-05-10 00:28:07.397] [GetTemp--2147478764]:i2c write failed
[2026-05-10 00:28:07.397] 2661,72,98,0.0
[2026-05-10 00:28:07.509] [GetTemp--2147478764]:i2c write failed
[2026-05-10 00:28:07.509] 2662,72,98,0.0
[2026-05-10 00:28:07.620] [GetTemp--2147478764]:i2c write failed
[2026-05-10 00:28:07.620] 2663,72,98,0.0
[2026-05-10 00:28:07.714] [GetTemp--2147478764]:i2c write failed
[2026-05-10 00:28:07.714] 2664,72,98,0.0
[2026-05-10 00:28:08.022] [GetTemp--2147478764]:i2c write failed
[2026-05-10 00:28:08.022] 2665,72,98,0.0
[2026-05-10 00:28:08.118] [GetTemp--2147478764]:i2c write failed
[2026-05-10 00:28:08.118] 2666,72,98,0.0
[2026-05-10 00:28:08.230] [GetTemp--2147478764]:i2c write failed
[2026-05-10 00:28:08.230] 2667,72,98,0.0
[2026-05-10 00:28:08.325] [GetTemp--2147478764]:i2c write failed
[2026-05-10 00:28:08.325] 2668,72,98,0.0
[2026-05-10 00:28:08.406] HR=82 SpO2=98 (raw:83/97 valid:1/1 sqi:1)
[2026-05-10 00:28:08.407] [GetTemp--2147478764]:i2c write failed
[2026-05-10 00:28:08.407] 2669,72,98,0.0
[2026-05-10 00:28:08.740] [GetTemp--2147478764]:i2c write failed
[2026-05-10 00:28:08.740] 2670,72,98,0.0
[2026-05-10 00:28:08.833] [GetTemp--2147478764]:i2c write failed
[2026-05-10 00:28:08.835] 2671,72,98,0.0
[2026-05-10 00:28:08.928] [GetTemp--2147478764]:i2c write failed
[2026-05-10 00:28:08.930] 2672,72,98,0.0
[2026-05-10 00:28:09.030] [GetTemp--2147478764]:i2c write failed
[2026-05-10 00:28:09.030] 2673,72,98,0.0
[2026-05-10 00:28:09.140] [GetTemp--2147478764]:i2c write failed
[2026-05-10 00:28:09.140] 2674,72,98,0.0
[2026-05-10 00:28:09.442] [GetTemp--2147478764]:i2c write failed
[2026-05-10 00:28:09.442] 2675,72,98,0.0
[2026-05-10 00:28:09.522] HR=82 SpO2=97 (raw:83/97 valid:1/1 sqi:1)
[2026-05-10 00:28:09.538] [GetTemp--2147478764]:i2c write failed
[2026-05-10 00:28:09.538] 2676,72,97,0.0
[2026-05-10 00:28:09.649] [GetTemp--2147478764]:i2c write failed
[2026-05-10 00:28:09.649] 2677,72,97,0.0
[2026-05-10 00:28:09.744] [GetTemp--2147478764]:i2c write failed
[2026-05-10 00:28:09.744] 2678,72,97,0.0
[2026-05-10 00:28:09.853] [GetTemp--2147478764]:i2c write failed
[2026-05-10 00:28:09.853] 2679,72,97,0.0
[2026-05-10 00:28:10.160] [GetTemp--2147478764]:i2c write failed
[2026-05-10 00:28:10.160] 2680,72,97,0.0
[2026-05-10 00:28:10.255] [GetTemp--2147478764]:i2c write failed
[2026-05-10 00:28:10.255] 2681,72,97,0.0
[2026-05-10 00:28:10.351] [GetTemp--2147478764]:i2c write failed
[2026-05-10 00:28:10.351] 2682,72,97,0.0
[2026-05-10 00:28:10.447] [GetTemp--2147478764]:i2c write failed
[2026-05-10 00:28:10.447] 2683,72,97,0.0
[2026-05-10 00:28:10.543] HR=83 SpO2=97 (raw:83/98 valid:1/1 sqi:1)
[2026-05-10 00:28:10.559] [GetTemp--2147478764]:i2c write failed
[2026-05-10 00:28:10.559] 2684,73,97,0.0
[2026-05-10 00:28:10.858] [GetTemp--2147478764]:i2c write failed
[2026-05-10 00:28:10.860] 2685,73,97,0.0
[2026-05-10 00:28:10.967] [GetTemp--2147478764]:i2c write failed
[2026-05-10 00:28:10.968] 2686,73,97,0.0
[2026-05-10 00:28:11.070] [GetTemp--2147478764]:i2c write failed
[2026-05-10 00:28:11.071] 2687,73,97,0.0
[2026-05-10 00:28:11.166] [GetTemp--2147478764]:i2c write failed
[2026-05-10 00:28:11.167] 2688,73,97,0.0
[2026-05-10 00:28:11.261] [GetTemp--2147478764]:i2c write failed
[2026-05-10 00:28:11.261] 2689,73,97,0.0
[2026-05-10 00:28:11.580] [GetTemp--2147478764]:i2c write failed
[2026-05-10 00:28:11.580] 2690,73,97,0.0
[2026-05-10 00:28:11.675] [GetTemp--2147478764]:i2c write failed
[2026-05-10 00:28:11.675] 2691,73,97,0.0
[2026-05-10 00:28:11.770] [GetTemp--2147478764]:i2c write failed
[2026-05-10 00:28:11.771] 2692,73,97,0.0
[2026-05-10 00:28:11.798] HR=83 SpO2=98 (raw:82/98 valid:1/1 sqi:1)
[2026-05-10 00:28:11.882] [GetTemp--2147478764]:i2c write failed
[2026-05-10 00:28:11.882] 2693,73,98,0.0
[2026-05-10 00:28:11.976] [GetTemp--2147478764]:i2c write failed
[2026-05-10 00:28:11.977] 2694,73,98,0.0
[2026-05-10 00:28:12.281] [GetTemp--2147478764]:i2c write failed
[2026-05-10 00:28:12.281] 2695,73,98,0.0
[2026-05-10 00:28:12.393] [GetTemp--2147478764]:i2c write failed
[2026-05-10 00:28:12.393] 2696,73,98,0.0
[2026-05-10 00:28:12.489] [GetTemp--2147478764]:i2c write failed
[2026-05-10 00:28:12.489] 2697,73,98,0.0
[2026-05-10 00:28:12.584] [GetTemp--2147478764]:i2c write failed
[2026-05-10 00:28:12.584] 2698,73,98,0.0
[2026-05-10 00:28:12.679] [GetTemp--2147478764]:i2c write failed
[2026-05-10 00:28:12.680] 2699,73,98,0.0
[2026-05-10 00:28:12.914] HR=83 SpO2=97 (raw:80/97 valid:1/1 sqi:1)
[2026-05-10 00:28:13.000] [GetTemp--2147478764]:i2c write failed
[2026-05-10 00:28:13.000] 2700,73,97,0.0
[2026-05-10 00:28:13.096] [GetTemp--2147478764]:i2c write failed
[2026-05-10 00:28:13.098] 2701,73,97,0.0
[2026-05-10 00:28:13.192] [GetTemp--2147478764]:i2c write failed
[2026-05-10 00:28:13.192] 2702,73,97,0.0
[2026-05-10 00:28:13.288] [GetTemp--2147478764]:i2c write failed
[2026-05-10 00:28:13.288] 2703,73,97,0.0
[2026-05-10 00:28:13.398] [GetTemp--2147478764]:i2c write failed
[2026-05-10 00:28:13.398] 2704,73,97,0.0
[2026-05-10 00:28:13.701] [GetTemp--2147478764]:i2c write failed
[2026-05-10 00:28:13.702] 2705,73,97,0.0
[2026-05-10 00:28:13.809] [GetTemp--2147478764]:i2c write failed
[2026-05-10 00:28:13.809] 2706,73,97,0.0
[2026-05-10 00:28:13.904] [GetTemp--2147478764]:i2c write failed
[2026-05-10 00:28:13.905] 2707,73,97,0.0
[2026-05-10 00:28:13.921] HR=82 SpO2=97 (raw:78/97 valid:1/1 sqi:1)
[2026-05-10 00:28:14.001] [GetTemp--2147478764]:i2c write failed
[2026-05-10 00:28:14.001] 2708,72,97,0.0
[2026-05-10 00:28:14.112] [GetTemp--2147478764]:i2c write failed
[2026-05-10 00:28:14.112] 2709,72,97,0.0
[2026-05-10 00:28:14.415] [GetTemp--2147478764]:i2c write failed
[2026-05-10 00:28:14.415] 2710,72,97,0.0
[2026-05-10 00:28:14.510] [GetTemp--2147478764]:i2c write failed
[2026-05-10 00:28:14.510] 2711,72,97,0.0
[2026-05-10 00:28:14.622] [GetTemp--2147478764]:i2c write failed
[2026-05-10 00:28:14.623] 2712,72,97,0.0
[2026-05-10 00:28:14.716] [GetTemp--2147478764]:i2c write failed
[2026-05-10 00:28:14.717] 2713,72,97,0.0
[2026-05-10 00:28:14.810] [GetTemp--2147478764]:i2c write failed
[2026-05-10 00:28:14.810] 2714,72,97,0.0
[2026-05-10 00:28:15.038] HR=80 SpO2=97 (raw:80/97 valid:1/1 sqi:1)
[2026-05-10 00:28:15.118] [GetTemp--2147478764]:i2c write failed
[2026-05-10 00:28:15.118] 2715,70,97,0.0
[2026-05-10 00:28:15.229] [GetTemp--2147478764]:i2c write failed
[2026-05-10 00:28:15.231] 2716,70,97,0.0
[2026-05-10 00:28:15.325] [GetTemp--2147478764]:i2c write failed
[2026-05-10 00:28:15.327] 2717,70,97,0.0
[2026-05-10 00:28:15.421] [GetTemp--2147478764]:i2c write failed
[2026-05-10 00:28:15.421] 2718,70,97,0.0
[2026-05-10 00:28:15.532] [GetTemp--2147478764]:i2c write failed
[2026-05-10 00:28:15.532] 2719,70,97,0.0
[2026-05-10 00:28:15.831] [GetTemp--2147478764]:i2c write failed
[2026-05-10 00:28:15.831] 2720,70,97,0.0
[2026-05-10 00:28:15.940] [GetTemp--2147478764]:i2c write failed
[2026-05-10 00:28:15.940] 2721,70,97,0.0
[2026-05-10 00:28:16.028] [GetTemp--2147478764]:i2c write failed
[2026-05-10 00:28:16.028] 2722,70,97,0.0
[2026-05-10 00:28:16.139] [GetTemp--2147478764]:i2c write failed
[2026-05-10 00:28:16.140] 2723,70,97,0.0
[2026-05-10 00:28:16.220] HR=80 SpO2=97 (raw:80/98 valid:1/1 sqi:1)
[2026-05-10 00:28:16.236] [GetTemp--2147478764]:i2c write failed
[2026-05-10 00:28:16.236] 2724,70,97,0.0
[2026-05-10 00:28:16.554] [GetTemp--2147478764]:i2c write failed
[2026-05-10 00:28:16.554] 2725,70,97,0.0
[2026-05-10 00:28:16.650] [GetTemp--2147478764]:i2c write failed
[2026-05-10 00:28:16.650] 2726,70,97,0.0
[2026-05-10 00:28:16.744] [GetTemp--2147478764]:i2c write failed
[2026-05-10 00:28:16.745] 2727,70,97,0.0
[2026-05-10 00:28:16.855] [GetTemp--2147478764]:i2c write failed
[2026-05-10 00:28:16.855] 2728,70,97,0.0
[2026-05-10 00:28:16.948] [GetTemp--2147478764]:i2c write failed
[2026-05-10 00:28:16.948] 2729,70,97,0.0
[2026-05-10 00:28:17.257] [GetTemp--2147478764]:i2c write failed
[2026-05-10 00:28:17.257] 2730,70,97,0.0
[2026-05-10 00:28:17.320] HR=80 SpO2=97 (raw:83/98 valid:1/1 sqi:1)
[2026-05-10 00:28:17.346] [GetTemp--2147478764]:i2c write failed
[2026-05-10 00:28:17.346] 2731,70,97,0.0
[2026-05-10 00:28:17.449] [GetTemp--2147478764]:i2c write failed
[2026-05-10 00:28:17.449] 2732,70,97,0.0
[2026-05-10 00:28:17.560] [GetTemp--2147478764]:i2c write failed
[2026-05-10 00:28:17.560] 2733,70,97,0.0
[2026-05-10 00:28:17.656] [GetTemp--2147478764]:i2c write failed
[2026-05-10 00:28:17.656] 2734,70,97,0.0
[2026-05-10 00:28:17.970] [GetTemp--2147478764]:i2c write failed
[2026-05-10 00:28:17.970] 2735,70,97,0.0
[2026-05-10 00:28:18.063] [GetTemp--2147478764]:i2c write failed
[2026-05-10 00:28:18.063] 2736,70,97,0.0
[2026-05-10 00:28:18.159] [GetTemp--2147478764]:i2c write failed
[2026-05-10 00:28:18.161] 2737,70,97,0.0
[2026-05-10 00:28:18.270] [GetTemp--2147478764]:i2c write failed
[2026-05-10 00:28:18.270] 2738,70,97,0.0
[2026-05-10 00:28:18.351] HR=80 SpO2=98 (raw:82/98 valid:1/1 sqi:1)
[2026-05-10 00:28:18.367] [GetTemp--2147478764]:i2c write failed
[2026-05-10 00:28:18.367] 2739,70,98,0.0
[2026-05-10 00:28:18.670] [GetTemp--2147478764]:i2c write failed
[2026-05-10 00:28:18.670] 2740,70,98,0.0
[2026-05-10 00:28:18.779] [GetTemp--2147478764]:i2c write failed
[2026-05-10 00:28:18.780] 2741,70,98,0.0
[2026-05-10 00:28:18.872] [GetTemp--2147478764]:i2c write failed
[2026-05-10 00:28:18.872] 2742,70,98,0.0
[2026-05-10 00:28:18.992] [GetTemp--2147478764]:i2c write failed
[2026-05-10 00:28:18.992] 2743,70,98,0.0
[2026-05-10 00:28:19.072] [GetTemp--2147478764]:i2c write failed
[2026-05-10 00:28:19.072] 2744,70,98,0.0
[2026-05-10 00:28:19.391] [GetTemp--2147478764]:i2c write failed
[2026-05-10 00:28:19.392] 2745,70,98,0.0
[2026-05-10 00:28:19.455] HR=82 SpO2=98 (raw:83/99 valid:1/1 sqi:1)
[2026-05-10 00:28:19.471] [GetTemp--2147478764]:i2c write failed
[2026-05-10 00:28:19.471] 2746,72,98,0.0
[2026-05-10 00:28:19.582] [GetTemp--2147478764]:i2c write failed
[2026-05-10 00:28:19.582] 2747,72,98,0.0
[2026-05-10 00:28:19.678] [GetTemp--2147478764]:i2c write failed
[2026-05-10 00:28:19.681] 2748,72,98,0.0
[2026-05-10 00:28:19.787] [GetTemp--2147478764]:i2c write failed
[2026-05-10 00:28:19.788] 2749,72,98,0.0
[2026-05-10 00:28:20.097] [GetTemp--2147478764]:i2c write failed
[2026-05-10 00:28:20.097] 2750,72,98,0.0
[2026-05-10 00:28:20.192] [GetTemp--2147478764]:i2c write failed
[2026-05-10 00:28:20.192] 2751,72,98,0.0
[2026-05-10 00:28:20.303] [GetTemp--2147478764]:i2c write failed
[2026-05-10 00:28:20.303] 2752,72,98,0.0
[2026-05-10 00:28:20.398] [GetTemp--2147478764]:i2c write failed
[2026-05-10 00:28:20.398] 2753,72,98,0.0
[2026-05-10 00:28:20.493] [GetTemp--2147478764]:i2c write failed
[2026-05-10 00:28:20.493] 2754,72,98,0.0
[2026-05-10 00:28:20.716] HR=83 SpO2=98 (raw:83/99 valid:1/1 sqi:1)
[2026-05-10 00:28:20.809] [GetTemp--2147478764]:i2c write failed
[2026-05-10 00:28:20.809] 2755,73,98,0.0
[2026-05-10 00:28:20.903] [GetTemp--2147478764]:i2c write failed
[2026-05-10 00:28:20.903] 2756,73,98,0.0
[2026-05-10 00:28:20.997] [GetTemp--2147478764]:i2c write failed
[2026-05-10 00:28:21.001] 2757,73,98,0.0
[2026-05-10 00:28:21.101] [GetTemp--2147478764]:i2c write failed
[2026-05-10 00:28:21.103] 2758,73,98,0.0
[2026-05-10 00:28:21.213] [GetTemp--2147478764]:i2c write failed
[2026-05-10 00:28:21.213] 2759,73,98,0.0
[2026-05-10 00:28:21.516] [GetTemp--2147478764]:i2c write failed
[2026-05-10 00:28:21.516] 2760,73,98,0.0
[2026-05-10 00:28:21.612] [GetTemp--2147478764]:i2c write failed
[2026-05-10 00:28:21.612] 2761,73,98,0.0
[2026-05-10 00:28:21.723] [GetTemp--2147478764]:i2c write failed
[2026-05-10 00:28:21.723] 2762,73,98,0.0
[2026-05-10 00:28:21.730] HR=83 SpO2=98 (raw:86/98 valid:1/1 sqi:1)
[2026-05-10 00:28:21.817] [GetTemp--2147478764]:i2c write failed
[2026-05-10 00:28:21.817] 2763,73,98,0.0
[2026-05-10 00:28:21.912] [GetTemp--2147478764]:i2c write failed
[2026-05-10 00:28:21.913] 2764,73,98,0.0
[2026-05-10 00:28:22.220] [GetTemp--2147478764]:i2c write failed
[2026-05-10 00:28:22.220] 2765,73,98,0.0
[2026-05-10 00:28:22.332] [GetTemp--2147478764]:i2c write failed
[2026-05-10 00:28:22.332] 2766,73,98,0.0
[2026-05-10 00:28:22.427] [GetTemp--2147478764]:i2c write failed
[2026-05-10 00:28:22.427] 2767,73,98,0.0
[2026-05-10 00:28:22.522] [GetTemp--2147478764]:i2c write failed
[2026-05-10 00:28:22.522] 2768,73,98,0.0
[2026-05-10 00:28:22.633] [GetTemp--2147478764]:i2c write failed
[2026-05-10 00:28:22.633] 2769,73,98,0.0
[2026-05-10 00:28:22.854] HR=83 SpO2=98 (raw:84/97 valid:1/1 sqi:1)
[2026-05-10 00:28:22.931] [GetTemp--2147478764]:i2c write failed
[2026-05-10 00:28:22.931] 2770,73,98,0.0
[2026-05-10 00:28:23.034] [GetTemp--2147478764]:i2c write failed
[2026-05-10 00:28:23.034] 2771,73,98,0.0
[2026-05-10 00:28:23.130] [GetTemp--2147478764]:i2c write failed
[2026-05-10 00:28:23.130] 2772,73,98,0.0
[2026-05-10 00:28:23.241] [GetTemp--2147478764]:i2c write failed
[2026-05-10 00:28:23.241] 2773,73,98,0.0
[2026-05-10 00:28:23.337] [GetTemp--2147478764]:i2c write failed
[2026-05-10 00:28:23.337] 2774,73,98,0.0
[2026-05-10 00:28:23.641] [GetTemp--2147478764]:i2c write failed
[2026-05-10 00:28:23.641] 2775,73,98,0.0
[2026-05-10 00:28:23.752] [GetTemp--2147478764]:i2c write failed
[2026-05-10 00:28:23.753] 2776,73,98,0.0
[2026-05-10 00:28:23.846] [GetTemp--2147478764]:i2c write failed
[2026-05-10 00:28:23.846] 2777,73,98,0.0
[2026-05-10 00:28:23.863] HR=84 SpO2=98 (raw:84/97 valid:1/1 sqi:1)
[2026-05-10 00:28:23.942] [GetTemp--2147478764]:i2c write failed
[2026-05-10 00:28:23.943] 2778,74,98,0.0
[2026-05-10 00:28:24.042] [GetTemp--2147478764]:i2c write failed
[2026-05-10 00:28:24.042] 2779,74,98,0.0
[2026-05-10 00:28:24.362] [GetTemp--2147478764]:i2c write failed
[2026-05-10 00:28:24.362] 2780,74,98,0.0
[2026-05-10 00:28:24.457] [GetTemp--2147478764]:i2c write failed
[2026-05-10 00:28:24.457] 2781,74,98,0.0
[2026-05-10 00:28:24.552] [GetTemp--2147478764]:i2c write failed
[2026-05-10 00:28:24.552] 2782,74,98,0.0
[2026-05-10 00:28:24.648] [GetTemp--2147478764]:i2c write failed
[2026-05-10 00:28:24.650] 2783,74,98,0.0
[2026-05-10 00:28:24.758] [GetTemp--2147478764]:i2c write failed
[2026-05-10 00:28:24.759] 2784,74,98,0.0
[2026-05-10 00:28:25.065] [GetTemp--2147478764]:i2c write failed
[2026-05-10 00:28:25.065] 2785,74,98,0.0
[2026-05-10 00:28:25.129] HR=84 SpO2=98 (raw:88/98 valid:1/1 sqi:1)
[2026-05-10 00:28:25.145] [GetTemp--2147478764]:i2c write failed
[2026-05-10 00:28:25.161] 2786,74,98,0.0
[2026-05-10 00:28:25.273] [GetTemp--2147478764]:i2c write failed
[2026-05-10 00:28:25.273] 2787,74,98,0.0
[2026-05-10 00:28:25.369] [GetTemp--2147478764]:i2c write failed
[2026-05-10 00:28:25.370] 2788,74,98,0.0
[2026-05-10 00:28:25.465] [GetTemp--2147478764]:i2c write failed
[2026-05-10 00:28:25.465] 2789,74,98,0.0
[2026-05-10 00:28:25.781] [GetTemp--2147478764]:i2c write failed
[2026-05-10 00:28:25.781] 2790,74,98,0.0
[2026-05-10 00:28:25.874] [GetTemp--2147478764]:i2c write failed
[2026-05-10 00:28:25.874] 2791,74,98,0.0
[2026-05-10 00:28:25.968] [GetTemp--2147478764]:i2c write failed
[2026-05-10 00:28:25.970] 2792,74,98,0.0
[2026-05-10 00:28:26.072] [GetTemp--2147478764]:i2c write failed
[2026-05-10 00:28:26.072] 2793,74,98,0.0
[2026-05-10 00:28:26.167] HR=86 SpO2=98 (raw:89/99 valid:1/1 sqi:1)
[2026-05-10 00:28:26.167] [GetTemp--2147478764]:i2c write failed
[2026-05-10 00:28:26.170] 2794,76,98,0.0
[2026-05-10 00:28:26.486] [GetTemp--2147478764]:i2c write failed
[2026-05-10 00:28:26.486] 2795,76,98,0.0
[2026-05-10 00:28:26.582] [GetTemp--2147478764]:i2c write failed
[2026-05-10 00:28:26.582] 2796,76,98,0.0
[2026-05-10 00:28:26.678] [GetTemp--2147478764]:i2c write failed
[2026-05-10 00:28:26.679] 2797,76,98,0.0
[2026-05-10 00:28:26.787] [GetTemp--2147478764]:i2c write failed
[2026-05-10 00:28:26.787] 2798,76,98,0.0
[2026-05-10 00:28:26.881] [GetTemp--2147478764]:i2c write failed
[2026-05-10 00:28:26.881] 2799,76,98,0.0
[2026-05-10 00:28:27.190] [GetTemp--2147478764]:i2c write failed
[2026-05-10 00:28:27.192] 2800,76,98,0.0
[2026-05-10 00:28:27.269] HR=88 SpO2=98 (raw:89/98 valid:1/1 sqi:1)
[2026-05-10 00:28:27.285] [GetTemp--2147478764]:i2c write failed
[2026-05-10 00:28:27.285] 2801,78,98,0.0
[2026-05-10 00:28:27.397] [GetTemp--2147478764]:i2c write failed
[2026-05-10 00:28:27.397] 2802,78,98,0.0
[2026-05-10 00:28:27.492] [GetTemp--2147478764]:i2c write failed
[2026-05-10 00:28:27.492] 2803,78,98,0.0
[2026-05-10 00:28:27.604] [GetTemp--2147478764]:i2c write failed
[2026-05-10 00:28:27.604] 2804,78,98,0.0
[2026-05-10 00:28:27.901] [GetTemp--2147478764]:i2c write failed
[2026-05-10 00:28:27.901] 2805,78,98,0.0
[2026-05-10 00:28:28.004] [GetTemp--2147478764]:i2c write failed
[2026-05-10 00:28:28.004] 2806,78,98,0.0
[2026-05-10 00:28:28.100] [GetTemp--2147478764]:i2c write failed
[2026-05-10 00:28:28.102] 2807,78,98,0.0
[2026-05-10 00:28:28.211] [GetTemp--2147478764]:i2c write failed
[2026-05-10 00:28:28.211] 2808,78,98,0.0
[2026-05-10 00:28:28.291] HR=88 SpO2=98 (raw:84/98 valid:1/1 sqi:1)
[2026-05-10 00:28:28.296] [GetTemp--2147478764]:i2c write failed
[2026-05-10 00:28:28.301] 2809,78,98,0.0
[2026-05-10 00:28:28.608] [GetTemp--2147478764]:i2c write failed
[2026-05-10 00:28:28.624] 2810,78,98,0.0
[2026-05-10 00:28:28.718] [GetTemp--2147478764]:i2c write failed
[2026-05-10 00:28:28.719] 2811,78,98,0.0
[2026-05-10 00:28:28.812] [GetTemp--2147478764]:i2c write failed
[2026-05-10 00:28:28.813] 2812,78,98,0.0
[2026-05-10 00:28:28.922] [GetTemp--2147478764]:i2c write failed
[2026-05-10 00:28:28.923] 2813,78,98,0.0
[2026-05-10 00:28:29.007] [GetTemp--2147478764]:i2c write failed
[2026-05-10 00:28:29.010] 2814,78,98,0.0
[2026-05-10 00:28:29.325] [GetTemp--2147478764]:i2c write failed
[2026-05-10 00:28:29.325] 2815,78,98,0.0
[2026-05-10 00:28:29.421] [GetTemp--2147478764]:i2c write failed
[2026-05-10 00:28:29.423] 2816,78,98,0.0
[2026-05-10 00:28:29.533] [GetTemp--2147478764]:i2c write failed
[2026-05-10 00:28:29.533] 2817,78,98,0.0
[2026-05-10 00:28:29.549] HR=88 SpO2=98 (raw:84/98 valid:1/1 sqi:1)
[2026-05-10 00:28:29.628] [GetTemp--2147478764]:i2c write failed
[2026-05-10 00:28:29.628] 2818,78,98,0.0
[2026-05-10 00:28:29.723] [GetTemp--2147478764]:i2c write failed
[2026-05-10 00:28:29.723] 2819,78,98,0.0
[2026-05-10 00:28:30.029] [GetTemp--2147478764]:i2c write failed
[2026-05-10 00:28:30.031] 2820,78,98,0.0
[2026-05-10 00:28:30.141] [GetTemp--2147478764]:i2c write failed
[2026-05-10 00:28:30.141] 2821,78,98,0.0
[2026-05-10 00:28:30.237] [GetTemp--2147478764]:i2c write failed
[2026-05-10 00:28:30.237] 2822,78,98,0.0
[2026-05-10 00:28:30.332] [GetTemp--2147478764]:i2c write failed
[2026-05-10 00:28:30.332] 2823,78,98,0.0
[2026-05-10 00:28:30.428] [GetTemp--2147478764]:i2c write failed
[2026-05-10 00:28:30.430] 2824,78,98,0.0
[2026-05-10 00:28:30.667] HR=84 SpO2=98 (raw:78/98 valid:1/1 sqi:1)
[2026-05-10 00:28:30.745] [GetTemp--2147478764]:i2c write failed
[2026-05-10 00:28:30.746] 2825,74,98,0.0
[2026-05-10 00:28:30.853] [GetTemp--2147478764]:i2c write failed
[2026-05-10 00:28:30.853] 2826,74,98,0.0
[2026-05-10 00:28:30.946] [GetTemp--2147478764]:i2c write failed
[2026-05-10 00:28:30.947] 2827,74,98,0.0
[2026-05-10 00:28:31.054] [GetTemp--2147478764]:i2c write failed
[2026-05-10 00:28:31.054] 2828,74,98,0.0
[2026-05-10 00:28:31.149] [GetTemp--2147478764]:i2c write failed
[2026-05-10 00:28:31.149] 2829,74,98,0.0
[2026-05-10 00:28:31.452] [GetTemp--2147478764]:i2c write failed
[2026-05-10 00:28:31.452] 2830,74,98,0.0
[2026-05-10 00:28:31.548] [GetTemp--2147478764]:i2c write failed
[2026-05-10 00:28:31.550] 2831,74,98,0.0
[2026-05-10 00:28:31.659] [GetTemp--2147478764]:i2c write failed
[2026-05-10 00:28:31.659] 2832,74,98,0.0
[2026-05-10 00:28:31.671] HR=84 SpO2=98 (raw:76/98 valid:1/1 sqi:1)
[2026-05-10 00:28:31.752] [GetTemp--2147478764]:i2c write failed
[2026-05-10 00:28:31.752] 2833,74,98,0.0
[2026-05-10 00:28:31.861] [GetTemp--2147478764]:i2c write failed
[2026-05-10 00:28:31.861] 2834,74,98,0.0
[2026-05-10 00:28:32.162] [GetTemp--2147478764]:i2c write failed
[2026-05-10 00:28:32.162] 2835,74,98,0.0
[2026-05-10 00:28:32.257] [GetTemp--2147478764]:i2c write failed
[2026-05-10 00:28:32.260] 2836,74,98,0.0
[2026-05-10 00:28:32.369] [GetTemp--2147478764]:i2c write failed
[2026-05-10 00:28:32.369] 2837,74,98,0.0
[2026-05-10 00:28:32.464] [GetTemp--2147478764]:i2c write failed
[2026-05-10 00:28:32.464] 2838,74,98,0.0
[2026-05-10 00:28:32.559] [GetTemp--2147478764]:i2c write failed
[2026-05-10 00:28:32.559] 2839,74,98,0.0
[2026-05-10 00:28:32.797] HR=82 SpO2=98 (raw:82/98 valid:1/1 sqi:1)
[2026-05-10 00:28:32.875] [GetTemp--2147478764]:i2c write failed
[2026-05-10 00:28:32.875] 2840,72,98,0.0
[2026-05-10 00:28:32.968] [GetTemp--2147478764]:i2c write failed
[2026-05-10 00:28:32.984] 2841,72,98,0.0
[2026-05-10 00:28:33.070] [GetTemp--2147478764]:i2c write failed
[2026-05-10 00:28:33.070] 2842,72,98,0.0
[2026-05-10 00:28:33.182] [GetTemp--2147478764]:i2c write failed
[2026-05-10 00:28:33.182] 2843,72,98,0.0
[2026-05-10 00:28:33.277] [GetTemp--2147478764]:i2c write failed
[2026-05-10 00:28:33.277] 2844,72,98,0.0
[2026-05-10 00:28:33.579] [GetTemp--2147478764]:i2c write failed
[2026-05-10 00:28:33.579] 2845,72,98,0.0
[2026-05-10 00:28:33.689] [GetTemp--2147478764]:i2c write failed
[2026-05-10 00:28:33.690] 2846,72,98,0.0
[2026-05-10 00:28:33.784] [GetTemp--2147478764]:i2c write failed
[2026-05-10 00:28:33.784] 2847,72,98,0.0
[2026-05-10 00:28:33.891] [GetTemp--2147478764]:i2c write failed
[2026-05-10 00:28:33.892] 2848,72,98,0.0
[2026-05-10 00:28:33.969] HR=82 SpO2=98 (raw:82/98 valid:1/1 sqi:1)
[2026-05-10 00:28:33.977] [GetTemp--2147478764]:i2c write failed
[2026-05-10 00:28:33.980] 2849,72,98,0.0
[2026-05-10 00:28:34.299] [GetTemp--2147478764]:i2c write failed
[2026-05-10 00:28:34.299] 2850,72,98,0.0
[2026-05-10 00:28:34.395] [GetTemp--2147478764]:i2c write failed
[2026-05-10 00:28:34.395] 2851,72,98,0.0
[2026-05-10 00:28:34.490] [GetTemp--2147478764]:i2c write failed
[2026-05-10 00:28:34.490] 2852,72,98,0.0
[2026-05-10 00:28:34.602] [GetTemp--2147478764]:i2c write failed
[2026-05-10 00:28:34.602] 2853,72,98,0.0
[2026-05-10 00:28:34.698] [GetTemp--2147478764]:i2c write failed
[2026-05-10 00:28:34.699] 2854,72,98,0.0
[2026-05-10 00:28:35.004] [GetTemp--2147478764]:i2c write failed
[2026-05-10 00:28:35.006] 2855,72,98,0.0
[2026-05-10 00:28:35.068] HR=82 SpO2=98 (raw:86/97 valid:1/1 sqi:1)
[2026-05-10 00:28:35.085] [GetTemp--2147478764]:i2c write failed
[2026-05-10 00:28:35.100] 2856,72,98,0.0
[2026-05-10 00:28:35.213] [GetTemp--2147478764]:i2c write failed
[2026-05-10 00:28:35.213] 2857,72,98,0.0
[2026-05-10 00:28:35.308] [GetTemp--2147478764]:i2c write failed
[2026-05-10 00:28:35.310] 2858,72,98,0.0
[2026-05-10 00:28:35.403] [GetTemp--2147478764]:i2c write failed
[2026-05-10 00:28:35.403] 2859,72,98,0.0
[2026-05-10 00:28:35.722] [GetTemp--2147478764]:i2c write failed
[2026-05-10 00:28:35.723] 2860,72,98,0.0
[2026-05-10 00:28:35.817] [GetTemp--2147478764]:i2c write failed
[2026-05-10 00:28:35.818] 2861,72,98,0.0
[2026-05-10 00:28:35.912] [GetTemp--2147478764]:i2c write failed
[2026-05-10 00:28:35.913] 2862,72,98,0.0
[2026-05-10 00:28:36.015] [GetTemp--2147478764]:i2c write failed
[2026-05-10 00:28:36.015] 2863,72,98,0.0
[2026-05-10 00:28:36.110] HR=82 SpO2=98 (raw:89/97 valid:1/1 sqi:1)
[2026-05-10 00:28:36.111] [GetTemp--2147478764]:i2c write failed
[2026-05-10 00:28:36.111] 2864,72,98,0.0
[2026-05-10 00:28:36.430] [GetTemp--2147478764]:i2c write failed
[2026-05-10 00:28:36.430] 2865,72,98,0.0
[2026-05-10 00:28:36.526] [GetTemp--2147478764]:i2c write failed
[2026-05-10 00:28:36.526] 2866,72,98,0.0
[2026-05-10 00:28:36.621] [GetTemp--2147478764]:i2c write failed
[2026-05-10 00:28:36.621] 2867,72,98,0.0
[2026-05-10 00:28:36.732] [GetTemp--2147478764]:i2c write failed
[2026-05-10 00:28:36.732] 2868,72,98,0.0
[2026-05-10 00:28:36.828] [GetTemp--2147478764]:i2c write failed
[2026-05-10 00:28:36.828] 2869,72,98,0.0
[2026-05-10 00:28:37.133] [GetTemp--2147478764]:i2c write failed
[2026-05-10 00:28:37.133] 2870,72,98,0.0
[2026-05-10 00:28:37.212] HR=86 SpO2=98 (raw:89/98 valid:1/1 sqi:1)
[2026-05-10 00:28:37.228] [GetTemp--2147478764]:i2c write failed
[2026-05-10 00:28:37.228] 2871,76,98,0.0
[2026-05-10 00:28:37.340] [GetTemp--2147478764]:i2c write failed
[2026-05-10 00:28:37.340] 2872,76,98,0.0
[2026-05-10 00:28:37.436] [GetTemp--2147478764]:i2c write failed
[2026-05-10 00:28:37.436] 2873,76,98,0.0
[2026-05-10 00:28:37.532] [GetTemp--2147478764]:i2c write failed
[2026-05-10 00:28:37.532] 2874,76,98,0.0
[2026-05-10 00:28:37.848] [GetTemp--2147478764]:i2c write failed
[2026-05-10 00:28:37.849] 2875,76,98,0.0
[2026-05-10 00:28:37.942] [GetTemp--2147478764]:i2c write failed
[2026-05-10 00:28:37.942] 2876,76,98,0.0
[2026-05-10 00:28:38.048] [GetTemp--2147478764]:i2c write failed
[2026-05-10 00:28:38.048] 2877,76,98,0.0
[2026-05-10 00:28:38.144] [GetTemp--2147478764]:i2c write failed
[2026-05-10 00:28:38.144] 2878,76,98,0.0
[2026-05-10 00:28:38.239] [GetTemp--2147478764]:i2c write failed
[2026-05-10 00:28:38.240] 2879,76,98,0.0
[2026-05-10 00:28:38.477] HR=89 SpO2=98 (raw:90/98 valid:1/1 sqi:1)
[2026-05-10 00:28:38.556] [GetTemp--2147478764]:i2c write failed
[2026-05-10 00:28:38.556] 2880,79,98,0.0
[2026-05-10 00:28:38.652] [GetTemp--2147478764]:i2c write failed
[2026-05-10 00:28:38.653] 2881,79,98,0.0
[2026-05-10 00:28:38.762] [GetTemp--2147478764]:i2c write failed
[2026-05-10 00:28:38.762] 2882,79,98,0.0
[2026-05-10 00:28:38.856] [GetTemp--2147478764]:i2c write failed
[2026-05-10 00:28:38.856] 2883,79,98,0.0
[2026-05-10 00:28:38.951] [GetTemp--2147478764]:i2c write failed
[2026-05-10 00:28:38.951] 2884,79,98,0.0
[2026-05-10 00:28:39.260] [GetTemp--2147478764]:i2c write failed
[2026-05-10 00:28:39.260] 2885,79,98,0.0
[2026-05-10 00:28:39.372] [GetTemp--2147478764]:i2c write failed
[2026-05-10 00:28:39.373] 2886,79,98,0.0
[2026-05-10 00:28:39.468] [GetTemp--2147478764]:i2c write failed
[2026-05-10 00:28:39.468] 2887,79,98,0.0
[2026-05-10 00:28:39.484] HR=89 SpO2=98 (raw:90/98 valid:1/1 sqi:1)
[2026-05-10 00:28:39.563] [GetTemp--2147478764]:i2c write failed
[2026-05-10 00:28:39.563] 2888,79,98,0.0
[2026-05-10 00:28:39.659] [GetTemp--2147478764]:i2c write failed
[2026-05-10 00:28:39.661] 2889,79,98,0.0
[2026-05-10 00:28:39.983] [GetTemp--2147478764]:i2c write failed
[2026-05-10 00:28:39.983] 2890,79,98,0.0
[2026-05-10 00:28:40.078] [GetTemp--2147478764]:i2c write failed
[2026-05-10 00:28:40.079] 2891,79,98,0.0
[2026-05-10 00:28:40.173] [GetTemp--2147478764]:i2c write failed
[2026-05-10 00:28:40.173] 2892,79,98,0.0
[2026-05-10 00:28:40.282] [GetTemp--2147478764]:i2c write failed
[2026-05-10 00:28:40.282] 2893,79,98,0.0
[2026-05-10 00:28:40.377] [GetTemp--2147478764]:i2c write failed
[2026-05-10 00:28:40.377] 2894,79,98,0.0
[2026-05-10 00:28:40.600] HR=89 SpO2=98 (raw:86/97 valid:1/1 sqi:1)
[2026-05-10 00:28:40.678] [GetTemp--2147478764]:i2c write failed
[2026-05-10 00:28:40.681] 2895,79,98,0.0
[2026-05-10 00:28:40.788] [GetTemp--2147478764]:i2c write failed
[2026-05-10 00:28:40.788] 2896,79,98,0.0
[2026-05-10 00:28:40.882] [GetTemp--2147478764]:i2c write failed
[2026-05-10 00:28:40.882] 2897,79,98,0.0
[2026-05-10 00:28:40.984] [GetTemp--2147478764]:i2c write failed
[2026-05-10 00:28:40.984] 2898,79,98,0.0
[2026-05-10 00:28:41.079] [GetTemp--2147478764]:i2c write failed
[2026-05-10 00:28:41.079] 2899,79,98,0.0
[2026-05-10 00:28:41.398] [GetTemp--2147478764]:i2c write failed
[2026-05-10 00:28:41.399] 2900,79,98,0.0
[2026-05-10 00:28:41.493] [GetTemp--2147478764]:i2c write failed
[2026-05-10 00:28:41.493] 2901,79,98,0.0
[2026-05-10 00:28:41.589] [GetTemp--2147478764]:i2c write failed
[2026-05-10 00:28:41.590] 2902,79,98,0.0
[2026-05-10 00:28:41.605] HR=89 SpO2=98 (raw:85/97 valid:1/1 sqi:1)
[2026-05-10 00:28:41.700] [GetTemp--2147478764]:i2c write failed
[2026-05-10 00:28:41.701] 2903,79,98,0.0
[2026-05-10 00:28:41.794] [GetTemp--2147478764]:i2c write failed
[2026-05-10 00:28:41.794] 2904,79,98,0.0
[2026-05-10 00:28:42.101] [GetTemp--2147478764]:i2c write failed
[2026-05-10 00:28:42.103] 2905,79,98,0.0
[2026-05-10 00:28:42.211] [GetTemp--2147478764]:i2c write failed
[2026-05-10 00:28:42.211] 2906,79,98,0.0
[2026-05-10 00:28:42.307] [GetTemp--2147478764]:i2c write failed
[2026-05-10 00:28:42.307] 2907,79,98,0.0
[2026-05-10 00:28:42.402] [GetTemp--2147478764]:i2c write failed
[2026-05-10 00:28:42.402] 2908,79,98,0.0
[2026-05-10 00:28:42.513] [GetTemp--2147478764]:i2c write failed
[2026-05-10 00:28:42.513] 2909,79,98,0.0
[2026-05-10 00:28:42.813] [GetTemp--2147478764]:i2c write failed
[2026-05-10 00:28:42.814] 2910,79,98,0.0
[2026-05-10 00:28:42.876] HR=86 SpO2=98 (raw:85/98 valid:1/1 sqi:1)
[2026-05-10 00:28:42.908] [GetTemp--2147478764]:i2c write failed
[2026-05-10 00:28:42.924] 2911,76,98,0.0
[2026-05-10 00:28:43.010] [GetTemp--2147478764]:i2c write failed
[2026-05-10 00:28:43.010] 2912,76,98,0.0
[2026-05-10 00:28:43.121] [GetTemp--2147478764]:i2c write failed
[2026-05-10 00:28:43.123] 2913,76,98,0.0
[2026-05-10 00:28:43.217] [GetTemp--2147478764]:i2c write failed
[2026-05-10 00:28:43.217] 2914,76,98,0.0
[2026-05-10 00:28:43.520] [GetTemp--2147478764]:i2c write failed
[2026-05-10 00:28:43.520] 2915,76,98,0.0
[2026-05-10 00:28:43.600] ReadLicenseData(), failed to get licdata string
[2026-05-10 00:28:43.600] VerifyLicense(), cannot read license data files
[2026-05-10 00:28:43.600] license_task_main() verify license invalid, reboot after 54 mins
[2026-05-10 00:28:43.618] [GetTemp--2147478764]:i2c write failed
[2026-05-10 00:28:43.620] 2916,76,98,0.0
[2026-05-10 00:28:43.724] [GetTemp--2147478764]:i2c write failed
[2026-05-10 00:28:43.724] 2917,76,98,0.0
[2026-05-10 00:28:43.833] [GetTemp--2147478764]:i2c write failed
[2026-05-10 00:28:43.833] 2918,76,98,0.0
[2026-05-10 00:28:43.911] HR=85 SpO2=98 (raw:83/98 valid:1/1 sqi:1)
[2026-05-10 00:28:43.927] [GetTemp--2147478764]:i2c write failed
[2026-05-10 00:28:43.927] 2919,75,98,0.0
[2026-05-10 00:28:44.236] [GetTemp--2147478764]:i2c write failed
[2026-05-10 00:28:44.236] 2920,75,98,0.0
[2026-05-10 00:28:44.332] [GetTemp--2147478764]:i2c write failed
[2026-05-10 00:28:44.332] 2921,75,98,0.0
[2026-05-10 00:28:44.444] [GetTemp--2147478764]:i2c write failed
[2026-05-10 00:28:44.444] 2922,75,98,0.0
[2026-05-10 00:28:44.539] [GetTemp--2147478764]:i2c write failed
[2026-05-10 00:28:44.540] 2923,75,98,0.0
[2026-05-10 00:28:44.635] [GetTemp--2147478764]:i2c write failed
[2026-05-10 00:28:44.635] 2924,75,98,0.0
[2026-05-10 00:28:44.946] [GetTemp--2147478764]:i2c write failed
[2026-05-10 00:28:44.947] 2925,75,98,0.0
[2026-05-10 00:28:45.019] HR=85 SpO2=98 (raw:83/98 valid:1/1 sqi:1)
[2026-05-10 00:28:45.037] [GetTemp--2147478764]:i2c write failed
[2026-05-10 00:28:45.037] 2926,75,98,0.0
[2026-05-10 00:28:45.146] [GetTemp--2147478764]:i2c write failed
[2026-05-10 00:28:45.146] 2927,75,98,0.0
[2026-05-10 00:28:45.241] [GetTemp--2147478764]:i2c write failed
[2026-05-10 00:28:45.241] 2928,75,98,0.0
[2026-05-10 00:28:45.352] [GetTemp--2147478764]:i2c write failed
[2026-05-10 00:28:45.352] 2929,75,98,0.0
[2026-05-10 00:28:45.656] [GetTemp--2147478764]:i2c write failed
[2026-05-10 00:28:45.657] 2930,75,98,0.0
[2026-05-10 00:28:45.749] [GetTemp--2147478764]:i2c write failed
[2026-05-10 00:28:45.764] 2931,75,98,0.0
[2026-05-10 00:28:45.859] [GetTemp--2147478764]:i2c write failed
[2026-05-10 00:28:45.859] 2932,75,98,0.0
[2026-05-10 00:28:45.953] [GetTemp--2147478764]:i2c write failed
[2026-05-10 00:28:45.954] 2933,75,98,0.0
[2026-05-10 00:28:46.041] HR=85 SpO2=98 (raw:92/98 valid:1/1 sqi:1)
[2026-05-10 00:28:46.046] [GetTemp--2147478764]:i2c write failed
[2026-05-10 00:28:46.046] 2934,75,98,0.0
[2026-05-10 00:28:46.360] [GetTemp--2147478764]:i2c write failed
[2026-05-10 00:28:46.360] 2935,75,98,0.0
[2026-05-10 00:28:46.471] [GetTemp--2147478764]:i2c write failed
[2026-05-10 00:28:46.471] 2936,75,98,0.0
[2026-05-10 00:28:46.566] [GetTemp--2147478764]:i2c write failed
[2026-05-10 00:28:46.566] 2937,75,98,0.0
[2026-05-10 00:28:46.661] [GetTemp--2147478764]:i2c write failed
[2026-05-10 00:28:46.661] 2938,75,98,0.0
[2026-05-10 00:28:46.771] [GetTemp--2147478764]:i2c write failed
[2026-05-10 00:28:46.772] 2939,75,98,0.0
[2026-05-10 00:28:47.078] [GetTemp--2147478764]:i2c write failed
[2026-05-10 00:28:47.078] 2940,75,98,0.0
[2026-05-10 00:28:47.174] [GetTemp--2147478764]:i2c write failed
[2026-05-10 00:28:47.174] 2941,75,98,0.0
[2026-05-10 00:28:47.269] [GetTemp--2147478764]:i2c write failed
[2026-05-10 00:28:47.269] 2942,75,98,0.0
[2026-05-10 00:28:47.290] HR=85 SpO2=98 (raw:98/98 valid:1/1 sqi:1)
[2026-05-10 00:28:47.380] [GetTemp--2147478764]:i2c write failed
[2026-05-10 00:28:47.380] 2943,75,98,0.0
[2026-05-10 00:28:47.476] [GetTemp--2147478764]:i2c write failed
[2026-05-10 00:28:47.476] 2944,75,98,0.0
[2026-05-10 00:28:47.791] [GetTemp--2147478764]:i2c write failed
[2026-05-10 00:28:47.791] 2945,75,98,0.0
[2026-05-10 00:28:47.885] [GetTemp--2147478764]:i2c write failed
[2026-05-10 00:28:47.885] 2946,75,98,0.0
[2026-05-10 00:28:47.979] [GetTemp--2147478764]:i2c write failed
[2026-05-10 00:28:47.981] 2947,75,98,0.0
[2026-05-10 00:28:48.083] [GetTemp--2147478764]:i2c write failed
[2026-05-10 00:28:48.084] 2948,75,98,0.0
[2026-05-10 00:28:48.179] [GetTemp--2147478764]:i2c write failed
[2026-05-10 00:28:48.181] 2949,75,98,0.0
[2026-05-10 00:28:48.418] HR=92 SpO2=98 (raw:103/97 valid:1/1 sqi:1)
[2026-05-10 00:28:48.498] [GetTemp--2147478764]:i2c write failed
[2026-05-10 00:28:48.498] 2950,82,98,0.0
[2026-05-10 00:28:48.594] [GetTemp--2147478764]:i2c write failed
[2026-05-10 00:28:48.594] 2951,82,98,0.0
[2026-05-10 00:28:48.689] [GetTemp--2147478764]:i2c write failed
[2026-05-10 00:28:48.690] 2952,82,98,0.0
[2026-05-10 00:28:48.797] [GetTemp--2147478764]:i2c write failed
[2026-05-10 00:28:48.798] 2953,82,98,0.0
[2026-05-10 00:28:48.891] [GetTemp--2147478764]:i2c write failed
[2026-05-10 00:28:48.892] 2954,82,98,0.0
[2026-05-10 00:28:49.202] [GetTemp--2147478764]:i2c write failed
[2026-05-10 00:28:49.202] 2955,82,98,0.0
[2026-05-10 00:28:49.313] [GetTemp--2147478764]:i2c write failed
[2026-05-10 00:28:49.313] 2956,82,98,0.0
[2026-05-10 00:28:49.409] [GetTemp--2147478764]:i2c write failed
[2026-05-10 00:28:49.409] 2957,82,98,0.0
[2026-05-10 00:28:49.415] HR=98 SpO2=98 (raw:103/98 valid:1/1 sqi:1)
[2026-05-10 00:28:49.505] [GetTemp--2147478764]:i2c write failed
[2026-05-10 00:28:49.505] 2958,88,98,0.0
[2026-05-10 00:28:49.600] [GetTemp--2147478764]:i2c write failed
[2026-05-10 00:28:49.600] 2959,88,98,0.0
[2026-05-10 00:28:49.915] [GetTemp--2147478764]:i2c write failed
[2026-05-10 00:28:49.916] 2960,88,98,0.0
[2026-05-10 00:28:50.016] [GetTemp--2147478764]:i2c write failed
[2026-05-10 00:28:50.016] 2961,88,98,0.0
[2026-05-10 00:28:50.112] [GetTemp--2147478764]:i2c write failed
[2026-05-10 00:28:50.112] 2962,88,98,0.0
[2026-05-10 00:28:50.223] [GetTemp--2147478764]:i2c write failed
[2026-05-10 00:28:50.223] 2963,88,98,0.0
[2026-05-10 00:28:50.317] [GetTemp--2147478764]:i2c write failed
[2026-05-10 00:28:50.317] 2964,88,98,0.0
[2026-05-10 00:28:50.540] HR=100 SpO2=98 (raw:101/97 valid:1/1 sqi:1)
[2026-05-10 00:28:50.619] [GetTemp--2147478764]:i2c write failed
[2026-05-10 00:28:50.619] 2965,90,98,0.0
[2026-05-10 00:28:50.730] [GetTemp--2147478764]:i2c write failed
[2026-05-10 00:28:50.731] 2966,90,98,0.0
[2026-05-10 00:28:50.825] [GetTemp--2147478764]:i2c write failed
[2026-05-10 00:28:50.826] 2967,90,98,0.0
[2026-05-10 00:28:50.920] [GetTemp--2147478764]:i2c write failed
[2026-05-10 00:28:50.922] 2968,90,98,0.0
[2026-05-10 00:28:51.030] [GetTemp--2147478764]:i2c write failed
[2026-05-10 00:28:51.030] 2969,90,98,0.0
[2026-05-10 00:28:51.333] [GetTemp--2147478764]:i2c write failed
[2026-05-10 00:28:51.333] 2970,90,98,0.0
[2026-05-10 00:28:51.428] [GetTemp--2147478764]:i2c write failed
[2026-05-10 00:28:51.428] 2971,90,98,0.0
[2026-05-10 00:28:51.540] [GetTemp--2147478764]:i2c write failed
[2026-05-10 00:28:51.540] 2972,90,98,0.0
[2026-05-10 00:28:51.635] [GetTemp--2147478764]:i2c write failed
[2026-05-10 00:28:51.635] 2973,90,98,0.0
[2026-05-10 00:28:51.729] HR=100 SpO2=97 (raw:90/97 valid:1/1 sqi:1)
[2026-05-10 00:28:51.729] [GetTemp--2147478764]:i2c write failed
[2026-05-10 00:28:51.744] 2974,90,97,0.0
[2026-05-10 00:28:52.051] [GetTemp--2147478764]:i2c write failed
[2026-05-10 00:28:52.051] 2975,90,97,0.0
[2026-05-10 00:28:52.148] [GetTemp--2147478764]:i2c write failed
[2026-05-10 00:28:52.150] 2976,90,97,0.0
[2026-05-10 00:28:52.244] [GetTemp--2147478764]:i2c write failed
[2026-05-10 00:28:52.245] 2977,90,97,0.0
[2026-05-10 00:28:52.355] [GetTemp--2147478764]:i2c write failed
[2026-05-10 00:28:52.355] 2978,90,97,0.0
[2026-05-10 00:28:52.450] [GetTemp--2147478764]:i2c write failed
[2026-05-10 00:28:52.450] 2979,90,97,0.0
[2026-05-10 00:28:52.750] [GetTemp--2147478764]:i2c write failed
[2026-05-10 00:28:52.753] 2980,90,97,0.0
[2026-05-10 00:28:52.829] HR=100 SpO2=97 (raw:89/97 valid:1/1 sqi:1)
[2026-05-10 00:28:52.848] [GetTemp--2147478764]:i2c write failed
[2026-05-10 00:28:52.851] 2981,90,97,0.0
[2026-05-10 00:28:52.955] [GetTemp--2147478764]:i2c write failed
[2026-05-10 00:28:52.955] 2982,90,97,0.0
[2026-05-10 00:28:53.056] [GetTemp--2147478764]:i2c write failed
[2026-05-10 00:28:53.056] 2983,90,97,0.0
[2026-05-10 00:28:53.151] [GetTemp--2147478764]:i2c write failed
[2026-05-10 00:28:53.151] 2984,90,97,0.0
[2026-05-10 00:28:53.469] [GetTemp--2147478764]:i2c write failed
[2026-05-10 00:28:53.469] 2985,90,97,0.0
[2026-05-10 00:28:53.564] [GetTemp--2147478764]:i2c write failed
[2026-05-10 00:28:53.565] 2986,90,97,0.0
[2026-05-10 00:28:53.660] [GetTemp--2147478764]:i2c write failed
[2026-05-10 00:28:53.662] 2987,90,97,0.0
[2026-05-10 00:28:53.769] [GetTemp--2147478764]:i2c write failed
[2026-05-10 00:28:53.771] 2988,90,97,0.0
[2026-05-10 00:28:53.862] HR=90 SpO2=97 (raw:88/98 valid:1/1 sqi:1)
[2026-05-10 00:28:53.862] [GetTemp--2147478764]:i2c write failed
[2026-05-10 00:28:53.863] 2989,80,97,0.0
[2026-05-10 00:28:54.171] [GetTemp--2147478764]:i2c write failed
[2026-05-10 00:28:54.171] 2990,80,97,0.0
[2026-05-10 00:28:54.282] [GetTemp--2147478764]:i2c write failed
[2026-05-10 00:28:54.282] 2991,80,97,0.0
[2026-05-10 00:28:54.377] [GetTemp--2147478764]:i2c write failed
[2026-05-10 00:28:54.377] 2992,80,97,0.0
[2026-05-10 00:28:54.472] [GetTemp--2147478764]:i2c write failed
[2026-05-10 00:28:54.472] 2993,80,97,0.0
[2026-05-10 00:28:54.583] [GetTemp--2147478764]:i2c write failed
[2026-05-10 00:28:54.583] 2994,80,97,0.0
[2026-05-10 00:28:54.879] [GetTemp--2147478764]:i2c write failed
[2026-05-10 00:28:54.883] 2995,80,97,0.0
[2026-05-10 00:28:54.951] HR=89 SpO2=97 (raw:88/97 valid:1/1 sqi:1)
[2026-05-10 00:28:54.983] [GetTemp--2147478764]:i2c write failed
[2026-05-10 00:28:54.983] 2996,79,97,0.0
[2026-05-10 00:28:55.079] [GetTemp--2147478764]:i2c write failed
[2026-05-10 00:28:55.079] 2997,79,97,0.0
[2026-05-10 00:28:55.190] [GetTemp--2147478764]:i2c write failed
[2026-05-10 00:28:55.190] 2998,79,97,0.0
[2026-05-10 00:28:55.286] [GetTemp--2147478764]:i2c write failed
[2026-05-10 00:28:55.286] 2999,79,97,0.0
[2026-05-10 00:28:55.603] [GetTemp--2147478764]:i2c write failed
[2026-05-10 00:28:55.603] 3000,79,97,0.0
[2026-05-10 00:28:55.696] [GetTemp--2147478764]:i2c write failed
[2026-05-10 00:28:55.696] 3001,79,97,0.0
[2026-05-10 00:28:55.789] [GetTemp--2147478764]:i2c write failed
[2026-05-10 00:28:55.805] 3002,79,97,0.0
[2026-05-10 00:28:55.899] [GetTemp--2147478764]:i2c write failed
[2026-05-10 00:28:55.899] 3003,79,97,0.0
[2026-05-10 00:28:55.999] [GetTemp--2147478764]:i2c write failed
[2026-05-10 00:28:55.999] 3004,79,97,0.0
[2026-05-10 00:28:56.219] HR=88 SpO2=97 (raw:88/98 valid:1/1 sqi:1)
[2026-05-10 00:28:56.298] [GetTemp--2147478764]:i2c write failed
[2026-05-10 00:28:56.298] 3005,78,97,0.0
[2026-05-10 00:28:56.409] [GetTemp--2147478764]:i2c write failed
[2026-05-10 00:28:56.409] 3006,78,97,0.0
[2026-05-10 00:28:56.504] [GetTemp--2147478764]:i2c write failed
[2026-05-10 00:28:56.504] 3007,78,97,0.0
[2026-05-10 00:28:56.613] [GetTemp--2147478764]:i2c write failed
[2026-05-10 00:28:56.613] 3008,78,97,0.0
[2026-05-10 00:28:56.707] [GetTemp--2147478764]:i2c write failed
[2026-05-10 00:28:56.708] 3009,78,97,0.0
[2026-05-10 00:28:57.014] [GetTemp--2147478764]:i2c write failed
[2026-05-10 00:28:57.014] 3010,78,97,0.0
[2026-05-10 00:28:57.109] [GetTemp--2147478764]:i2c write failed
[2026-05-10 00:28:57.111] 3011,78,97,0.0
[2026-05-10 00:28:57.221] [GetTemp--2147478764]:i2c write failed
[2026-05-10 00:28:57.221] 3012,78,97,0.0
[2026-05-10 00:28:57.229] HR=88 SpO2=98 (raw:88/98 valid:1/1 sqi:1)
[2026-05-10 00:28:57.316] [GetTemp--2147478764]:i2c write failed
[2026-05-10 00:28:57.316] 3013,78,98,0.0
[2026-05-10 00:28:57.411] [GetTemp--2147478764]:i2c write failed
[2026-05-10 00:28:57.411] 3014,78,98,0.0
[2026-05-10 00:28:57.727] [GetTemp--2147478764]:i2c write failed
[2026-05-10 00:28:57.727] 3015,78,98,0.0
[2026-05-10 00:28:57.821] [GetTemp--2147478764]:i2c write failed
[2026-05-10 00:28:57.823] 3016,78,98,0.0
[2026-05-10 00:28:57.921] [GetTemp--2147478764]:i2c write failed
[2026-05-10 00:28:57.921] 3017,78,98,0.0
[2026-05-10 00:28:58.032] [GetTemp--2147478764]:i2c write failed
[2026-05-10 00:28:58.032] 3018,78,98,0.0
[2026-05-10 00:28:58.127] [GetTemp--2147478764]:i2c write failed
[2026-05-10 00:28:58.127] 3019,78,98,0.0
[2026-05-10 00:28:58.349] HR=88 SpO2=98 (raw:88/98 valid:1/1 sqi:1)
[2026-05-10 00:28:58.444] [GetTemp--2147478764]:i2c write failed
[2026-05-10 00:28:58.444] 3020,78,98,0.0
[2026-05-10 00:28:58.538] [GetTemp--2147478764]:i2c write failed
[2026-05-10 00:28:58.538] 3021,78,98,0.0
[2026-05-10 00:28:58.631] [GetTemp--2147478764]:i2c write failed
[2026-05-10 00:28:58.633] 3022,78,98,0.0
[2026-05-10 00:28:58.741] [GetTemp--2147478764]:i2c write failed
[2026-05-10 00:28:58.741] 3023,78,98,0.0
[2026-05-10 00:28:58.835] [GetTemp--2147478764]:i2c write failed
[2026-05-10 00:28:58.835] 3024,78,98,0.0
[2026-05-10 00:28:59.146] [GetTemp--2147478764]:i2c write failed
[2026-05-10 00:28:59.146] 3025,78,98,0.0
[2026-05-10 00:28:59.242] [GetTemp--2147478764]:i2c write failed
[2026-05-10 00:28:59.242] 3026,78,98,0.0
[2026-05-10 00:28:59.353] [GetTemp--2147478764]:i2c write failed
[2026-05-10 00:28:59.355] 3027,78,98,0.0
[2026-05-10 00:28:59.369] HR=88 SpO2=98 (raw:90/98 valid:1/1 sqi:1)
[2026-05-10 00:28:59.448] [GetTemp--2147478764]:i2c write failed
[2026-05-10 00:28:59.448] 3028,78,98,0.0
[2026-05-10 00:28:59.544] [GetTemp--2147478764]:i2c write failed
[2026-05-10 00:28:59.544] 3029,78,98,0.0
[2026-05-10 00:28:59.857] [GetTemp--2147478764]:i2c write failed
[2026-05-10 00:28:59.857] 3030,78,98,0.0
[2026-05-10 00:28:59.960] [GetTemp--2147478764]:i2c write failed
[2026-05-10 00:28:59.960] 3031,78,98,0.0
[2026-05-10 00:29:00.056] [GetTemp--2147478764]:i2c write failed
[2026-05-10 00:29:00.056] 3032,78,98,0.0
[2026-05-10 00:29:00.151] [GetTemp--2147478764]:i2c write failed
[2026-05-10 00:29:00.155] 3033,78,98,0.0
[2026-05-10 00:29:00.262] [GetTemp--2147478764]:i2c write failed
[2026-05-10 00:29:00.262] 3034,78,98,0.0
[2026-05-10 00:29:00.565] [GetTemp--2147478764]:i2c write failed
[2026-05-10 00:29:00.565] 3035,78,98,0.0
[2026-05-10 00:29:00.628] HR=88 SpO2=98 (raw:92/97 valid:1/1 sqi:1)
[2026-05-10 00:29:00.658] [GetTemp--2147478764]:i2c write failed
[2026-05-10 00:29:00.662] 3036,78,98,0.0
[2026-05-10 00:29:00.770] [GetTemp--2147478764]:i2c write failed
[2026-05-10 00:29:00.770] 3037,78,98,0.0
[2026-05-10 00:29:00.864] [GetTemp--2147478764]:i2c write failed
[2026-05-10 00:29:00.866] 3038,78,98,0.0
[2026-05-10 00:29:00.967] [GetTemp--2147478764]:i2c write failed
[2026-05-10 00:29:00.967] 3039,78,98,0.0
[2026-05-10 00:29:01.270] [GetTemp--2147478764]:i2c write failed
[2026-05-10 00:29:01.270] 3040,78,98,0.0
[2026-05-10 00:29:01.381] [GetTemp--2147478764]:i2c write failed
[2026-05-10 00:29:01.381] 3041,78,98,0.0
[2026-05-10 00:29:01.476] [GetTemp--2147478764]:i2c write failed
[2026-05-10 00:29:01.476] 3042,78,98,0.0
[2026-05-10 00:29:01.572] [GetTemp--2147478764]:i2c write failed
[2026-05-10 00:29:01.572] 3043,78,98,0.0
[2026-05-10 00:29:01.667] HR=90 SpO2=98 (raw:92/98 valid:1/1 sqi:1)
[2026-05-10 00:29:01.670] [GetTemp--2147478764]:i2c write failed
[2026-05-10 00:29:01.673] 3044,80,98,0.0
[2026-05-10 00:29:01.989] [GetTemp--2147478764]:i2c write failed
[2026-05-10 00:29:01.991] 3045,80,98,0.0
[2026-05-10 00:29:02.085] [GetTemp--2147478764]:i2c write failed
[2026-05-10 00:29:02.088] 3046,80,98,0.0
[2026-05-10 00:29:02.181] [GetTemp--2147478764]:i2c write failed
[2026-05-10 00:29:02.183] 3047,80,98,0.0
[2026-05-10 00:29:02.292] [GetTemp--2147478764]:i2c write failed
[2026-05-10 00:29:02.292] 3048,80,98,0.0
[2026-05-10 00:29:02.388] [GetTemp--2147478764]:i2c write failed
[2026-05-10 00:29:02.388] 3049,80,98,0.0
[2026-05-10 00:29:02.703] [GetTemp--2147478764]:i2c write failed
[2026-05-10 00:29:02.703] 3050,80,98,0.0
[2026-05-10 00:29:02.766] HR=90 SpO2=98 (raw:90/98 valid:1/1 sqi:1)
[2026-05-10 00:29:02.797] [GetTemp--2147478764]:i2c write failed
[2026-05-10 00:29:02.797] 3051,80,98,0.0
[2026-05-10 00:29:02.890] [GetTemp--2147478764]:i2c write failed
[2026-05-10 00:29:02.892] 3052,80,98,0.0
[2026-05-10 00:29:03.002] [GetTemp--2147478764]:i2c write failed
[2026-05-10 00:29:03.003] 3053,80,98,0.0
[2026-05-10 00:29:03.097] [GetTemp--2147478764]:i2c write failed
[2026-05-10 00:29:03.097] 3054,80,98,0.0
[2026-05-10 00:29:03.399] [GetTemp--2147478764]:i2c write failed
[2026-05-10 00:29:03.415] 3055,80,98,0.0
[2026-05-10 00:29:03.511] [GetTemp--2147478764]:i2c write failed
[2026-05-10 00:29:03.512] 3056,80,98,0.0
[2026-05-10 00:29:03.605] [GetTemp--2147478764]:i2c write failed
[2026-05-10 00:29:03.606] 3057,80,98,0.0
[2026-05-10 00:29:03.698] [GetTemp--2147478764]:i2c write failed
[2026-05-10 00:29:03.703] 3058,80,98,0.0
[2026-05-10 00:29:03.791] HR=90 SpO2=98 (raw:90/97 valid:1/1 sqi:1)
[2026-05-10 00:29:03.807] [GetTemp--2147478764]:i2c write failed
[2026-05-10 00:29:03.807] 3059,80,98,0.0
[2026-05-10 00:29:04.118] [GetTemp--2147478764]:i2c write failed
[2026-05-10 00:29:04.118] 3060,80,98,0.0
[2026-05-10 00:29:04.213] [GetTemp--2147478764]:i2c write failed
[2026-05-10 00:29:04.216] 3061,80,98,0.0
[2026-05-10 00:29:04.309] [GetTemp--2147478764]:i2c write failed
[2026-05-10 00:29:04.312] 3062,80,98,0.0
[2026-05-10 00:29:04.421] [GetTemp--2147478764]:i2c write failed
[2026-05-10 00:29:04.423] 3063,80,98,0.0
[2026-05-10 00:29:04.517] [GetTemp--2147478764]:i2c write failed
[2026-05-10 00:29:04.517] 3064,80,98,0.0
[2026-05-10 00:29:04.831] [GetTemp--2147478764]:i2c write failed
[2026-05-10 00:29:04.832] 3065,80,98,0.0
[2026-05-10 00:29:04.933] [GetTemp--2147478764]:i2c write failed
[2026-05-10 00:29:04.933] 3066,80,98,0.0
[2026-05-10 00:29:05.028] [GetTemp--2147478764]:i2c write failed
[2026-05-10 00:29:05.028] 3067,80,98,0.0
[2026-05-10 00:29:05.042] HR=90 SpO2=97 (raw:89/97 valid:1/1 sqi:1)
[2026-05-10 00:29:05.123] [GetTemp--2147478764]:i2c write failed
[2026-05-10 00:29:05.123] 3068,80,97,0.0
[2026-05-10 00:29:05.234] [GetTemp--2147478764]:i2c write failed
[2026-05-10 00:29:05.234] 3069,80,97,0.0
[2026-05-10 00:29:05.537] [GetTemp--2147478764]:i2c write failed
[2026-05-10 00:29:05.537] 3070,80,97,0.0
[2026-05-10 00:29:05.631] [GetTemp--2147478764]:i2c write failed
[2026-05-10 00:29:05.632] 3071,80,97,0.0
[2026-05-10 00:29:05.740] [GetTemp--2147478764]:i2c write failed
[2026-05-10 00:29:05.742] 3072,80,97,0.0
[2026-05-10 00:29:05.833] [GetTemp--2147478764]:i2c write failed
[2026-05-10 00:29:05.834] 3073,80,97,0.0
[2026-05-10 00:29:05.936] [GetTemp--2147478764]:i2c write failed
[2026-05-10 00:29:05.937] 3074,80,97,0.0
[2026-05-10 00:29:06.158] HR=90 SpO2=97 (raw:86/97 valid:1/1 sqi:1)
[2026-05-10 00:29:06.254] [GetTemp--2147478764]:i2c write failed
[2026-05-10 00:29:06.254] 3075,80,97,0.0
[2026-05-10 00:29:06.350] [GetTemp--2147478764]:i2c write failed
[2026-05-10 00:29:06.350] 3076,80,97,0.0
[2026-05-10 00:29:06.445] [GetTemp--2147478764]:i2c write failed
[2026-05-10 00:29:06.445] 3077,80,97,0.0
[2026-05-10 00:29:06.541] [GetTemp--2147478764]:i2c write failed
[2026-05-10 00:29:06.541] 3078,80,97,0.0
[2026-05-10 00:29:06.653] [GetTemp--2147478764]:i2c write failed
[2026-05-10 00:29:06.653] 3079,80,97,0.0
[2026-05-10 00:29:06.950] [GetTemp--2147478764]:i2c write failed
[2026-05-10 00:29:06.952] 3080,80,97,0.0
[2026-05-10 00:29:07.055] [GetTemp--2147478764]:i2c write failed
[2026-05-10 00:29:07.056] 3081,80,97,0.0
[2026-05-10 00:29:07.151] [GetTemp--2147478764]:i2c write failed
[2026-05-10 00:29:07.154] 3082,80,97,0.0
[2026-05-10 00:29:07.167] HR=89 SpO2=97 (raw:83/98 valid:1/1 sqi:1)
[2026-05-10 00:29:07.263] [GetTemp--2147478764]:i2c write failed
[2026-05-10 00:29:07.263] 3083,79,97,0.0
[2026-05-10 00:29:07.359] [GetTemp--2147478764]:i2c write failed
[2026-05-10 00:29:07.359] 3084,79,97,0.0
[2026-05-10 00:29:07.662] [GetTemp--2147478764]:i2c write failed
[2026-05-10 00:29:07.662] 3085,79,97,0.0
[2026-05-10 00:29:07.772] [GetTemp--2147478764]:i2c write failed
[2026-05-10 00:29:07.772] 3086,79,97,0.0
[2026-05-10 00:29:07.865] [GetTemp--2147478764]:i2c write failed
[2026-05-10 00:29:07.866] 3087,79,97,0.0
[2026-05-10 00:29:07.974] [GetTemp--2147478764]:i2c write failed
[2026-05-10 00:29:07.974] 3088,79,97,0.0
[2026-05-10 00:29:08.062] [GetTemp--2147478764]:i2c write failed
[2026-05-10 00:29:08.064] 3089,79,97,0.0
[2026-05-10 00:29:08.301] HR=86 SpO2=97 (raw:83/99 valid:1/1 sqi:1)
[2026-05-10 00:29:08.381] [GetTemp--2147478764]:i2c write failed
[2026-05-10 00:29:08.381] 3090,76,97,0.0
[2026-05-10 00:29:08.478] [GetTemp--2147478764]:i2c write failed
[2026-05-10 00:29:08.479] 3091,76,97,0.0
[2026-05-10 00:29:08.574] [GetTemp--2147478764]:i2c write failed
[2026-05-10 00:29:08.575] 3092,76,97,0.0
[2026-05-10 00:29:08.669] [GetTemp--2147478764]:i2c write failed
[2026-05-10 00:29:08.684] 3093,76,97,0.0
[2026-05-10 00:29:08.777] [GetTemp--2147478764]:i2c write failed
[2026-05-10 00:29:08.779] 3094,76,97,0.0
[2026-05-10 00:29:09.078] [GetTemp--2147478764]:i2c write failed
[2026-05-10 00:29:09.094] 3095,76,97,0.0
[2026-05-10 00:29:09.190] [GetTemp--2147478764]:i2c write failed
[2026-05-10 00:29:09.190] 3096,76,97,0.0
[2026-05-10 00:29:09.286] [GetTemp--2147478764]:i2c write failed
[2026-05-10 00:29:09.286] 3097,76,97,0.0
[2026-05-10 00:29:09.381] [GetTemp--2147478764]:i2c write failed
[2026-05-10 00:29:09.381] 3098,76,97,0.0
[2026-05-10 00:29:09.477] HR=83 SpO2=98 (raw:83/98 valid:1/1 sqi:1)
[2026-05-10 00:29:09.477] [GetTemp--2147478764]:i2c write failed
[2026-05-10 00:29:09.493] 3099,73,98,0.0
[2026-05-10 00:29:09.793] [GetTemp--2147478764]:i2c write failed
[2026-05-10 00:29:09.795] 3100,73,98,0.0
[2026-05-10 00:29:09.903] [GetTemp--2147478764]:i2c write failed
[2026-05-10 00:29:09.903] 3101,73,98,0.0
[2026-05-10 00:29:09.997] [GetTemp--2147478764]:i2c write failed
[2026-05-10 00:29:09.998] 3102,73,98,0.0
[2026-05-10 00:29:10.101] [GetTemp--2147478764]:i2c write failed
[2026-05-10 00:29:10.101] 3103,73,98,0.0
[2026-05-10 00:29:10.197] [GetTemp--2147478764]:i2c write failed
[2026-05-10 00:29:10.197] 3104,73,98,0.0
[2026-05-10 00:29:10.500] [GetTemp--2147478764]:i2c write failed
[2026-05-10 00:29:10.500] 3105,73,98,0.0
[2026-05-10 00:29:10.579] HR=83 SpO2=98 (raw:84/98 valid:1/1 sqi:1)
[2026-05-10 00:29:10.595] [GetTemp--2147478764]:i2c write failed
[2026-05-10 00:29:10.595] 3106,73,98,0.0
[2026-05-10 00:29:10.704] [GetTemp--2147478764]:i2c write failed
[2026-05-10 00:29:10.704] 3107,73,98,0.0
[2026-05-10 00:29:10.813] [GetTemp--2147478764]:i2c write failed
[2026-05-10 00:29:10.814] 3108,73,98,0.0
[2026-05-10 00:29:10.909] [GetTemp--2147478764]:i2c write failed
[2026-05-10 00:29:10.910] 3109,73,98,0.0
[2026-05-10 00:29:11.218] [GetTemp--2147478764]:i2c write failed
[2026-05-10 00:29:11.218] 3110,73,98,0.0
[2026-05-10 00:29:11.313] [GetTemp--2147478764]:i2c write failed
[2026-05-10 00:29:11.313] 3111,73,98,0.0
[2026-05-10 00:29:11.408] [GetTemp--2147478764]:i2c write failed
[2026-05-10 00:29:11.413] 3112,73,98,0.0
[2026-05-10 00:29:11.521] [GetTemp--2147478764]:i2c write failed
[2026-05-10 00:29:11.522] 3113,73,98,0.0
[2026-05-10 00:29:11.616] HR=83 SpO2=98 (raw:85/98 valid:1/1 sqi:1)
[2026-05-10 00:29:11.616] [GetTemp--2147478764]:i2c write failed
[2026-05-10 00:29:11.616] 3114,73,98,0.0
[2026-05-10 00:29:11.927] [GetTemp--2147478764]:i2c write failed
[2026-05-10 00:29:11.928] 3115,73,98,0.0
[2026-05-10 00:29:12.031] [GetTemp--2147478764]:i2c write failed
[2026-05-10 00:29:12.031] 3116,73,98,0.0
[2026-05-10 00:29:12.127] [GetTemp--2147478764]:i2c write failed
[2026-05-10 00:29:12.128] 3117,73,98,0.0
[2026-05-10 00:29:12.224] [GetTemp--2147478764]:i2c write failed
[2026-05-10 00:29:12.226] 3118,73,98,0.0
[2026-05-10 00:29:12.319] [GetTemp--2147478764]:i2c write failed
[2026-05-10 00:29:12.335] 3119,73,98,0.0
[2026-05-10 00:29:12.637] [GetTemp--2147478764]:i2c write failed
[2026-05-10 00:29:12.638] 3120,73,98,0.0
[2026-05-10 00:29:12.700] HR=84 SpO2=98 (raw:85/98 valid:1/1 sqi:1)
[2026-05-10 00:29:12.728] [GetTemp--2147478764]:i2c write failed
[2026-05-10 00:29:12.732] 3121,74,98,0.0
[2026-05-10 00:29:12.840] [GetTemp--2147478764]:i2c write failed
[2026-05-10 00:29:12.840] 3122,74,98,0.0
[2026-05-10 00:29:12.944] [GetTemp--2147478764]:i2c write failed
[2026-05-10 00:29:12.944] 3123,74,98,0.0
[2026-05-10 00:29:13.039] [GetTemp--2147478764]:i2c write failed
[2026-05-10 00:29:13.039] 3124,74,98,0.0
[2026-05-10 00:29:13.342] [GetTemp--2147478764]:i2c write failed
[2026-05-10 00:29:13.342] 3125,74,98,0.0
[2026-05-10 00:29:13.453] [GetTemp--2147478764]:i2c write failed
[2026-05-10 00:29:13.453] 3126,74,98,0.0
[2026-05-10 00:29:13.549] [GetTemp--2147478764]:i2c write failed
[2026-05-10 00:29:13.551] 3127,74,98,0.0
[2026-05-10 00:29:13.645] [GetTemp--2147478764]:i2c write failed
[2026-05-10 00:29:13.645] 3128,74,98,0.0
[2026-05-10 00:29:13.754] [GetTemp--2147478764]:i2c write failed
[2026-05-10 00:29:13.755] 3129,74,98,0.0
[2026-05-10 00:29:13.980] HR=85 SpO2=98 (raw:92/98 valid:1/1 sqi:1)
[2026-05-10 00:29:14.059] [GetTemp--2147478764]:i2c write failed
[2026-05-10 00:29:14.059] 3130,75,98,0.0
[2026-05-10 00:29:14.155] [GetTemp--2147478764]:i2c write failed
[2026-05-10 00:29:14.155] 3131,75,98,0.0
[2026-05-10 00:29:14.250] [GetTemp--2147478764]:i2c write failed
[2026-05-10 00:29:14.252] 3132,75,98,0.0
[2026-05-10 00:29:14.362] [GetTemp--2147478764]:i2c write failed
[2026-05-10 00:29:14.363] 3133,75,98,0.0
[2026-05-10 00:29:14.458] [GetTemp--2147478764]:i2c write failed
[2026-05-10 00:29:14.458] 3134,75,98,0.0
[2026-05-10 00:29:14.774] [GetTemp--2147478764]:i2c write failed
[2026-05-10 00:29:14.775] 3135,75,98,0.0
[2026-05-10 00:29:14.867] [GetTemp--2147478764]:i2c write failed
[2026-05-10 00:29:14.867] 3136,75,98,0.0
[2026-05-10 00:29:14.961] [GetTemp--2147478764]:i2c write failed
[2026-05-10 00:29:14.962] 3137,75,98,0.0
[2026-05-10 00:29:14.982] HR=85 SpO2=98 (raw:93/98 valid:1/1 sqi:1)
[2026-05-10 00:29:15.065] [GetTemp--2147478764]:i2c write failed
[2026-05-10 00:29:15.066] 3138,75,98,0.0
[2026-05-10 00:29:15.160] [GetTemp--2147478764]:i2c write failed
[2026-05-10 00:29:15.163] 3139,75,98,0.0
[2026-05-10 00:29:15.479] [GetTemp--2147478764]:i2c write failed
[2026-05-10 00:29:15.481] 3140,75,98,0.0
[2026-05-10 00:29:15.575] [GetTemp--2147478764]:i2c write failed
[2026-05-10 00:29:15.575] 3141,75,98,0.0
[2026-05-10 00:29:15.670] [GetTemp--2147478764]:i2c write failed
[2026-05-10 00:29:15.673] 3142,75,98,0.0
[2026-05-10 00:29:15.778] [GetTemp--2147478764]:i2c write failed
[2026-05-10 00:29:15.780] 3143,75,98,0.0
[2026-05-10 00:29:15.872] [GetTemp--2147478764]:i2c write failed
[2026-05-10 00:29:15.873] 3144,75,98,0.0
[2026-05-10 00:29:16.102] HR=92 SpO2=98 (raw:93/97 valid:1/1 sqi:1)
[2026-05-10 00:29:16.181] [GetTemp--2147478764]:i2c write failed
[2026-05-10 00:29:16.183] 3145,82,98,0.0
[2026-05-10 00:29:16.293] [GetTemp--2147478764]:i2c write failed
[2026-05-10 00:29:16.293] 3146,82,98,0.0
[2026-05-10 00:29:16.389] [GetTemp--2147478764]:i2c write failed
[2026-05-10 00:29:16.390] 3147,82,98,0.0
[2026-05-10 00:29:16.484] [GetTemp--2147478764]:i2c write failed
[2026-05-10 00:29:16.484] 3148,82,98,0.0
[2026-05-10 00:29:16.580] [GetTemp--2147478764]:i2c write failed
[2026-05-10 00:29:16.582] 3149,82,98,0.0
[2026-05-10 00:29:16.895] [GetTemp--2147478764]:i2c write failed
[2026-05-10 00:29:16.896] 3150,82,98,0.0
[2026-05-10 00:29:16.990] [GetTemp--2147478764]:i2c write failed
[2026-05-10 00:29:16.992] 3151,82,98,0.0
[2026-05-10 00:29:17.092] [GetTemp--2147478764]:i2c write failed
[2026-05-10 00:29:17.092] 3152,82,98,0.0
[2026-05-10 00:29:17.107] HR=93 SpO2=98 (raw:93/97 valid:1/1 sqi:1)
[2026-05-10 00:29:17.202] [GetTemp--2147478764]:i2c write failed
[2026-05-10 00:29:17.202] 3153,83,98,0.0
[2026-05-10 00:29:17.298] [GetTemp--2147478764]:i2c write failed
[2026-05-10 00:29:17.298] 3154,83,98,0.0
[2026-05-10 00:29:17.600] [GetTemp--2147478764]:i2c write failed
[2026-05-10 00:29:17.602] 3155,83,98,0.0
[2026-05-10 00:29:17.709] [GetTemp--2147478764]:i2c write failed
[2026-05-10 00:29:17.710] 3156,83,98,0.0
[2026-05-10 00:29:17.802] [GetTemp--2147478764]:i2c write failed
[2026-05-10 00:29:17.803] 3157,83,98,0.0
[2026-05-10 00:29:17.912] [GetTemp--2147478764]:i2c write failed
[2026-05-10 00:29:17.913] 3158,83,98,0.0
[2026-05-10 00:29:18.001] [GetTemp--2147478764]:i2c write failed
[2026-05-10 00:29:18.003] 3159,83,98,0.0
[2026-05-10 00:29:18.321] [GetTemp--2147478764]:i2c write failed
[2026-05-10 00:29:18.321] 3160,83,98,0.0
[2026-05-10 00:29:18.385] HR=93 SpO2=98 (raw:90/98 valid:1/1 sqi:1)
[2026-05-10 00:29:18.401] [GetTemp--2147478764]:i2c write failed
[2026-05-10 00:29:18.401] 3161,83,98,0.0
[2026-05-10 00:29:18.513] [GetTemp--2147478764]:i2c write failed
[2026-05-10 00:29:18.513] 3162,83,98,0.0
[2026-05-10 00:29:18.623] [GetTemp--2147478764]:i2c write failed
[2026-05-10 00:29:18.623] 3163,83,98,0.0
[2026-05-10 00:29:18.718] [GetTemp--2147478764]:i2c write failed
[2026-05-10 00:29:18.719] 3164,83,98,0.0
[2026-05-10 00:29:19.024] [GetTemp--2147478764]:i2c write failed
[2026-05-10 00:29:19.024] 3165,83,98,0.0
[2026-05-10 00:29:19.135] [GetTemp--2147478764]:i2c write failed
[2026-05-10 00:29:19.135] 3166,83,98,0.0
[2026-05-10 00:29:19.231] [GetTemp--2147478764]:i2c write failed
[2026-05-10 00:29:19.231] 3167,83,98,0.0
[2026-05-10 00:29:19.327] [GetTemp--2147478764]:i2c write failed
[2026-05-10 00:29:19.327] 3168,83,98,0.0
[2026-05-10 00:29:19.422] HR=93 SpO2=98 (raw:95/99 valid:1/1 sqi:1)
[2026-05-10 00:29:19.422] [GetTemp--2147478764]:i2c write failed
[2026-05-10 00:29:19.422] 3169,83,98,0.0
[2026-05-10 00:29:19.734] [GetTemp--2147478764]:i2c write failed
[2026-05-10 00:29:19.735] 3170,83,98,0.0
[2026-05-10 00:29:19.843] [GetTemp--2147478764]:i2c write failed
[2026-05-10 00:29:19.844] 3171,83,98,0.0
[2026-05-10 00:29:19.938] [GetTemp--2147478764]:i2c write failed
[2026-05-10 00:29:19.938] 3172,83,98,0.0
[2026-05-10 00:29:20.034] [GetTemp--2147478764]:i2c write failed
[2026-05-10 00:29:20.034] 3173,83,98,0.0
[2026-05-10 00:29:20.129] [GetTemp--2147478764]:i2c write failed
[2026-05-10 00:29:20.129] 3174,83,98,0.0
[2026-05-10 00:29:20.384] HR=93 SpO2=98 (raw:98/99 valid:1/1 sqi:1)
[2026-05-10 00:29:20.448] [GetTemp--2147478764]:i2c write failed
[2026-05-10 00:29:20.448] 3175,83,98,0.0
[2026-05-10 00:29:20.543] [GetTemp--2147478764]:i2c write failed
[2026-05-10 00:29:20.544] 3176,83,98,0.0
[2026-05-10 00:29:20.653] [GetTemp--2147478764]:i2c write failed
[2026-05-10 00:29:20.654] 3177,83,98,0.0
[2026-05-10 00:29:20.746] [GetTemp--2147478764]:i2c write failed
[2026-05-10 00:29:20.747] 3178,83,98,0.0
[2026-05-10 00:29:20.848] [GetTemp--2147478764]:i2c write failed
[2026-05-10 00:29:20.850] 3179,83,98,0.0
[2026-05-10 00:29:21.151] [GetTemp--2147478764]:i2c write failed
[2026-05-10 00:29:21.153] 3180,83,98,0.0
[2026-05-10 00:29:21.263] [GetTemp--2147478764]:i2c write failed
[2026-05-10 00:29:21.264] 3181,83,98,0.0
[2026-05-10 00:29:21.359] [GetTemp--2147478764]:i2c write failed
[2026-05-10 00:29:21.359] 3182,83,98,0.0
[2026-05-10 00:29:21.455] [GetTemp--2147478764]:i2c write failed
[2026-05-10 00:29:21.455] 3183,83,98,0.0
[2026-05-10 00:29:21.534] HR=95 SpO2=98 (raw:98/97 valid:1/1 sqi:1)
[2026-05-10 00:29:21.548] [GetTemp--2147478764]:i2c write failed
[2026-05-10 00:29:21.552] 3184,85,98,0.0
[2026-05-10 00:29:21.869] [GetTemp--2147478764]:i2c write failed
[2026-05-10 00:29:21.869] 3185,85,98,0.0
[2026-05-10 00:29:21.963] [GetTemp--2147478764]:i2c write failed
[2026-05-10 00:29:21.964] 3186,85,98,0.0
[2026-05-10 00:29:22.072] [GetTemp--2147478764]:i2c write failed
[2026-05-10 00:29:22.072] 3187,85,98,0.0
[2026-05-10 00:29:22.165] [GetTemp--2147478764]:i2c write failed
[2026-05-10 00:29:22.165] 3188,85,98,0.0
[2026-05-10 00:29:22.265] [GetTemp--2147478764]:i2c write failed
[2026-05-10 00:29:22.265] 3189,85,98,0.0
[2026-05-10 00:29:22.583] [GetTemp--2147478764]:i2c write failed
[2026-05-10 00:29:22.583] 3190,85,98,0.0
[2026-05-10 00:29:22.678] [GetTemp--2147478764]:i2c write failed
[2026-05-10 00:29:22.678] 3191,85,98,0.0
[2026-05-10 00:29:22.771] [GetTemp--2147478764]:i2c write failed
[2026-05-10 00:29:22.774] 3192,85,98,0.0
[2026-05-10 00:29:22.793] HR=98 SpO2=98 (raw:98/98 valid:1/1 sqi:1)
[2026-05-10 00:29:22.880] [GetTemp--2147478764]:i2c write failed
[2026-05-10 00:29:22.881] 3193,88,98,0.0
[2026-05-10 00:29:22.982] [GetTemp--2147478764]:i2c write failed
[2026-05-10 00:29:22.982] 3194,88,98,0.0
[2026-05-10 00:29:23.286] [GetTemp--2147478764]:i2c write failed
[2026-05-10 00:29:23.288] 3195,88,98,0.0
[2026-05-10 00:29:23.382] [GetTemp--2147478764]:i2c write failed
[2026-05-10 00:29:23.382] 3196,88,98,0.0
[2026-05-10 00:29:23.494] [GetTemp--2147478764]:i2c write failed
[2026-05-10 00:29:23.494] 3197,88,98,0.0
[2026-05-10 00:29:23.590] [GetTemp--2147478764]:i2c write failed
[2026-05-10 00:29:23.590] 3198,88,98,0.0
[2026-05-10 00:29:23.686] [GetTemp--2147478764]:i2c write failed
[2026-05-10 00:29:23.687] 3199,88,98,0.0
[2026-05-10 00:29:23.907] HR=98 SpO2=98 (raw:98/98 valid:1/1 sqi:1)
[2026-05-10 00:29:23.991] [GetTemp--2147478764]:i2c write failed
[2026-05-10 00:29:23.991] 3200,88,98,0.0
[2026-05-10 00:29:24.103] [GetTemp--2147478764]:i2c write failed
[2026-05-10 00:29:24.103] 3201,88,98,0.0
[2026-05-10 00:29:24.199] [GetTemp--2147478764]:i2c write failed
[2026-05-10 00:29:24.199] 3202,88,98,0.0
[2026-05-10 00:29:24.294] [GetTemp--2147478764]:i2c write failed
[2026-05-10 00:29:24.294] 3203,88,98,0.0
[2026-05-10 00:29:24.390] [GetTemp--2147478764]:i2c write failed
[2026-05-10 00:29:24.390] 3204,88,98,0.0
[2026-05-10 00:29:24.707] [GetTemp--2147478764]:i2c write failed
[2026-05-10 00:29:24.708] 3205,88,98,0.0
[2026-05-10 00:29:24.802] [GetTemp--2147478764]:i2c write failed
[2026-05-10 00:29:24.802] 3206,88,98,0.0
[2026-05-10 00:29:24.911] [GetTemp--2147478764]:i2c write failed
[2026-05-10 00:29:24.912] 3207,88,98,0.0
[2026-05-10 00:29:24.924] HR=98 SpO2=98 (raw:96/97 valid:1/1 sqi:1)
[2026-05-10 00:29:25.012] [GetTemp--2147478764]:i2c write failed
[2026-05-10 00:29:25.012] 3208,88,98,0.0
[2026-05-10 00:29:25.108] [GetTemp--2147478764]:i2c write failed
[2026-05-10 00:29:25.108] 3209,88,98,0.0
[2026-05-10 00:29:25.409] [GetTemp--2147478764]:i2c write failed
[2026-05-10 00:29:25.411] 3210,88,98,0.0
[2026-05-10 00:29:25.520] [GetTemp--2147478764]:i2c write failed
[2026-05-10 00:29:25.520] 3211,88,98,0.0
[2026-05-10 00:29:25.616] [GetTemp--2147478764]:i2c write failed
[2026-05-10 00:29:25.618] 3212,88,98,0.0
[2026-05-10 00:29:25.712] [GetTemp--2147478764]:i2c write failed
[2026-05-10 00:29:25.712] 3213,88,98,0.0
[2026-05-10 00:29:25.823] [GetTemp--2147478764]:i2c write failed
[2026-05-10 00:29:25.823] 3214,88,98,0.0
[2026-05-10 00:29:26.048] HR=98 SpO2=97 (raw:95/97 valid:1/1 sqi:1)
[2026-05-10 00:29:26.128] [GetTemp--2147478764]:i2c write failed
[2026-05-10 00:29:26.128] 3215,88,97,0.0
[2026-05-10 00:29:26.224] [GetTemp--2147478764]:i2c write failed
[2026-05-10 00:29:26.224] 3216,88,97,0.0
[2026-05-10 00:29:26.320] [GetTemp--2147478764]:i2c write failed
[2026-05-10 00:29:26.336] 3217,88,97,0.0
[2026-05-10 00:29:26.432] [GetTemp--2147478764]:i2c write failed
[2026-05-10 00:29:26.432] 3218,88,97,0.0
[2026-05-10 00:29:26.527] [GetTemp--2147478764]:i2c write failed
[2026-05-10 00:29:26.527] 3219,88,97,0.0
[2026-05-10 00:29:26.840] [GetTemp--2147478764]:i2c write failed
[2026-05-10 00:29:26.840] 3220,88,97,0.0
[2026-05-10 00:29:26.944] [GetTemp--2147478764]:i2c write failed
[2026-05-10 00:29:26.944] 3221,88,97,0.0
[2026-05-10 00:29:27.041] [GetTemp--2147478764]:i2c write failed
[2026-05-10 00:29:27.041] 3222,88,97,0.0
[2026-05-10 00:29:27.137] [GetTemp--2147478764]:i2c write failed
[2026-05-10 00:29:27.137] 3223,88,97,0.0
[2026-05-10 00:29:27.233] HR=96 SpO2=98 (raw:89/98 valid:1/1 sqi:1)
[2026-05-10 00:29:27.233] [GetTemp--2147478764]:i2c write failed
[2026-05-10 00:29:27.233] 3224,86,98,0.0
[2026-05-10 00:29:27.551] [GetTemp--2147478764]:i2c write failed
[2026-05-10 00:29:27.551] 3225,86,98,0.0
[2026-05-10 00:29:27.648] [GetTemp--2147478764]:i2c write failed
[2026-05-10 00:29:27.648] 3226,86,98,0.0
[2026-05-10 00:29:27.741] [GetTemp--2147478764]:i2c write failed
[2026-05-10 00:29:27.743] 3227,86,98,0.0
[2026-05-10 00:29:27.851] [GetTemp--2147478764]:i2c write failed
[2026-05-10 00:29:27.852] 3228,86,98,0.0
[2026-05-10 00:29:27.944] [GetTemp--2147478764]:i2c write failed
[2026-05-10 00:29:27.944] 3229,86,98,0.0
[2026-05-10 00:29:28.191] HR=95 SpO2=98 (raw:88/99 valid:1/1 sqi:1)
[2026-05-10 00:29:28.255] [GetTemp--2147478764]:i2c write failed
[2026-05-10 00:29:28.255] 3230,85,98,0.0
[2026-05-10 00:29:28.349] [GetTemp--2147478764]:i2c write failed
[2026-05-10 00:29:28.365] 3231,85,98,0.0
[2026-05-10 00:29:28.461] [GetTemp--2147478764]:i2c write failed
[2026-05-10 00:29:28.461] 3232,85,98,0.0
[2026-05-10 00:29:28.556] [GetTemp--2147478764]:i2c write failed
[2026-05-10 00:29:28.556] 3233,85,98,0.0
[2026-05-10 00:29:28.651] [GetTemp--2147478764]:i2c write failed
[2026-05-10 00:29:28.653] 3234,85,98,0.0
[2026-05-10 00:29:28.974] [GetTemp--2147478764]:i2c write failed
[2026-05-10 00:29:28.974] 3235,85,98,0.0
[2026-05-10 00:29:29.070] [GetTemp--2147478764]:i2c write failed
[2026-05-10 00:29:29.070] 3236,85,98,0.0
[2026-05-10 00:29:29.166] [GetTemp--2147478764]:i2c write failed
[2026-05-10 00:29:29.166] 3237,85,98,0.0
[2026-05-10 00:29:29.261] [GetTemp--2147478764]:i2c write failed
[2026-05-10 00:29:29.261] 3238,85,98,0.0
[2026-05-10 00:29:29.356] HR=89 SpO2=98 (raw:88/98 valid:1/1 sqi:1)
[2026-05-10 00:29:29.356] [GetTemp--2147478764]:i2c write failed
[2026-05-10 00:29:29.356] 3239,79,98,0.0
[2026-05-10 00:29:29.673] [GetTemp--2147478764]:i2c write failed
[2026-05-10 00:29:29.673] 3240,79,98,0.0
[2026-05-10 00:29:29.784] [GetTemp--2147478764]:i2c write failed
[2026-05-10 00:29:29.785] 3241,79,98,0.0
[2026-05-10 00:29:29.876] [GetTemp--2147478764]:i2c write failed
[2026-05-10 00:29:29.877] 3242,79,98,0.0
[2026-05-10 00:29:29.980] [GetTemp--2147478764]:i2c write failed
[2026-05-10 00:29:29.981] 3243,79,98,0.0
[2026-05-10 00:29:30.075] [GetTemp--2147478764]:i2c write failed
[2026-05-10 00:29:30.077] 3244,79,98,0.0
[2026-05-10 00:29:30.393] [GetTemp--2147478764]:i2c write failed
[2026-05-10 00:29:30.393] 3245,79,98,0.0
[2026-05-10 00:29:30.456] HR=88 SpO2=98 (raw:88/98 valid:1/1 sqi:1)
[2026-05-10 00:29:30.488] [GetTemp--2147478764]:i2c write failed
[2026-05-10 00:29:30.488] 3246,78,98,0.0
[2026-05-10 00:29:30.582] [GetTemp--2147478764]:i2c write failed
[2026-05-10 00:29:30.582] 3247,78,98,0.0
[2026-05-10 00:29:30.692] [GetTemp--2147478764]:i2c write failed
[2026-05-10 00:29:30.692] 3248,78,98,0.0
[2026-05-10 00:29:30.786] [GetTemp--2147478764]:i2c write failed
[2026-05-10 00:29:30.786] 3249,78,98,0.0
[2026-05-10 00:29:31.095] [GetTemp--2147478764]:i2c write failed
[2026-05-10 00:29:31.095] 3250,78,98,0.0
[2026-05-10 00:29:31.191] [GetTemp--2147478764]:i2c write failed
[2026-05-10 00:29:31.193] 3251,78,98,0.0
[2026-05-10 00:29:31.302] [GetTemp--2147478764]:i2c write failed
[2026-05-10 00:29:31.302] 3252,78,98,0.0
[2026-05-10 00:29:31.398] [GetTemp--2147478764]:i2c write failed
[2026-05-10 00:29:31.398] 3253,78,98,0.0
[2026-05-10 00:29:31.493] [GetTemp--2147478764]:i2c write failed
[2026-05-10 00:29:31.493] 3254,78,98,0.0
[2026-05-10 00:29:31.731] HR=88 SpO2=98 (raw:89/99 valid:1/1 sqi:1)
[2026-05-10 00:29:31.809] [GetTemp--2147478764]:i2c write failed
[2026-05-10 00:29:31.810] 3255,78,98,0.0
[2026-05-10 00:29:31.902] [GetTemp--2147478764]:i2c write failed
[2026-05-10 00:29:31.902] 3256,78,98,0.0
[2026-05-10 00:29:32.005] [GetTemp--2147478764]:i2c write failed
[2026-05-10 00:29:32.005] 3257,78,98,0.0
[2026-05-10 00:29:32.100] [GetTemp--2147478764]:i2c write failed
[2026-05-10 00:29:32.100] 3258,78,98,0.0
[2026-05-10 00:29:32.212] [GetTemp--2147478764]:i2c write failed
[2026-05-10 00:29:32.212] 3259,78,98,0.0
[2026-05-10 00:29:32.514] [GetTemp--2147478764]:i2c write failed
[2026-05-10 00:29:32.514] 3260,78,98,0.0
[2026-05-10 00:29:32.610] [GetTemp--2147478764]:i2c write failed
[2026-05-10 00:29:32.626] 3261,78,98,0.0
[2026-05-10 00:29:32.720] [GetTemp--2147478764]:i2c write failed
[2026-05-10 00:29:32.720] 3262,78,98,0.0
[2026-05-10 00:29:32.737] HR=88 SpO2=99 (raw:93/99 valid:1/1 sqi:1)
[2026-05-10 00:29:32.813] [GetTemp--2147478764]:i2c write failed
[2026-05-10 00:29:32.813] 3263,78,99,0.0
[2026-05-10 00:29:32.921] [GetTemp--2147478764]:i2c write failed
[2026-05-10 00:29:32.922] 3264,78,99,0.0
[2026-05-10 00:29:33.220] [GetTemp--2147478764]:i2c write failed
[2026-05-10 00:29:33.236] 3265,78,99,0.0
[2026-05-10 00:29:33.332] [GetTemp--2147478764]:i2c write failed
[2026-05-10 00:29:33.332] 3266,78,99,0.0
[2026-05-10 00:29:33.428] [GetTemp--2147478764]:i2c write failed
[2026-05-10 00:29:33.428] 3267,78,99,0.0
[2026-05-10 00:29:33.524] [GetTemp--2147478764]:i2c write failed
[2026-05-10 00:29:33.524] 3268,78,99,0.0
[2026-05-10 00:29:33.620] [GetTemp--2147478764]:i2c write failed
[2026-05-10 00:29:33.636] 3269,78,99,0.0
[2026-05-10 00:29:33.855] HR=89 SpO2=98 (raw:92/98 valid:1/1 sqi:1)
[2026-05-10 00:29:33.943] [GetTemp--2147478764]:i2c write failed
[2026-05-10 00:29:33.943] 3270,79,98,0.0
[2026-05-10 00:29:34.039] [GetTemp--2147478764]:i2c write failed
[2026-05-10 00:29:34.041] 3271,79,98,0.0
[2026-05-10 00:29:34.134] [GetTemp--2147478764]:i2c write failed
[2026-05-10 00:29:34.134] 3272,79,98,0.0
[2026-05-10 00:29:34.229] [GetTemp--2147478764]:i2c write failed
[2026-05-10 00:29:34.245] 3273,79,98,0.0
[2026-05-10 00:29:34.341] [GetTemp--2147478764]:i2c write failed
[2026-05-10 00:29:34.341] 3274,79,98,0.0
[2026-05-10 00:29:34.644] [GetTemp--2147478764]:i2c write failed
[2026-05-10 00:29:34.644] 3275,79,98,0.0
[2026-05-10 00:29:34.753] [GetTemp--2147478764]:i2c write failed
[2026-05-10 00:29:34.753] 3276,79,98,0.0
[2026-05-10 00:29:34.848] [GetTemp--2147478764]:i2c write failed
[2026-05-10 00:29:34.848] 3277,79,98,0.0
[2026-05-10 00:29:34.868] HR=92 SpO2=98 (raw:93/98 valid:1/1 sqi:1)
[2026-05-10 00:29:34.942] [GetTemp--2147478764]:i2c write failed
[2026-05-10 00:29:34.943] 3278,82,98,0.0
[2026-05-10 00:29:35.044] [GetTemp--2147478764]:i2c write failed
[2026-05-10 00:29:35.044] 3279,82,98,0.0
[2026-05-10 00:29:35.363] [GetTemp--2147478764]:i2c write failed
[2026-05-10 00:29:35.363] 3280,82,98,0.0
[2026-05-10 00:29:35.459] [GetTemp--2147478764]:i2c write failed
[2026-05-10 00:29:35.461] 3281,82,98,0.0
[2026-05-10 00:29:35.554] [GetTemp--2147478764]:i2c write failed
[2026-05-10 00:29:35.554] 3282,82,98,0.0
[2026-05-10 00:29:35.664] [GetTemp--2147478764]:i2c write failed
[2026-05-10 00:29:35.665] 3283,82,98,0.0
[2026-05-10 00:29:35.758] [GetTemp--2147478764]:i2c write failed
[2026-05-10 00:29:35.758] 3284,82,98,0.0
[2026-05-10 00:29:36.065] [GetTemp--2147478764]:i2c write failed
[2026-05-10 00:29:36.065] 3285,82,98,0.0
[2026-05-10 00:29:36.145] HR=93 SpO2=98 (raw:93/97 valid:1/1 sqi:1)
[2026-05-10 00:29:36.161] [GetTemp--2147478764]:i2c write failed
[2026-05-10 00:29:36.161] 3286,83,98,0.0
[2026-05-10 00:29:36.272] [GetTemp--2147478764]:i2c write failed
[2026-05-10 00:29:36.272] 3287,83,98,0.0
[2026-05-10 00:29:36.368] [GetTemp--2147478764]:i2c write failed
[2026-05-10 00:29:36.368] 3288,83,98,0.0
[2026-05-10 00:29:36.464] [GetTemp--2147478764]:i2c write failed
[2026-05-10 00:29:36.464] 3289,83,98,0.0
[2026-05-10 00:29:36.778] [GetTemp--2147478764]:i2c write failed
[2026-05-10 00:29:36.778] 3290,83,98,0.0
[2026-05-10 00:29:36.878] [GetTemp--2147478764]:i2c write failed
[2026-05-10 00:29:36.878] 3291,83,98,0.0
[2026-05-10 00:29:36.975] [GetTemp--2147478764]:i2c write failed
[2026-05-10 00:29:36.975] 3292,83,98,0.0
[2026-05-10 00:29:37.070] [GetTemp--2147478764]:i2c write failed
[2026-05-10 00:29:37.070] 3293,83,98,0.0
[2026-05-10 00:29:37.166] HR=93 SpO2=98 (raw:95/98 valid:1/1 sqi:1)
[2026-05-10 00:29:37.182] [GetTemp--2147478764]:i2c write failed
[2026-05-10 00:29:37.182] 3294,83,98,0.0
[2026-05-10 00:29:37.484] [GetTemp--2147478764]:i2c write failed
[2026-05-10 00:29:37.484] 3295,83,98,0.0
[2026-05-10 00:29:37.580] [GetTemp--2147478764]:i2c write failed
[2026-05-10 00:29:37.596] 3296,83,98,0.0
[2026-05-10 00:29:37.690] [GetTemp--2147478764]:i2c write failed
[2026-05-10 00:29:37.691] 3297,83,98,0.0
[2026-05-10 00:29:37.785] [GetTemp--2147478764]:i2c write failed
[2026-05-10 00:29:37.785] 3298,83,98,0.0
[2026-05-10 00:29:37.892] [GetTemp--2147478764]:i2c write failed
[2026-05-10 00:29:37.893] 3299,83,98,0.0
[2026-05-10 00:29:38.203] [GetTemp--2147478764]:i2c write failed
[2026-05-10 00:29:38.203] 3300,83,98,0.0
[2026-05-10 00:29:38.266] HR=93 SpO2=98 (raw:98/97 valid:1/1 sqi:1)
[2026-05-10 00:29:38.297] [GetTemp--2147478764]:i2c write failed
[2026-05-10 00:29:38.297] 3301,83,98,0.0
[2026-05-10 00:29:38.392] [GetTemp--2147478764]:i2c write failed
[2026-05-10 00:29:38.392] 3302,83,98,0.0
[2026-05-10 00:29:38.503] [GetTemp--2147478764]:i2c write failed
[2026-05-10 00:29:38.503] 3303,83,98,0.0
[2026-05-10 00:29:38.599] [GetTemp--2147478764]:i2c write failed
[2026-05-10 00:29:38.599] 3304,83,98,0.0
[2026-05-10 00:29:38.912] [GetTemp--2147478764]:i2c write failed
[2026-05-10 00:29:38.913] 3305,83,98,0.0
[2026-05-10 00:29:38.999] [GetTemp--2147478764]:i2c write failed
[2026-05-10 00:29:38.999] 3306,83,98,0.0
[2026-05-10 00:29:39.110] [GetTemp--2147478764]:i2c write failed
[2026-05-10 00:29:39.110] 3307,83,98,0.0
[2026-05-10 00:29:39.205] [GetTemp--2147478764]:i2c write failed
[2026-05-10 00:29:39.205] 3308,83,98,0.0
[2026-05-10 00:29:39.300] HR=95 SpO2=98 (raw:98/98 valid:1/1 sqi:1)
[2026-05-10 00:29:39.302] [GetTemp--2147478764]:i2c write failed
[2026-05-10 00:29:39.302] 3309,85,98,0.0
[2026-05-10 00:29:39.619] [GetTemp--2147478764]:i2c write failed
[2026-05-10 00:29:39.619] 3310,85,98,0.0
[2026-05-10 00:29:39.713] [GetTemp--2147478764]:i2c write failed
[2026-05-10 00:29:39.714] 3311,85,98,0.0
[2026-05-10 00:29:39.823] [GetTemp--2147478764]:i2c write failed
[2026-05-10 00:29:39.823] 3312,85,98,0.0
[2026-05-10 00:29:39.918] [GetTemp--2147478764]:i2c write failed
[2026-05-10 00:29:39.919] 3313,85,98,0.0
[2026-05-10 00:29:40.019] [GetTemp--2147478764]:i2c write failed
[2026-05-10 00:29:40.019] 3314,85,98,0.0
[2026-05-10 00:29:40.321] [GetTemp--2147478764]:i2c write failed
[2026-05-10 00:29:40.323] 3315,85,98,0.0
[2026-05-10 00:29:40.432] [GetTemp--2147478764]:i2c write failed
[2026-05-10 00:29:40.432] 3316,85,98,0.0
[2026-05-10 00:29:40.528] [GetTemp--2147478764]:i2c write failed
[2026-05-10 00:29:40.528] 3317,85,98,0.0
[2026-05-10 00:29:40.544] HR=98 SpO2=98 (raw:98/98 valid:1/1 sqi:1)
[2026-05-10 00:29:40.623] [GetTemp--2147478764]:i2c write failed
[2026-05-10 00:29:40.623] 3318,88,98,0.0
[2026-05-10 00:29:40.732] [GetTemp--2147478764]:i2c write failed
[2026-05-10 00:29:40.732] 3319,88,98,0.0
[2026-05-10 00:29:41.032] [GetTemp--2147478764]:i2c write failed
[2026-05-10 00:29:41.032] 3320,88,98,0.0
[2026-05-10 00:29:41.142] [GetTemp--2147478764]:i2c write failed
[2026-05-10 00:29:41.143] 3321,88,98,0.0
[2026-05-10 00:29:41.238] [GetTemp--2147478764]:i2c write failed
[2026-05-10 00:29:41.239] 3322,88,98,0.0
[2026-05-10 00:29:41.334] [GetTemp--2147478764]:i2c write failed
[2026-05-10 00:29:41.334] 3323,88,98,0.0
[2026-05-10 00:29:41.445] [GetTemp--2147478764]:i2c write failed
[2026-05-10 00:29:41.445] 3324,88,98,0.0
[2026-05-10 00:29:41.667] HR=98 SpO2=98 (raw:93/98 valid:1/1 sqi:1)
[2026-05-10 00:29:41.746] [GetTemp--2147478764]:i2c write failed
[2026-05-10 00:29:41.746] 3325,88,98,0.0
[2026-05-10 00:29:41.840] [GetTemp--2147478764]:i2c write failed
[2026-05-10 00:29:41.842] 3326,88,98,0.0
[2026-05-10 00:29:41.950] [GetTemp--2147478764]:i2c write failed
[2026-05-10 00:29:41.950] 3327,88,98,0.0
[2026-05-10 00:29:42.054] [GetTemp--2147478764]:i2c write failed
[2026-05-10 00:29:42.054] 3328,88,98,0.0
[2026-05-10 00:29:42.150] [GetTemp--2147478764]:i2c write failed
[2026-05-10 00:29:42.153] 3329,88,98,0.0
[2026-05-10 00:29:42.452] [GetTemp--2147478764]:i2c write failed
[2026-05-10 00:29:42.452] 3330,88,98,0.0
[2026-05-10 00:29:42.549] [GetTemp--2147478764]:i2c write failed
[2026-05-10 00:29:42.549] 3331,88,98,0.0
[2026-05-10 00:29:42.659] [GetTemp--2147478764]:i2c write failed
[2026-05-10 00:29:42.662] 3332,88,98,0.0
[2026-05-10 00:29:42.675] HR=98 SpO2=98 (raw:93/97 valid:1/1 sqi:1)
[2026-05-10 00:29:42.753] [GetTemp--2147478764]:i2c write failed
[2026-05-10 00:29:42.753] 3333,88,98,0.0
[2026-05-10 00:29:42.861] [GetTemp--2147478764]:i2c write failed
[2026-05-10 00:29:42.861] 3334,88,98,0.0
[2026-05-10 00:29:43.170] [GetTemp--2147478764]:i2c write failed
[2026-05-10 00:29:43.170] 3335,88,98,0.0
[2026-05-10 00:29:43.266] [GetTemp--2147478764]:i2c write failed
[2026-05-10 00:29:43.266] 3336,88,98,0.0
[2026-05-10 00:29:43.362] [GetTemp--2147478764]:i2c write failed
[2026-05-10 00:29:43.362] 3337,88,98,0.0
[2026-05-10 00:29:43.474] [GetTemp--2147478764]:i2c write failed
[2026-05-10 00:29:43.474] 3338,88,98,0.0
[2026-05-10 00:29:43.570] [GetTemp--2147478764]:i2c write failed
[2026-05-10 00:29:43.570] 3339,88,98,0.0
[2026-05-10 00:29:43.791] HR=93 SpO2=98 (raw:92/98 valid:1/1 sqi:1)
[2026-05-10 00:29:43.871] [GetTemp--2147478764]:i2c write failed
[2026-05-10 00:29:43.873] 3340,83,98,0.0
[2026-05-10 00:29:43.981] [GetTemp--2147478764]:i2c write failed
[2026-05-10 00:29:43.981] 3341,83,98,0.0
[2026-05-10 00:29:44.083] [GetTemp--2147478764]:i2c write failed
[2026-05-10 00:29:44.083] 3342,83,98,0.0
[2026-05-10 00:29:44.179] [GetTemp--2147478764]:i2c write failed
[2026-05-10 00:29:44.179] 3343,83,98,0.0
[2026-05-10 00:29:44.275] [GetTemp--2147478764]:i2c write failed
[2026-05-10 00:29:44.275] 3344,83,98,0.0
[2026-05-10 00:29:44.593] [GetTemp--2147478764]:i2c write failed
[2026-05-10 00:29:44.593] 3345,83,98,0.0
[2026-05-10 00:29:44.689] [GetTemp--2147478764]:i2c write failed
[2026-05-10 00:29:44.689] 3346,83,98,0.0
[2026-05-10 00:29:44.782] [GetTemp--2147478764]:i2c write failed
[2026-05-10 00:29:44.782] 3347,83,98,0.0
[2026-05-10 00:29:44.891] [GetTemp--2147478764]:i2c write failed
[2026-05-10 00:29:44.892] 3348,83,98,0.0
[2026-05-10 00:29:44.970] HR=93 SpO2=98 (raw:93/98 valid:1/1 sqi:1)
[2026-05-10 00:29:44.978] [GetTemp--2147478764]:i2c write failed
[2026-05-10 00:29:44.982] 3349,83,98,0.0
[2026-05-10 00:29:45.297] [GetTemp--2147478764]:i2c write failed
[2026-05-10 00:29:45.297] 3350,83,98,0.0
[2026-05-10 00:29:45.392] [GetTemp--2147478764]:i2c write failed
[2026-05-10 00:29:45.394] 3351,83,98,0.0
[2026-05-10 00:29:45.504] [GetTemp--2147478764]:i2c write failed
[2026-05-10 00:29:45.504] 3352,83,98,0.0
[2026-05-10 00:29:45.600] [GetTemp--2147478764]:i2c write failed
[2026-05-10 00:29:45.600] 3353,83,98,0.0
[2026-05-10 00:29:45.695] [GetTemp--2147478764]:i2c write failed
[2026-05-10 00:29:45.695] 3354,83,98,0.0
[2026-05-10 00:29:46.010] [GetTemp--2147478764]:i2c write failed
[2026-05-10 00:29:46.010] 3355,83,98,0.0
[2026-05-10 00:29:46.076] HR=93 SpO2=98 (raw:103/98 valid:1/1 sqi:1)
[2026-05-10 00:29:46.108] [GetTemp--2147478764]:i2c write failed
[2026-05-10 00:29:46.108] 3356,83,98,0.0
[2026-05-10 00:29:46.204] [GetTemp--2147478764]:i2c write failed
[2026-05-10 00:29:46.204] 3357,83,98,0.0
[2026-05-10 00:29:46.300] [GetTemp--2147478764]:i2c write failed
[2026-05-10 00:29:46.316] 3358,83,98,0.0
[2026-05-10 00:29:46.411] [GetTemp--2147478764]:i2c write failed
[2026-05-10 00:29:46.411] 3359,83,98,0.0
[2026-05-10 00:29:46.714] [GetTemp--2147478764]:i2c write failed
[2026-05-10 00:29:46.714] 3360,83,98,0.0
[2026-05-10 00:29:46.823] [GetTemp--2147478764]:i2c write failed
[2026-05-10 00:29:46.823] 3361,83,98,0.0
[2026-05-10 00:29:46.917] [GetTemp--2147478764]:i2c write failed
[2026-05-10 00:29:46.917] 3362,83,98,0.0
[2026-05-10 00:29:47.010] [GetTemp--2147478764]:i2c write failed
[2026-05-10 00:29:47.012] 3363,83,98,0.0
[2026-05-10 00:29:47.099] HR=93 SpO2=98 (raw:103/97 valid:1/1 sqi:1)
[2026-05-10 00:29:47.115] [GetTemp--2147478764]:i2c write failed
[2026-05-10 00:29:47.115] 3364,83,98,0.0
[2026-05-10 00:29:47.419] [GetTemp--2147478764]:i2c write failed
[2026-05-10 00:29:47.420] 3365,83,98,0.0
[2026-05-10 00:29:47.530] [GetTemp--2147478764]:i2c write failed
[2026-05-10 00:29:47.530] 3366,83,98,0.0
[2026-05-10 00:29:47.625] [GetTemp--2147478764]:i2c write failed
[2026-05-10 00:29:47.625] 3367,83,98,0.0
[2026-05-10 00:29:47.734] [GetTemp--2147478764]:i2c write failed
[2026-05-10 00:29:47.734] 3368,83,98,0.0
[2026-05-10 00:29:47.827] [GetTemp--2147478764]:i2c write failed
[2026-05-10 00:29:47.828] 3369,83,98,0.0
[2026-05-10 00:29:48.144] [GetTemp--2147478764]:i2c write failed
[2026-05-10 00:29:48.144] 3370,83,98,0.0
[2026-05-10 00:29:48.208] HR=103 SpO2=98 (raw:103/97 valid:1/1 sqi:1)
[2026-05-10 00:29:48.229] [GetTemp--2147478764]:i2c write failed
[2026-05-10 00:29:48.229] 3371,93,98,0.0
[2026-05-10 00:29:48.334] [GetTemp--2147478764]:i2c write failed
[2026-05-10 00:29:48.336] 3372,93,98,0.0
[2026-05-10 00:29:48.429] [GetTemp--2147478764]:i2c write failed
[2026-05-10 00:29:48.445] 3373,93,98,0.0
[2026-05-10 00:29:48.541] [GetTemp--2147478764]:i2c write failed
[2026-05-10 00:29:48.541] 3374,93,98,0.0
[2026-05-10 00:29:48.854] [GetTemp--2147478764]:i2c write failed
[2026-05-10 00:29:48.854] 3375,93,98,0.0
[2026-05-10 00:29:48.942] [GetTemp--2147478764]:i2c write failed
[2026-05-10 00:29:48.943] 3376,93,98,0.0
[2026-05-10 00:29:49.054] [GetTemp--2147478764]:i2c write failed
[2026-05-10 00:29:49.054] 3377,93,98,0.0
[2026-05-10 00:29:49.149] [GetTemp--2147478764]:i2c write failed
[2026-05-10 00:29:49.149] 3378,93,98,0.0
[2026-05-10 00:29:49.245] [GetTemp--2147478764]:i2c write failed
[2026-05-10 00:29:49.245] 3379,93,98,0.0
[2026-05-10 00:29:49.483] HR=103 SpO2=97 (raw:96/97 valid:1/1 sqi:1)
[2026-05-10 00:29:49.562] [GetTemp--2147478764]:i2c write failed
[2026-05-10 00:29:49.562] 3380,93,97,0.0
[2026-05-10 00:29:49.657] [GetTemp--2147478764]:i2c write failed
[2026-05-10 00:29:49.657] 3381,93,97,0.0
[2026-05-10 00:29:49.751] [GetTemp--2147478764]:i2c write failed
[2026-05-10 00:29:49.752] 3382,93,97,0.0
[2026-05-10 00:29:49.862] [GetTemp--2147478764]:i2c write failed
[2026-05-10 00:29:49.863] 3383,93,97,0.0
[2026-05-10 00:29:49.957] [GetTemp--2147478764]:i2c write failed
[2026-05-10 00:29:49.958] 3384,93,97,0.0
[2026-05-10 00:29:50.268] [GetTemp--2147478764]:i2c write failed
[2026-05-10 00:29:50.268] 3385,93,97,0.0
[2026-05-10 00:29:50.364] [GetTemp--2147478764]:i2c write failed
[2026-05-10 00:29:50.364] 3386,93,97,0.0
[2026-05-10 00:29:50.460] [GetTemp--2147478764]:i2c write failed
[2026-05-10 00:29:50.462] 3387,93,97,0.0
[2026-05-10 00:29:50.476] HR=103 SpO2=97 (raw:89/98 valid:1/1 sqi:1)
[2026-05-10 00:29:50.572] [GetTemp--2147478764]:i2c write failed
[2026-05-10 00:29:50.572] 3388,93,97,0.0
[2026-05-10 00:29:50.667] [GetTemp--2147478764]:i2c write failed
[2026-05-10 00:29:50.667] 3389,93,97,0.0
[2026-05-10 00:29:50.982] [GetTemp--2147478764]:i2c write failed
[2026-05-10 00:29:50.983] 3390,93,97,0.0
[2026-05-10 00:29:51.084] [GetTemp--2147478764]:i2c write failed
[2026-05-10 00:29:51.084] 3391,93,97,0.0
[2026-05-10 00:29:51.180] [GetTemp--2147478764]:i2c write failed
[2026-05-10 00:29:51.180] 3392,93,97,0.0
[2026-05-10 00:29:51.275] [GetTemp--2147478764]:i2c write failed
[2026-05-10 00:29:51.275] 3393,93,97,0.0
[2026-05-10 00:29:51.370] [GetTemp--2147478764]:i2c write failed
[2026-05-10 00:29:51.386] 3394,93,97,0.0
[2026-05-10 00:29:51.610] HR=96 SpO2=97 (raw:88/98 valid:1/1 sqi:1)
[2026-05-10 00:29:51.689] [GetTemp--2147478764]:i2c write failed
[2026-05-10 00:29:51.689] 3395,86,97,0.0
[2026-05-10 00:29:51.782] [GetTemp--2147478764]:i2c write failed
[2026-05-10 00:29:51.783] 3396,86,97,0.0
[2026-05-10 00:29:51.891] [GetTemp--2147478764]:i2c write failed
[2026-05-10 00:29:51.892] 3397,86,97,0.0
[2026-05-10 00:29:51.994] [GetTemp--2147478764]:i2c write failed
[2026-05-10 00:29:51.994] 3398,86,97,0.0
[2026-05-10 00:29:52.079] [GetTemp--2147478764]:i2c write failed
[2026-05-10 00:29:52.082] 3399,86,97,0.0
[2026-05-10 00:29:52.398] [GetTemp--2147478764]:i2c write failed
[2026-05-10 00:29:52.398] 3400,86,97,0.0
[2026-05-10 00:29:52.493] [GetTemp--2147478764]:i2c write failed
[2026-05-10 00:29:52.493] 3401,86,97,0.0
[2026-05-10 00:29:52.604] [GetTemp--2147478764]:i2c write failed
[2026-05-10 00:29:52.604] 3402,86,97,0.0
[2026-05-10 00:29:52.620] HR=89 SpO2=97 (raw:82/97 valid:1/1 sqi:1)
[2026-05-10 00:29:52.699] [GetTemp--2147478764]:i2c write failed
[2026-05-10 00:29:52.699] 3403,79,97,0.0
[2026-05-10 00:29:52.794] [GetTemp--2147478764]:i2c write failed
[2026-05-10 00:29:52.794] 3404,79,97,0.0
[2026-05-10 00:29:53.115] [GetTemp--2147478764]:i2c write failed
[2026-05-10 00:29:53.115] 3405,79,97,0.0
[2026-05-10 00:29:53.210] [GetTemp--2147478764]:i2c write failed
[2026-05-10 00:29:53.210] 3406,79,97,0.0
[2026-05-10 00:29:53.306] [GetTemp--2147478764]:i2c write failed
[2026-05-10 00:29:53.306] 3407,79,97,0.0
[2026-05-10 00:29:53.400] ReadLicenseData(), failed to get licdata string
[2026-05-10 00:29:53.402] VerifyLicense(), cannot read license data files
[2026-05-10 00:29:53.405] license_task_main() verify license invalid, reboot after 53 mins
[2026-05-10 00:29:53.414] [GetTemp--2147478764]:i2c write failed
[2026-05-10 00:29:53.416] 3408,79,97,0.0
[2026-05-10 00:29:53.512] [GetTemp--2147478764]:i2c write failed
[2026-05-10 00:29:53.512] 3409,79,97,0.0
[2026-05-10 00:29:53.822] [GetTemp--2147478764]:i2c write failed
[2026-05-10 00:29:53.837] 3410,79,97,0.0
[2026-05-10 00:29:53.883] HR=88 SpO2=97 (raw:80/97 valid:1/1 sqi:1)
[2026-05-10 00:29:53.908] [GetTemp--2147478764]:i2c write failed
[2026-05-10 00:29:53.908] 3411,78,97,0.0
[2026-05-10 00:29:54.019] [GetTemp--2147478764]:i2c write failed
[2026-05-10 00:29:54.035] 3412,78,97,0.0
[2026-05-10 00:29:54.131] [GetTemp--2147478764]:i2c write failed
[2026-05-10 00:29:54.131] 3413,78,97,0.0
[2026-05-10 00:29:54.227] [GetTemp--2147478764]:i2c write failed
[2026-05-10 00:29:54.227] 3414,78,97,0.0
[2026-05-10 00:29:54.545] [GetTemp--2147478764]:i2c write failed
[2026-05-10 00:29:54.545] 3415,78,97,0.0
[2026-05-10 00:29:54.640] [GetTemp--2147478764]:i2c write failed
[2026-05-10 00:29:54.641] 3416,78,97,0.0
[2026-05-10 00:29:54.733] [GetTemp--2147478764]:i2c write failed
[2026-05-10 00:29:54.733] 3417,78,97,0.0
[2026-05-10 00:29:54.840] [GetTemp--2147478764]:i2c write failed
[2026-05-10 00:29:54.841] 3418,78,97,0.0
[2026-05-10 00:29:54.918] HR=82 SpO2=97 (raw:80/97 valid:1/1 sqi:1)
[2026-05-10 00:29:54.930] [GetTemp--2147478764]:i2c write failed
[2026-05-10 00:29:54.932] 3419,72,97,0.0
[2026-05-10 00:29:55.247] [GetTemp--2147478764]:i2c write failed
[2026-05-10 00:29:55.249] 3420,72,97,0.0
[2026-05-10 00:29:55.343] [GetTemp--2147478764]:i2c write failed
[2026-05-10 00:29:55.343] 3421,72,97,0.0
[2026-05-10 00:29:55.455] [GetTemp--2147478764]:i2c write failed
[2026-05-10 00:29:55.457] 3422,72,97,0.0
[2026-05-10 00:29:55.551] [GetTemp--2147478764]:i2c write failed
[2026-05-10 00:29:55.551] 3423,72,97,0.0
[2026-05-10 00:29:55.646] [GetTemp--2147478764]:i2c write failed
[2026-05-10 00:29:55.646] 3424,72,97,0.0
[2026-05-10 00:29:55.950] [GetTemp--2147478764]:i2c write failed
[2026-05-10 00:29:55.950] 3425,72,97,0.0
[2026-05-10 00:29:56.030] HR=82 SpO2=97 (raw:89/98 valid:1/1 sqi:1)
[2026-05-10 00:29:56.048] [GetTemp--2147478764]:i2c write failed
[2026-05-10 00:29:56.048] 3426,72,97,0.0
[2026-05-10 00:29:56.156] [GetTemp--2147478764]:i2c write failed
[2026-05-10 00:29:56.156] 3427,72,97,0.0
[2026-05-10 00:29:56.251] [GetTemp--2147478764]:i2c write failed
[2026-05-10 00:29:56.253] 3428,72,97,0.0
[2026-05-10 00:29:56.361] [GetTemp--2147478764]:i2c write failed
[2026-05-10 00:29:56.361] 3429,72,97,0.0
[2026-05-10 00:29:56.662] [GetTemp--2147478764]:i2c write failed
[2026-05-10 00:29:56.662] 3430,72,97,0.0
[2026-05-10 00:29:56.772] [GetTemp--2147478764]:i2c write failed
[2026-05-10 00:29:56.773] 3431,72,97,0.0
[2026-05-10 00:29:56.867] [GetTemp--2147478764]:i2c write failed
[2026-05-10 00:29:56.867] 3432,72,97,0.0
[2026-05-10 00:29:56.968] [GetTemp--2147478764]:i2c write failed
[2026-05-10 00:29:56.968] 3433,72,97,0.0
[2026-05-10 00:29:57.048] HR=82 SpO2=97 (raw:90/98 valid:1/1 sqi:1)
[2026-05-10 00:29:57.064] [GetTemp--2147478764]:i2c write failed
[2026-05-10 00:29:57.064] 3434,72,97,0.0
[2026-05-10 00:29:57.382] [GetTemp--2147478764]:i2c write failed
[2026-05-10 00:29:57.384] 3435,72,97,0.0
[2026-05-10 00:29:57.478] [GetTemp--2147478764]:i2c write failed
[2026-05-10 00:29:57.478] 3436,72,97,0.0
[2026-05-10 00:29:57.573] [GetTemp--2147478764]:i2c write failed
[2026-05-10 00:29:57.573] 3437,72,97,0.0
[2026-05-10 00:29:57.683] [GetTemp--2147478764]:i2c write failed
[2026-05-10 00:29:57.683] 3438,72,97,0.0
[2026-05-10 00:29:57.776] [GetTemp--2147478764]:i2c write failed
[2026-05-10 00:29:57.776] 3439,72,97,0.0
[2026-05-10 00:29:58.095] [GetTemp--2147478764]:i2c write failed
[2026-05-10 00:29:58.095] 3440,72,97,0.0
[2026-05-10 00:29:58.190] [GetTemp--2147478764]:i2c write failed
[2026-05-10 00:29:58.190] 3441,72,97,0.0
[2026-05-10 00:29:58.286] [GetTemp--2147478764]:i2c write failed
[2026-05-10 00:29:58.286] 3442,72,97,0.0
[2026-05-10 00:29:58.306] HR=89 SpO2=98 (raw:95/98 valid:1/1 sqi:1)
[2026-05-10 00:29:58.381] [GetTemp--2147478764]:i2c write failed
[2026-05-10 00:29:58.381] 3443,79,98,0.0
[2026-05-10 00:29:58.492] [GetTemp--2147478764]:i2c write failed
[2026-05-10 00:29:58.492] 3444,79,98,0.0
[2026-05-10 00:29:58.790] [GetTemp--2147478764]:i2c write failed
[2026-05-10 00:29:58.806] 3445,79,98,0.0
[2026-05-10 00:29:58.901] [GetTemp--2147478764]:i2c write failed
[2026-05-10 00:29:58.901] 3446,79,98,0.0
[2026-05-10 00:29:59.005] [GetTemp--2147478764]:i2c write failed
[2026-05-10 00:29:59.006] 3447,79,98,0.0
[2026-05-10 00:29:59.101] [GetTemp--2147478764]:i2c write failed
[2026-05-10 00:29:59.101] 3448,79,98,0.0
[2026-05-10 00:29:59.197] [GetTemp--2147478764]:i2c write failed
[2026-05-10 00:29:59.197] 3449,79,98,0.0
[2026-05-10 00:29:59.435] HR=90 SpO2=98 (raw:95/97 valid:1/1 sqi:1)
[2026-05-10 00:29:59.515] [GetTemp--2147478764]:i2c write failed
[2026-05-10 00:29:59.515] 3450,80,98,0.0
[2026-05-10 00:29:59.610] [GetTemp--2147478764]:i2c write failed
[2026-05-10 00:29:59.610] 3451,80,98,0.0
[2026-05-10 00:29:59.704] [GetTemp--2147478764]:i2c write failed
[2026-05-10 00:29:59.704] 3452,80,98,0.0
[2026-05-10 00:29:59.812] [GetTemp--2147478764]:i2c write failed
[2026-05-10 00:29:59.813] 3453,80,98,0.0
[2026-05-10 00:29:59.906] [GetTemp--2147478764]:i2c write failed
[2026-05-10 00:29:59.906] 3454,80,98,0.0
[2026-05-10 00:30:00.223] [GetTemp--2147478764]:i2c write failed
[2026-05-10 00:30:00.223] 3455,80,98,0.0
[2026-05-10 00:30:00.318] [GetTemp--2147478764]:i2c write failed
[2026-05-10 00:30:00.318] 3456,80,98,0.0
[2026-05-10 00:30:00.413] [GetTemp--2147478764]:i2c write failed
[2026-05-10 00:30:00.413] 3457,80,98,0.0
[2026-05-10 00:30:00.440] HR=93 SpO2=98 (raw:93/97 valid:1/1 sqi:1)
[2026-05-10 00:30:00.524] [GetTemp--2147478764]:i2c write failed
[2026-05-10 00:30:00.524] 3458,83,98,0.0
[2026-05-10 00:30:00.619] [GetTemp--2147478764]:i2c write failed
[2026-05-10 00:30:00.621] 3459,83,98,0.0
[2026-05-10 00:30:00.924] [GetTemp--2147478764]:i2c write failed
[2026-05-10 00:30:00.925] 3460,83,98,0.0
[2026-05-10 00:30:01.021] [GetTemp--2147478764]:i2c write failed
[2026-05-10 00:30:01.022] 3461,83,98,0.0
[2026-05-10 00:30:01.133] [GetTemp--2147478764]:i2c write failed
[2026-05-10 00:30:01.133] 3462,83,98,0.0
[2026-05-10 00:30:01.229] [GetTemp--2147478764]:i2c write failed
[2026-05-10 00:30:01.229] 3463,83,98,0.0
[2026-05-10 00:30:01.324] [GetTemp--2147478764]:i2c write failed
[2026-05-10 00:30:01.324] 3464,83,98,0.0
[2026-05-10 00:30:01.563] HR=93 SpO2=97 (raw:88/97 valid:1/1 sqi:1)
[2026-05-10 00:30:01.642] [GetTemp--2147478764]:i2c write failed
[2026-05-10 00:30:01.643] 3465,83,97,0.0
[2026-05-10 00:30:01.737] [GetTemp--2147478764]:i2c write failed
[2026-05-10 00:30:01.737] 3466,83,97,0.0
[2026-05-10 00:30:01.831] [GetTemp--2147478764]:i2c write failed
[2026-05-10 00:30:01.831] 3467,83,97,0.0
[2026-05-10 00:30:01.947] [GetTemp--2147478764]:i2c write failed
[2026-05-10 00:30:01.947] 3468,83,97,0.0
[2026-05-10 00:30:02.042] [GetTemp--2147478764]:i2c write failed
[2026-05-10 00:30:02.042] 3469,83,97,0.0
[2026-05-10 00:30:02.346] [GetTemp--2147478764]:i2c write failed
[2026-05-10 00:30:02.346] 3470,83,97,0.0
[2026-05-10 00:30:02.442] [GetTemp--2147478764]:i2c write failed
[2026-05-10 00:30:02.442] 3471,83,97,0.0
[2026-05-10 00:30:02.553] [GetTemp--2147478764]:i2c write failed
[2026-05-10 00:30:02.554] 3472,83,97,0.0
[2026-05-10 00:30:02.648] [GetTemp--2147478764]:i2c write failed
[2026-05-10 00:30:02.648] 3473,83,97,0.0
[2026-05-10 00:30:02.727] HR=93 SpO2=97 (raw:86/98 valid:1/1 sqi:1)
[2026-05-10 00:30:02.739] [GetTemp--2147478764]:i2c write failed
[2026-05-10 00:30:02.742] 3474,83,97,0.0
[2026-05-10 00:30:03.065] [GetTemp--2147478764]:i2c write failed
[2026-05-10 00:30:03.065] 3475,83,97,0.0
[2026-05-10 00:30:03.161] [GetTemp--2147478764]:i2c write failed
[2026-05-10 00:30:03.161] 3476,83,97,0.0
[2026-05-10 00:30:03.256] [GetTemp--2147478764]:i2c write failed
[2026-05-10 00:30:03.256] 3477,83,97,0.0
[2026-05-10 00:30:03.352] [GetTemp--2147478764]:i2c write failed
[2026-05-10 00:30:03.352] 3478,83,97,0.0
[2026-05-10 00:30:03.463] [GetTemp--2147478764]:i2c write failed
[2026-05-10 00:30:03.463] 3479,83,97,0.0
[2026-05-10 00:30:03.762] [GetTemp--2147478764]:i2c write failed
[2026-05-10 00:30:03.762] 3480,83,97,0.0
[2026-05-10 00:30:03.825] HR=88 SpO2=97 (raw:84/98 valid:1/1 sqi:1)
[2026-05-10 00:30:03.872] [GetTemp--2147478764]:i2c write failed
[2026-05-10 00:30:03.873] 3481,78,97,0.0
[2026-05-10 00:30:03.964] [GetTemp--2147478764]:i2c write failed
[2026-05-10 00:30:03.965] 3482,78,97,0.0
[2026-05-10 00:30:04.070] [GetTemp--2147478764]:i2c write failed
[2026-05-10 00:30:04.070] 3483,78,97,0.0
[2026-05-10 00:30:04.166] [GetTemp--2147478764]:i2c write failed
[2026-05-10 00:30:04.166] 3484,78,97,0.0
[2026-05-10 00:30:04.470] [GetTemp--2147478764]:i2c write failed
[2026-05-10 00:30:04.470] 3485,78,97,0.0
[2026-05-10 00:30:04.582] [GetTemp--2147478764]:i2c write failed
[2026-05-10 00:30:04.582] 3486,78,97,0.0
[2026-05-10 00:30:04.676] [GetTemp--2147478764]:i2c write failed
[2026-05-10 00:30:04.677] 3487,78,97,0.0
[2026-05-10 00:30:04.771] [GetTemp--2147478764]:i2c write failed
[2026-05-10 00:30:04.787] 3488,78,97,0.0
[2026-05-10 00:30:04.866] HR=86 SpO2=98 (raw:75/98 valid:1/1 sqi:1)
[2026-05-10 00:30:04.869] [GetTemp--2147478764]:i2c write failed
[2026-05-10 00:30:04.873] 3489,76,98,0.0
[2026-05-10 00:30:05.191] [GetTemp--2147478764]:i2c write failed
[2026-05-10 00:30:05.191] 3490,76,98,0.0
[2026-05-10 00:30:05.286] [GetTemp--2147478764]:i2c write failed
[2026-05-10 00:30:05.286] 3491,76,98,0.0
[2026-05-10 00:30:05.382] [GetTemp--2147478764]:i2c write failed
[2026-05-10 00:30:05.382] 3492,76,98,0.0
[2026-05-10 00:30:05.493] [GetTemp--2147478764]:i2c write failed
[2026-05-10 00:30:05.493] 3493,76,98,0.0
[2026-05-10 00:30:05.588] [GetTemp--2147478764]:i2c write failed
[2026-05-10 00:30:05.588] 3494,76,98,0.0
[2026-05-10 00:30:05.900] [GetTemp--2147478764]:i2c write failed
[2026-05-10 00:30:05.900] 3495,76,98,0.0
[2026-05-10 00:30:05.966] HR=84 SpO2=98 (raw:75/98 valid:1/1 sqi:1)
[2026-05-10 00:30:05.989] [GetTemp--2147478764]:i2c write failed
[2026-05-10 00:30:05.989] 3496,74,98,0.0
[2026-05-10 00:30:06.094] [GetTemp--2147478764]:i2c write failed
[2026-05-10 00:30:06.094] 3497,74,98,0.0
[2026-05-10 00:30:06.205] [GetTemp--2147478764]:i2c write failed
[2026-05-10 00:30:06.205] 3498,74,98,0.0
[2026-05-10 00:30:06.301] [GetTemp--2147478764]:i2c write failed
[2026-05-10 00:30:06.301] 3499,74,98,0.0
[2026-05-10 00:30:06.604] [GetTemp--2147478764]:i2c write failed
[2026-05-10 00:30:06.604] 3500,74,98,0.0
[2026-05-10 00:30:06.714] [GetTemp--2147478764]:i2c write failed
[2026-05-10 00:30:06.715] 3501,74,98,0.0
[2026-05-10 00:30:06.809] [GetTemp--2147478764]:i2c write failed
[2026-05-10 00:30:06.809] 3502,74,98,0.0
[2026-05-10 00:30:06.903] [GetTemp--2147478764]:i2c write failed
[2026-05-10 00:30:06.903] 3503,74,98,0.0
[2026-05-10 00:30:07.014] [GetTemp--2147478764]:i2c write failed
[2026-05-10 00:30:07.014] 3504,74,98,0.0
[2026-05-10 00:30:07.237] HR=84 SpO2=98 (raw:84/98 valid:1/1 sqi:1)
[2026-05-10 00:30:07.317] [GetTemp--2147478764]:i2c write failed
[2026-05-10 00:30:07.317] 3505,74,98,0.0
[2026-05-10 00:30:07.412] [GetTemp--2147478764]:i2c write failed
[2026-05-10 00:30:07.412] 3506,74,98,0.0
[2026-05-10 00:30:07.524] [GetTemp--2147478764]:i2c write failed
[2026-05-10 00:30:07.524] 3507,74,98,0.0
[2026-05-10 00:30:07.619] [GetTemp--2147478764]:i2c write failed
[2026-05-10 00:30:07.619] 3508,74,98,0.0
[2026-05-10 00:30:07.713] [GetTemp--2147478764]:i2c write failed
[2026-05-10 00:30:07.713] 3509,74,98,0.0
[2026-05-10 00:30:08.030] [GetTemp--2147478764]:i2c write failed
[2026-05-10 00:30:08.030] 3510,74,98,0.0
[2026-05-10 00:30:08.124] [GetTemp--2147478764]:i2c write failed
[2026-05-10 00:30:08.124] 3511,74,98,0.0
[2026-05-10 00:30:08.235] [GetTemp--2147478764]:i2c write failed
[2026-05-10 00:30:08.235] 3512,74,98,0.0
[2026-05-10 00:30:08.235] HR=84 SpO2=98 (raw:93/99 valid:1/1 sqi:1)
[2026-05-10 00:30:08.330] [GetTemp--2147478764]:i2c write failed
[2026-05-10 00:30:08.330] 3513,74,98,0.0
[2026-05-10 00:30:08.426] [GetTemp--2147478764]:i2c write failed
[2026-05-10 00:30:08.426] 3514,74,98,0.0
[2026-05-10 00:30:08.742] [GetTemp--2147478764]:i2c write failed
[2026-05-10 00:30:08.742] 3515,74,98,0.0
[2026-05-10 00:30:08.836] [GetTemp--2147478764]:i2c write failed
[2026-05-10 00:30:08.836] 3516,74,98,0.0
[2026-05-10 00:30:08.930] [GetTemp--2147478764]:i2c write failed
[2026-05-10 00:30:08.945] 3517,74,98,0.0
[2026-05-10 00:30:09.033] [GetTemp--2147478764]:i2c write failed
[2026-05-10 00:30:09.033] 3518,74,98,0.0
[2026-05-10 00:30:09.145] [GetTemp--2147478764]:i2c write failed
[2026-05-10 00:30:09.145] 3519,74,98,0.0
[2026-05-10 00:30:09.369] HR=84 SpO2=98 (raw:93/98 valid:1/1 sqi:1)
[2026-05-10 00:30:09.449] [GetTemp--2147478764]:i2c write failed
[2026-05-10 00:30:09.449] 3520,74,98,0.0
[2026-05-10 00:30:09.545] [GetTemp--2147478764]:i2c write failed
[2026-05-10 00:30:09.545] 3521,74,98,0.0
[2026-05-10 00:30:09.640] [GetTemp--2147478764]:i2c write failed
[2026-05-10 00:30:09.642] 3522,74,98,0.0
[2026-05-10 00:30:09.750] [GetTemp--2147478764]:i2c write failed
[2026-05-10 00:30:09.750] 3523,74,98,0.0
[2026-05-10 00:30:09.845] [GetTemp--2147478764]:i2c write failed
[2026-05-10 00:30:09.846] 3524,74,98,0.0
[2026-05-10 00:30:10.154] [GetTemp--2147478764]:i2c write failed
[2026-05-10 00:30:10.154] 3525,74,98,0.0
[2026-05-10 00:30:10.250] [GetTemp--2147478764]:i2c write failed
[2026-05-10 00:30:10.266] 3526,74,98,0.0
[2026-05-10 00:30:10.362] [GetTemp--2147478764]:i2c write failed
[2026-05-10 00:30:10.363] 3527,74,98,0.0
[2026-05-10 00:30:10.372] HR=92 SpO2=98 (raw:92/98 valid:1/1 sqi:1)
[2026-05-10 00:30:10.458] [GetTemp--2147478764]:i2c write failed
[2026-05-10 00:30:10.458] 3528,82,98,0.0
[2026-05-10 00:30:10.554] [GetTemp--2147478764]:i2c write failed
[2026-05-10 00:30:10.554] 3529,82,98,0.0
[2026-05-10 00:30:10.864] [GetTemp--2147478764]:i2c write failed
[2026-05-10 00:30:10.865] 3530,82,98,0.0
[2026-05-10 00:30:10.970] [GetTemp--2147478764]:i2c write failed
[2026-05-10 00:30:10.971] 3531,82,98,0.0
[2026-05-10 00:30:11.065] [GetTemp--2147478764]:i2c write failed
[2026-05-10 00:30:11.065] 3532,82,98,0.0
[2026-05-10 00:30:11.160] [GetTemp--2147478764]:i2c write failed
[2026-05-10 00:30:11.160] 3533,82,98,0.0
[2026-05-10 00:30:11.271] [GetTemp--2147478764]:i2c write failed
[2026-05-10 00:30:11.271] 3534,82,98,0.0
[2026-05-10 00:30:11.574] [GetTemp--2147478764]:i2c write failed
[2026-05-10 00:30:11.574] 3535,82,98,0.0
[2026-05-10 00:30:11.638] HR=92 SpO2=98 (raw:92/97 valid:1/1 sqi:1)
[2026-05-10 00:30:11.656] [GetTemp--2147478764]:i2c write failed
[2026-05-10 00:30:11.673] 3536,82,98,0.0
[2026-05-10 00:30:11.779] [GetTemp--2147478764]:i2c write failed
[2026-05-10 00:30:11.779] 3537,82,98,0.0
[2026-05-10 00:30:11.872] [GetTemp--2147478764]:i2c write failed
[2026-05-10 00:30:11.875] 3538,82,98,0.0
[2026-05-10 00:30:11.979] [GetTemp--2147478764]:i2c write failed
[2026-05-10 00:30:11.979] 3539,82,98,0.0
[2026-05-10 00:30:12.281] [GetTemp--2147478764]:i2c write failed
[2026-05-10 00:30:12.281] 3540,82,98,0.0
[2026-05-10 00:30:12.392] [GetTemp--2147478764]:i2c write failed
[2026-05-10 00:30:12.392] 3541,82,98,0.0
[2026-05-10 00:30:12.489] [GetTemp--2147478764]:i2c write failed
[2026-05-10 00:30:12.489] 3542,82,98,0.0
[2026-05-10 00:30:12.584] [GetTemp--2147478764]:i2c write failed
[2026-05-10 00:30:12.584] 3543,82,98,0.0
[2026-05-10 00:30:12.680] HR=92 SpO2=98 (raw:92/97 valid:1/1 sqi:1)
[2026-05-10 00:30:12.680] [GetTemp--2147478764]:i2c write failed
[2026-05-10 00:30:12.680] 3544,82,98,0.0
[2026-05-10 00:30:12.994] [GetTemp--2147478764]:i2c write failed
[2026-05-10 00:30:12.994] 3545,82,98,0.0
[2026-05-10 00:30:13.097] [GetTemp--2147478764]:i2c write failed
[2026-05-10 00:30:13.097] 3546,82,98,0.0
[2026-05-10 00:30:13.191] [GetTemp--2147478764]:i2c write failed
[2026-05-10 00:30:13.191] 3547,82,98,0.0
[2026-05-10 00:30:13.303] [GetTemp--2147478764]:i2c write failed
[2026-05-10 00:30:13.303] 3548,82,98,0.0
[2026-05-10 00:30:13.398] [GetTemp--2147478764]:i2c write failed
[2026-05-10 00:30:13.398] 3549,82,98,0.0
[2026-05-10 00:30:13.702] [GetTemp--2147478764]:i2c write failed
[2026-05-10 00:30:13.702] 3550,82,98,0.0
[2026-05-10 00:30:13.782] HR=92 SpO2=98 (raw:92/98 valid:1/1 sqi:1)
[2026-05-10 00:30:13.799] [GetTemp--2147478764]:i2c write failed
[2026-05-10 00:30:13.802] 3551,82,98,0.0
[2026-05-10 00:30:13.906] [GetTemp--2147478764]:i2c write failed
[2026-05-10 00:30:13.906] 3552,82,98,0.0
[2026-05-10 00:30:14.000] [GetTemp--2147478764]:i2c write failed
[2026-05-10 00:30:14.003] 3553,82,98,0.0
[2026-05-10 00:30:14.104] [GetTemp--2147478764]:i2c write failed
[2026-05-10 00:30:14.104] 3554,82,98,0.0
[2026-05-10 00:30:14.422] [GetTemp--2147478764]:i2c write failed
[2026-05-10 00:30:14.422] 3555,82,98,0.0
[2026-05-10 00:30:14.518] [GetTemp--2147478764]:i2c write failed
[2026-05-10 00:30:14.518] 3556,82,98,0.0
[2026-05-10 00:30:14.614] [GetTemp--2147478764]:i2c write failed
[2026-05-10 00:30:14.614] 3557,82,98,0.0
[2026-05-10 00:30:14.726] [GetTemp--2147478764]:i2c write failed
[2026-05-10 00:30:14.726] 3558,82,98,0.0
[2026-05-10 00:30:14.803] HR=92 SpO2=98 (raw:93/98 valid:1/1 sqi:1)
[2026-05-10 00:30:14.819] [GetTemp--2147478764]:i2c write failed
[2026-05-10 00:30:14.819] 3559,82,98,0.0
[2026-05-10 00:30:15.129] [GetTemp--2147478764]:i2c write failed
[2026-05-10 00:30:15.129] 3560,82,98,0.0
[2026-05-10 00:30:15.225] [GetTemp--2147478764]:i2c write failed
[2026-05-10 00:30:15.225] 3561,82,98,0.0
[2026-05-10 00:30:15.321] [GetTemp--2147478764]:i2c write failed
[2026-05-10 00:30:15.337] 3562,82,98,0.0
[2026-05-10 00:30:15.432] [GetTemp--2147478764]:i2c write failed
[2026-05-10 00:30:15.432] 3563,82,98,0.0
[2026-05-10 00:30:15.528] [GetTemp--2147478764]:i2c write failed
[2026-05-10 00:30:15.528] 3564,82,98,0.0
[2026-05-10 00:30:15.830] [GetTemp--2147478764]:i2c write failed
[2026-05-10 00:30:15.833] 3565,82,98,0.0
[2026-05-10 00:30:15.940] [GetTemp--2147478764]:i2c write failed
[2026-05-10 00:30:15.940] 3566,82,98,0.0
[2026-05-10 00:30:16.034] [GetTemp--2147478764]:i2c write failed
[2026-05-10 00:30:16.034] 3567,82,98,0.0
[2026-05-10 00:30:16.060] HR=92 SpO2=98 (raw:95/98 valid:1/1 sqi:1)
[2026-05-10 00:30:16.137] [GetTemp--2147478764]:i2c write failed
[2026-05-10 00:30:16.137] 3568,82,98,0.0
[2026-05-10 00:30:16.233] [GetTemp--2147478764]:i2c write failed
[2026-05-10 00:30:16.233] 3569,82,98,0.0
[2026-05-10 00:30:16.551] [GetTemp--2147478764]:i2c write failed
[2026-05-10 00:30:16.551] 3570,82,98,0.0
[2026-05-10 00:30:16.647] [GetTemp--2147478764]:i2c write failed
[2026-05-10 00:30:16.648] 3571,82,98,0.0
[2026-05-10 00:30:16.742] [GetTemp--2147478764]:i2c write failed
[2026-05-10 00:30:16.744] 3572,82,98,0.0
[2026-05-10 00:30:16.851] [GetTemp--2147478764]:i2c write failed
[2026-05-10 00:30:16.851] 3573,82,98,0.0
[2026-05-10 00:30:16.944] [GetTemp--2147478764]:i2c write failed
[2026-05-10 00:30:16.944] 3574,82,98,0.0
[2026-05-10 00:30:17.175] HR=93 SpO2=98 (raw:96/98 valid:1/1 sqi:1)
[2026-05-10 00:30:17.254] [GetTemp--2147478764]:i2c write failed
[2026-05-10 00:30:17.257] 3575,83,98,0.0
[2026-05-10 00:30:17.350] [GetTemp--2147478764]:i2c write failed
[2026-05-10 00:30:17.350] 3576,83,98,0.0
[2026-05-10 00:30:17.462] [GetTemp--2147478764]:i2c write failed
[2026-05-10 00:30:17.462] 3577,83,98,0.0
[2026-05-10 00:30:17.558] [GetTemp--2147478764]:i2c write failed
[2026-05-10 00:30:17.558] 3578,83,98,0.0
[2026-05-10 00:30:17.653] [GetTemp--2147478764]:i2c write failed
[2026-05-10 00:30:17.653] 3579,83,98,0.0
[2026-05-10 00:30:17.963] [GetTemp--2147478764]:i2c write failed
[2026-05-10 00:30:17.964] 3580,83,98,0.0
[2026-05-10 00:30:18.062] [GetTemp--2147478764]:i2c write failed
[2026-05-10 00:30:18.062] 3581,83,98,0.0
[2026-05-10 00:30:18.174] [GetTemp--2147478764]:i2c write failed
[2026-05-10 00:30:18.174] 3582,83,98,0.0
[2026-05-10 00:30:18.179] HR=95 SpO2=98 (raw:96/98 valid:1/1 sqi:1)
[2026-05-10 00:30:18.270] [GetTemp--2147478764]:i2c write failed
[2026-05-10 00:30:18.270] 3583,85,98,0.0
[2026-05-10 00:30:18.366] [GetTemp--2147478764]:i2c write failed
[2026-05-10 00:30:18.366] 3584,85,98,0.0
[2026-05-10 00:30:18.684] [GetTemp--2147478764]:i2c write failed
[2026-05-10 00:30:18.684] 3585,85,98,0.0
[2026-05-10 00:30:18.778] [GetTemp--2147478764]:i2c write failed
[2026-05-10 00:30:18.779] 3586,85,98,0.0
[2026-05-10 00:30:18.872] [GetTemp--2147478764]:i2c write failed
[2026-05-10 00:30:18.873] 3587,85,98,0.0
[2026-05-10 00:30:18.974] [GetTemp--2147478764]:i2c write failed
[2026-05-10 00:30:18.974] 3588,85,98,0.0
[2026-05-10 00:30:19.086] [GetTemp--2147478764]:i2c write failed
[2026-05-10 00:30:19.086] 3589,85,98,0.0
[2026-05-10 00:30:19.309] HR=96 SpO2=98 (raw:96/98 valid:1/1 sqi:1)
[2026-05-10 00:30:19.389] [GetTemp--2147478764]:i2c write failed
[2026-05-10 00:30:19.389] 3590,86,98,0.0
[2026-05-10 00:30:19.485] [GetTemp--2147478764]:i2c write failed
[2026-05-10 00:30:19.485] 3591,86,98,0.0
[2026-05-10 00:30:19.582] [GetTemp--2147478764]:i2c write failed
[2026-05-10 00:30:19.582] 3592,86,98,0.0
[2026-05-10 00:30:19.692] [GetTemp--2147478764]:i2c write failed
[2026-05-10 00:30:19.693] 3593,86,98,0.0
[2026-05-10 00:30:19.785] [GetTemp--2147478764]:i2c write failed
[2026-05-10 00:30:19.786] 3594,86,98,0.0
[2026-05-10 00:30:20.094] [GetTemp--2147478764]:i2c write failed
[2026-05-10 00:30:20.095] 3595,86,98,0.0
[2026-05-10 00:30:20.205] [GetTemp--2147478764]:i2c write failed
[2026-05-10 00:30:20.205] 3596,86,98,0.0
[2026-05-10 00:30:20.301] [GetTemp--2147478764]:i2c write failed
[2026-05-10 00:30:20.301] 3597,86,98,0.0
[2026-05-10 00:30:20.396] [GetTemp--2147478764]:i2c write failed
[2026-05-10 00:30:20.397] 3598,86,98,0.0
[2026-05-10 00:30:20.491] HR=96 SpO2=98 (raw:95/97 valid:1/1 sqi:1)
[2026-05-10 00:30:20.491] [GetTemp--2147478764]:i2c write failed
[2026-05-10 00:30:20.491] 3599,86,98,0.0
[2026-05-10 00:30:20.807] [GetTemp--2147478764]:i2c write failed
[2026-05-10 00:30:20.807] 3600,86,98,0.0
[2026-05-10 00:30:20.914] [GetTemp--2147478764]:i2c write failed
[2026-05-10 00:30:20.915] 3601,86,98,0.0
[2026-05-10 00:30:21.007] [GetTemp--2147478764]:i2c write failed
[2026-05-10 00:30:21.007] 3602,86,98,0.0
[2026-05-10 00:30:21.114] [GetTemp--2147478764]:i2c write failed
[2026-05-10 00:30:21.114] 3603,86,98,0.0
[2026-05-10 00:30:21.210] [GetTemp--2147478764]:i2c write failed
[2026-05-10 00:30:21.210] 3604,86,98,0.0
[2026-05-10 00:30:21.512] [GetTemp--2147478764]:i2c write failed
[2026-05-10 00:30:21.512] 3605,86,98,0.0
[2026-05-10 00:30:21.591] HR=96 SpO2=98 (raw:93/97 valid:1/1 sqi:1)
[2026-05-10 00:30:21.607] [GetTemp--2147478764]:i2c write failed
[2026-05-10 00:30:21.607] 3606,86,98,0.0
[2026-05-10 00:30:21.716] [GetTemp--2147478764]:i2c write failed
[2026-05-10 00:30:21.717] 3607,86,98,0.0
[2026-05-10 00:30:21.825] [GetTemp--2147478764]:i2c write failed
[2026-05-10 00:30:21.825] 3608,86,98,0.0
[2026-05-10 00:30:21.917] [GetTemp--2147478764]:i2c write failed
[2026-05-10 00:30:21.918] 3609,86,98,0.0
[2026-05-10 00:30:22.229] [GetTemp--2147478764]:i2c write failed
[2026-05-10 00:30:22.229] 3610,86,98,0.0
[2026-05-10 00:30:22.325] [GetTemp--2147478764]:i2c write failed
[2026-05-10 00:30:22.325] 3611,86,98,0.0
[2026-05-10 00:30:22.420] [GetTemp--2147478764]:i2c write failed
[2026-05-10 00:30:22.424] 3612,86,98,0.0
[2026-05-10 00:30:22.532] [GetTemp--2147478764]:i2c write failed
[2026-05-10 00:30:22.532] 3613,86,98,0.0
[2026-05-10 00:30:22.612] HR=95 SpO2=98 (raw:95/98 valid:1/1 sqi:1)
[2026-05-10 00:30:22.620] [GetTemp--2147478764]:i2c write failed
[2026-05-10 00:30:22.622] 3614,85,98,0.0
[2026-05-10 00:30:22.941] [GetTemp--2147478764]:i2c write failed
[2026-05-10 00:30:22.942] 3615,85,98,0.0
[2026-05-10 00:30:23.044] [GetTemp--2147478764]:i2c write failed
[2026-05-10 00:30:23.044] 3616,85,98,0.0
[2026-05-10 00:30:23.140] [GetTemp--2147478764]:i2c write failed
[2026-05-10 00:30:23.142] 3617,85,98,0.0
[2026-05-10 00:30:23.235] [GetTemp--2147478764]:i2c write failed
[2026-05-10 00:30:23.235] 3618,85,98,0.0
[2026-05-10 00:30:23.331] [GetTemp--2147478764]:i2c write failed
[2026-05-10 00:30:23.346] 3619,85,98,0.0
[2026-05-10 00:30:23.649] [GetTemp--2147478764]:i2c write failed
[2026-05-10 00:30:23.649] 3620,85,98,0.0
[2026-05-10 00:30:23.711] HR=95 SpO2=98 (raw:95/98 valid:1/1 sqi:1)
[2026-05-10 00:30:23.740] [GetTemp--2147478764]:i2c write failed
[2026-05-10 00:30:23.743] 3621,85,98,0.0
[2026-05-10 00:30:23.850] [GetTemp--2147478764]:i2c write failed
[2026-05-10 00:30:23.850] 3622,85,98,0.0
[2026-05-10 00:30:23.944] [GetTemp--2147478764]:i2c write failed
[2026-05-10 00:30:23.946] 3623,85,98,0.0
[2026-05-10 00:30:24.045] [GetTemp--2147478764]:i2c write failed
[2026-05-10 00:30:24.045] 3624,85,98,0.0
[2026-05-10 00:30:24.364] [GetTemp--2147478764]:i2c write failed
[2026-05-10 00:30:24.364] 3625,85,98,0.0
[2026-05-10 00:30:24.460] [GetTemp--2147478764]:i2c write failed
[2026-05-10 00:30:24.460] 3626,85,98,0.0
[2026-05-10 00:30:24.555] [GetTemp--2147478764]:i2c write failed
[2026-05-10 00:30:24.555] 3627,85,98,0.0
[2026-05-10 00:30:24.665] [GetTemp--2147478764]:i2c write failed
[2026-05-10 00:30:24.665] 3628,85,98,0.0
[2026-05-10 00:30:24.759] [GetTemp--2147478764]:i2c write failed
[2026-05-10 00:30:24.760] 3629,85,98,0.0
[2026-05-10 00:30:24.989] HR=95 SpO2=98 (raw:90/98 valid:1/1 sqi:1)
[2026-05-10 00:30:25.069] [GetTemp--2147478764]:i2c write failed
[2026-05-10 00:30:25.069] 3630,85,98,0.0
[2026-05-10 00:30:25.164] [GetTemp--2147478764]:i2c write failed
[2026-05-10 00:30:25.164] 3631,85,98,0.0
[2026-05-10 00:30:25.260] [GetTemp--2147478764]:i2c write failed
[2026-05-10 00:30:25.260] 3632,85,98,0.0
[2026-05-10 00:30:25.370] [GetTemp--2147478764]:i2c write failed
[2026-05-10 00:30:25.370] 3633,85,98,0.0
[2026-05-10 00:30:25.466] [GetTemp--2147478764]:i2c write failed
[2026-05-10 00:30:25.466] 3634,85,98,0.0
[2026-05-10 00:30:25.778] [GetTemp--2147478764]:i2c write failed
[2026-05-10 00:30:25.778] 3635,85,98,0.0
[2026-05-10 00:30:25.872] [GetTemp--2147478764]:i2c write failed
[2026-05-10 00:30:25.887] 3636,85,98,0.0
[2026-05-10 00:30:25.977] [GetTemp--2147478764]:i2c write failed
[2026-05-10 00:30:25.977] 3637,85,98,0.0
[2026-05-10 00:30:25.993] HR=93 SpO2=98 (raw:90/98 valid:1/1 sqi:1)
[2026-05-10 00:30:26.074] [GetTemp--2147478764]:i2c write failed
[2026-05-10 00:30:26.074] 3638,83,98,0.0
[2026-05-10 00:30:26.170] [GetTemp--2147478764]:i2c write failed
[2026-05-10 00:30:26.186] 3639,83,98,0.0
[2026-05-10 00:30:26.488] [GetTemp--2147478764]:i2c write failed
[2026-05-10 00:30:26.488] 3640,83,98,0.0
[2026-05-10 00:30:26.585] [GetTemp--2147478764]:i2c write failed
[2026-05-10 00:30:26.585] 3641,83,98,0.0
[2026-05-10 00:30:26.696] [GetTemp--2147478764]:i2c write failed
[2026-05-10 00:30:26.697] 3642,83,98,0.0
[2026-05-10 00:30:26.790] [GetTemp--2147478764]:i2c write failed
[2026-05-10 00:30:26.790] 3643,83,98,0.0
[2026-05-10 00:30:26.886] [GetTemp--2147478764]:i2c write failed
[2026-05-10 00:30:26.886] 3644,83,98,0.0
[2026-05-10 00:30:27.113] HR=90 SpO2=98 (raw:90/98 valid:1/1 sqi:1)
[2026-05-10 00:30:27.193] [GetTemp--2147478764]:i2c write failed
[2026-05-10 00:30:27.193] 3645,80,98,0.0
[2026-05-10 00:30:27.305] [GetTemp--2147478764]:i2c write failed
[2026-05-10 00:30:27.305] 3646,80,98,0.0
[2026-05-10 00:30:27.400] [GetTemp--2147478764]:i2c write failed
[2026-05-10 00:30:27.400] 3647,80,98,0.0
[2026-05-10 00:30:27.496] [GetTemp--2147478764]:i2c write failed
[2026-05-10 00:30:27.496] 3648,80,98,0.0
[2026-05-10 00:30:27.593] [GetTemp--2147478764]:i2c write failed
[2026-05-10 00:30:27.609] 3649,80,98,0.0
[2026-05-10 00:30:27.904] [GetTemp--2147478764]:i2c write failed
[2026-05-10 00:30:27.905] 3650,80,98,0.0
[2026-05-10 00:30:28.009] [GetTemp--2147478764]:i2c write failed
[2026-05-10 00:30:28.009] 3651,80,98,0.0
[2026-05-10 00:30:28.104] [GetTemp--2147478764]:i2c write failed
[2026-05-10 00:30:28.104] 3652,80,98,0.0
[2026-05-10 00:30:28.120] HR=90 SpO2=98 (raw:92/98 valid:1/1 sqi:1)
[2026-05-10 00:30:28.200] [GetTemp--2147478764]:i2c write failed
[2026-05-10 00:30:28.200] 3653,80,98,0.0
[2026-05-10 00:30:28.312] [GetTemp--2147478764]:i2c write failed
[2026-05-10 00:30:28.312] 3654,80,98,0.0
[2026-05-10 00:30:28.613] [GetTemp--2147478764]:i2c write failed
[2026-05-10 00:30:28.617] 3655,80,98,0.0
[2026-05-10 00:30:28.724] [GetTemp--2147478764]:i2c write failed
[2026-05-10 00:30:28.725] 3656,80,98,0.0
[2026-05-10 00:30:28.817] [GetTemp--2147478764]:i2c write failed
[2026-05-10 00:30:28.818] 3657,80,98,0.0
[2026-05-10 00:30:28.919] [GetTemp--2147478764]:i2c write failed
[2026-05-10 00:30:28.919] 3658,80,98,0.0
[2026-05-10 00:30:29.014] [GetTemp--2147478764]:i2c write failed
[2026-05-10 00:30:29.014] 3659,80,98,0.0
[2026-05-10 00:30:29.333] [GetTemp--2147478764]:i2c write failed
[2026-05-10 00:30:29.333] 3660,80,98,0.0
[2026-05-10 00:30:29.397] HR=90 SpO2=98 (raw:92/97 valid:1/1 sqi:1)
[2026-05-10 00:30:29.419] [GetTemp--2147478764]:i2c write failed
[2026-05-10 00:30:29.423] 3661,80,98,0.0
[2026-05-10 00:30:29.524] [GetTemp--2147478764]:i2c write failed
[2026-05-10 00:30:29.524] 3662,80,98,0.0
[2026-05-10 00:30:29.634] [GetTemp--2147478764]:i2c write failed
[2026-05-10 00:30:29.635] 3663,80,98,0.0
[2026-05-10 00:30:29.730] [GetTemp--2147478764]:i2c write failed
[2026-05-10 00:30:29.731] 3664,80,98,0.0
[2026-05-10 00:30:30.036] [GetTemp--2147478764]:i2c write failed
[2026-05-10 00:30:30.038] 3665,80,98,0.0
[2026-05-10 00:30:30.132] [GetTemp--2147478764]:i2c write failed
[2026-05-10 00:30:30.134] 3666,80,98,0.0
[2026-05-10 00:30:30.243] [GetTemp--2147478764]:i2c write failed
[2026-05-10 00:30:30.243] 3667,80,98,0.0
[2026-05-10 00:30:30.338] [GetTemp--2147478764]:i2c write failed
[2026-05-10 00:30:30.338] 3668,80,98,0.0
[2026-05-10 00:30:30.434] HR=92 SpO2=98 (raw:92/97 valid:1/1 sqi:1)
[2026-05-10 00:30:30.434] [GetTemp--2147478764]:i2c write failed
[2026-05-10 00:30:30.434] 3669,82,98,0.0
[2026-05-10 00:30:30.752] [GetTemp--2147478764]:i2c write failed
[2026-05-10 00:30:30.753] 3670,82,98,0.0
[2026-05-10 00:30:30.845] [GetTemp--2147478764]:i2c write failed
[2026-05-10 00:30:30.845] 3671,82,98,0.0
[2026-05-10 00:30:30.955] [GetTemp--2147478764]:i2c write failed
[2026-05-10 00:30:30.955] 3672,82,98,0.0
[2026-05-10 00:30:31.042] [GetTemp--2147478764]:i2c write failed
[2026-05-10 00:30:31.042] 3673,82,98,0.0
[2026-05-10 00:30:31.154] [GetTemp--2147478764]:i2c write failed
[2026-05-10 00:30:31.154] 3674,82,98,0.0
[2026-05-10 00:30:31.456] [GetTemp--2147478764]:i2c write failed
[2026-05-10 00:30:31.456] 3675,82,98,0.0
[2026-05-10 00:30:31.520] HR=92 SpO2=98 (raw:92/98 valid:1/1 sqi:1)
[2026-05-10 00:30:31.536] [GetTemp--2147478764]:i2c write failed
[2026-05-10 00:30:31.552] 3676,82,98,0.0
[2026-05-10 00:30:31.664] [GetTemp--2147478764]:i2c write failed
[2026-05-10 00:30:31.665] 3677,82,98,0.0
[2026-05-10 00:30:31.757] [GetTemp--2147478764]:i2c write failed
[2026-05-10 00:30:31.757] 3678,82,98,0.0
[2026-05-10 00:30:31.851] [GetTemp--2147478764]:i2c write failed
[2026-05-10 00:30:31.867] 3679,82,98,0.0
[2026-05-10 00:30:32.160] [GetTemp--2147478764]:i2c write failed
[2026-05-10 00:30:32.163] 3680,82,98,0.0
[2026-05-10 00:30:32.272] [GetTemp--2147478764]:i2c write failed
[2026-05-10 00:30:32.272] 3681,82,98,0.0
[2026-05-10 00:30:32.367] [GetTemp--2147478764]:i2c write failed
[2026-05-10 00:30:32.367] 3682,82,98,0.0
[2026-05-10 00:30:32.462] [GetTemp--2147478764]:i2c write failed
[2026-05-10 00:30:32.463] 3683,82,98,0.0
[2026-05-10 00:30:32.558] HR=92 SpO2=97 (raw:92/97 valid:1/1 sqi:1)
[2026-05-10 00:30:32.558] [GetTemp--2147478764]:i2c write failed
[2026-05-10 00:30:32.562] 3684,82,97,0.0
[2026-05-10 00:30:32.871] [GetTemp--2147478764]:i2c write failed
[2026-05-10 00:30:32.874] 3685,82,97,0.0
[2026-05-10 00:30:32.974] [GetTemp--2147478764]:i2c write failed
[2026-05-10 00:30:32.974] 3686,82,97,0.0
[2026-05-10 00:30:33.085] [GetTemp--2147478764]:i2c write failed
[2026-05-10 00:30:33.085] 3687,82,97,0.0
[2026-05-10 00:30:33.181] [GetTemp--2147478764]:i2c write failed
[2026-05-10 00:30:33.183] 3688,82,97,0.0
[2026-05-10 00:30:33.276] [GetTemp--2147478764]:i2c write failed
[2026-05-10 00:30:33.276] 3689,82,97,0.0
[2026-05-10 00:30:33.594] [GetTemp--2147478764]:i2c write failed
[2026-05-10 00:30:33.594] 3690,82,97,0.0
[2026-05-10 00:30:33.686] [GetTemp--2147478764]:i2c write failed
[2026-05-10 00:30:33.686] 3691,82,97,0.0
[2026-05-10 00:30:33.781] [GetTemp--2147478764]:i2c write failed
[2026-05-10 00:30:33.783] 3692,82,97,0.0
[2026-05-10 00:30:33.812] HR=92 SpO2=97 (raw:92/97 valid:1/1 sqi:1)
[2026-05-10 00:30:33.889] [GetTemp--2147478764]:i2c write failed
[2026-05-10 00:30:33.890] 3693,82,97,0.0
[2026-05-10 00:30:33.983] [GetTemp--2147478764]:i2c write failed
[2026-05-10 00:30:33.984] 3694,82,97,0.0
[2026-05-10 00:30:34.302] [GetTemp--2147478764]:i2c write failed
[2026-05-10 00:30:34.302] 3695,82,97,0.0
[2026-05-10 00:30:34.399] [GetTemp--2147478764]:i2c write failed
[2026-05-10 00:30:34.399] 3696,82,97,0.0
[2026-05-10 00:30:34.495] [GetTemp--2147478764]:i2c write failed
[2026-05-10 00:30:34.496] 3697,82,97,0.0
[2026-05-10 00:30:34.591] [GetTemp--2147478764]:i2c write failed
[2026-05-10 00:30:34.607] 3698,82,97,0.0
[2026-05-10 00:30:34.700] [GetTemp--2147478764]:i2c write failed
[2026-05-10 00:30:34.700] 3699,82,97,0.0
[2026-05-10 00:30:34.927] HR=92 SpO2=97 (raw:92/98 valid:1/1 sqi:1)
[2026-05-10 00:30:35.006] [GetTemp--2147478764]:i2c write failed
[2026-05-10 00:30:35.006] 3700,82,97,0.0
[2026-05-10 00:30:35.102] [GetTemp--2147478764]:i2c write failed
[2026-05-10 00:30:35.102] 3701,82,97,0.0
[2026-05-10 00:30:35.214] [GetTemp--2147478764]:i2c write failed
[2026-05-10 00:30:35.214] 3702,82,97,0.0
[2026-05-10 00:30:35.310] [GetTemp--2147478764]:i2c write failed
[2026-05-10 00:30:35.310] 3703,82,97,0.0
[2026-05-10 00:30:35.405] [GetTemp--2147478764]:i2c write failed
[2026-05-10 00:30:35.405] 3704,82,97,0.0
[2026-05-10 00:30:35.723] [GetTemp--2147478764]:i2c write failed
[2026-05-10 00:30:35.723] 3705,82,97,0.0
[2026-05-10 00:30:35.817] [GetTemp--2147478764]:i2c write failed
[2026-05-10 00:30:35.818] 3706,82,97,0.0
[2026-05-10 00:30:35.912] [GetTemp--2147478764]:i2c write failed
[2026-05-10 00:30:35.913] 3707,82,97,0.0
[2026-05-10 00:30:35.933] HR=92 SpO2=98 (raw:93/98 valid:1/1 sqi:1)
[2026-05-10 00:30:36.013] [GetTemp--2147478764]:i2c write failed
[2026-05-10 00:30:36.013] 3708,82,98,0.0
[2026-05-10 00:30:36.124] [GetTemp--2147478764]:i2c write failed
[2026-05-10 00:30:36.124] 3709,82,98,0.0
[2026-05-10 00:30:36.426] [GetTemp--2147478764]:i2c write failed
[2026-05-10 00:30:36.426] 3710,82,98,0.0
[2026-05-10 00:30:36.521] [GetTemp--2147478764]:i2c write failed
[2026-05-10 00:30:36.523] 3711,82,98,0.0
[2026-05-10 00:30:36.634] [GetTemp--2147478764]:i2c write failed
[2026-05-10 00:30:36.634] 3712,82,98,0.0
[2026-05-10 00:30:36.727] [GetTemp--2147478764]:i2c write failed
[2026-05-10 00:30:36.728] 3713,82,98,0.0
[2026-05-10 00:30:36.823] [GetTemp--2147478764]:i2c write failed
[2026-05-10 00:30:36.823] 3714,82,98,0.0
[2026-05-10 00:30:37.052] HR=92 SpO2=98 (raw:92/98 valid:1/1 sqi:1)
[2026-05-10 00:30:37.132] [GetTemp--2147478764]:i2c write failed
[2026-05-10 00:30:37.132] 3715,82,98,0.0
[2026-05-10 00:30:37.244] [GetTemp--2147478764]:i2c write failed
[2026-05-10 00:30:37.244] 3716,82,98,0.0
[2026-05-10 00:30:37.339] [GetTemp--2147478764]:i2c write failed
[2026-05-10 00:30:37.339] 3717,82,98,0.0
[2026-05-10 00:30:37.435] [GetTemp--2147478764]:i2c write failed
[2026-05-10 00:30:37.435] 3718,82,98,0.0
[2026-05-10 00:30:37.531] [GetTemp--2147478764]:i2c write failed
[2026-05-10 00:30:37.531] 3719,82,98,0.0
[2026-05-10 00:30:37.846] [GetTemp--2147478764]:i2c write failed
[2026-05-10 00:30:37.846] 3720,82,98,0.0
[2026-05-10 00:30:37.954] [GetTemp--2147478764]:i2c write failed
[2026-05-10 00:30:37.955] 3721,82,98,0.0
[2026-05-10 00:30:38.042] [GetTemp--2147478764]:i2c write failed
[2026-05-10 00:30:38.042] 3722,82,98,0.0
[2026-05-10 00:30:38.153] [GetTemp--2147478764]:i2c write failed
[2026-05-10 00:30:38.153] 3723,82,98,0.0
[2026-05-10 00:30:38.233] HR=92 SpO2=98 (raw:90/98 valid:1/1 sqi:1)
[2026-05-10 00:30:38.233] [GetTemp--2147478764]:i2c write failed
[2026-05-10 00:30:38.241] 3724,82,98,0.0
[2026-05-10 00:30:38.552] [GetTemp--2147478764]:i2c write failed
[2026-05-10 00:30:38.552] 3725,82,98,0.0
[2026-05-10 00:30:38.663] [GetTemp--2147478764]:i2c write failed
[2026-05-10 00:30:38.665] 3726,82,98,0.0
[2026-05-10 00:30:38.757] [GetTemp--2147478764]:i2c write failed
[2026-05-10 00:30:38.757] 3727,82,98,0.0
[2026-05-10 00:30:38.850] [GetTemp--2147478764]:i2c write failed
[2026-05-10 00:30:38.853] 3728,82,98,0.0
[2026-05-10 00:30:38.961] [GetTemp--2147478764]:i2c write failed
[2026-05-10 00:30:38.962] 3729,82,98,0.0
[2026-05-10 00:30:39.269] [GetTemp--2147478764]:i2c write failed
[2026-05-10 00:30:39.269] 3730,82,98,0.0
[2026-05-10 00:30:39.332] HR=92 SpO2=98 (raw:90/99 valid:1/1 sqi:1)
[2026-05-10 00:30:39.358] [GetTemp--2147478764]:i2c write failed
[2026-05-10 00:30:39.362] 3731,82,98,0.0
[2026-05-10 00:30:39.475] [GetTemp--2147478764]:i2c write failed
[2026-05-10 00:30:39.475] 3732,82,98,0.0
[2026-05-10 00:30:39.570] [GetTemp--2147478764]:i2c write failed
[2026-05-10 00:30:39.570] 3733,82,98,0.0
[2026-05-10 00:30:39.665] [GetTemp--2147478764]:i2c write failed
[2026-05-10 00:30:39.665] 3734,82,98,0.0
[2026-05-10 00:30:39.981] [GetTemp--2147478764]:i2c write failed
[2026-05-10 00:30:39.981] 3735,82,98,0.0
[2026-05-10 00:30:40.081] [GetTemp--2147478764]:i2c write failed
[2026-05-10 00:30:40.081] 3736,82,98,0.0
[2026-05-10 00:30:40.176] [GetTemp--2147478764]:i2c write failed
[2026-05-10 00:30:40.176] 3737,82,98,0.0
[2026-05-10 00:30:40.271] [GetTemp--2147478764]:i2c write failed
[2026-05-10 00:30:40.286] 3738,82,98,0.0
[2026-05-10 00:30:40.366] HR=90 SpO2=98 (raw:90/99 valid:1/1 sqi:1)
[2026-05-10 00:30:40.367] [GetTemp--2147478764]:i2c write failed
[2026-05-10 00:30:40.367] 3739,80,98,0.0
[2026-05-10 00:30:40.684] [GetTemp--2147478764]:i2c write failed
[2026-05-10 00:30:40.686] 3740,80,98,0.0
[2026-05-10 00:30:40.795] [GetTemp--2147478764]:i2c write failed
[2026-05-10 00:30:40.795] 3741,80,98,0.0
[2026-05-10 00:30:40.888] [GetTemp--2147478764]:i2c write failed
[2026-05-10 00:30:40.888] 3742,80,98,0.0
[2026-05-10 00:30:40.989] [GetTemp--2147478764]:i2c write failed
[2026-05-10 00:30:40.989] 3743,80,98,0.0
[2026-05-10 00:30:41.085] [GetTemp--2147478764]:i2c write failed
[2026-05-10 00:30:41.085] 3744,80,98,0.0
[2026-05-10 00:30:41.401] [GetTemp--2147478764]:i2c write failed
[2026-05-10 00:30:41.401] 3745,80,98,0.0
[2026-05-10 00:30:41.465] HR=90 SpO2=98 (raw:95/97 valid:1/1 sqi:1)
[2026-05-10 00:30:41.480] [GetTemp--2147478764]:i2c write failed
[2026-05-10 00:30:41.480] 3746,80,98,0.0
[2026-05-10 00:30:41.592] [GetTemp--2147478764]:i2c write failed
[2026-05-10 00:30:41.594] 3747,80,98,0.0
[2026-05-10 00:30:41.703] [GetTemp--2147478764]:i2c write failed
[2026-05-10 00:30:41.703] 3748,80,98,0.0
[2026-05-10 00:30:41.796] [GetTemp--2147478764]:i2c write failed
[2026-05-10 00:30:41.796] 3749,80,98,0.0
[2026-05-10 00:30:42.104] [GetTemp--2147478764]:i2c write failed
[2026-05-10 00:30:42.104] 3750,80,98,0.0
[2026-05-10 00:30:42.200] [GetTemp--2147478764]:i2c write failed
[2026-05-10 00:30:42.216] 3751,80,98,0.0
[2026-05-10 00:30:42.311] [GetTemp--2147478764]:i2c write failed
[2026-05-10 00:30:42.311] 3752,80,98,0.0
[2026-05-10 00:30:42.407] [GetTemp--2147478764]:i2c write failed
[2026-05-10 00:30:42.407] 3753,80,98,0.0
[2026-05-10 00:30:42.502] [GetTemp--2147478764]:i2c write failed
[2026-05-10 00:30:42.502] 3754,80,98,0.0
[2026-05-10 00:30:42.738] HR=90 SpO2=98 (raw:98/98 valid:1/1 sqi:1)
[2026-05-10 00:30:42.815] [GetTemp--2147478764]:i2c write failed
[2026-05-10 00:30:42.815] 3755,80,98,0.0
[2026-05-10 00:30:42.920] [GetTemp--2147478764]:i2c write failed
[2026-05-10 00:30:42.920] 3756,80,98,0.0
[2026-05-10 00:30:43.015] [GetTemp--2147478764]:i2c write failed
[2026-05-10 00:30:43.015] 3757,80,98,0.0
[2026-05-10 00:30:43.110] [GetTemp--2147478764]:i2c write failed
[2026-05-10 00:30:43.110] 3758,80,98,0.0
[2026-05-10 00:30:43.222] [GetTemp--2147478764]:i2c write failed
[2026-05-10 00:30:43.222] 3759,80,98,0.0
[2026-05-10 00:30:43.525] [GetTemp--2147478764]:i2c write failed
[2026-05-10 00:30:43.525] 3760,80,98,0.0
[2026-05-10 00:30:43.621] [GetTemp--2147478764]:i2c write failed
[2026-05-10 00:30:43.637] 3761,80,98,0.0
[2026-05-10 00:30:43.731] [GetTemp--2147478764]:i2c write failed
[2026-05-10 00:30:43.731] 3762,80,98,0.0
[2026-05-10 00:30:43.746] HR=95 SpO2=98 (raw:98/97 valid:1/1 sqi:1)
[2026-05-10 00:30:43.826] [GetTemp--2147478764]:i2c write failed
[2026-05-10 00:30:43.826] 3763,85,98,0.0
[2026-05-10 00:30:43.935] [GetTemp--2147478764]:i2c write failed
[2026-05-10 00:30:43.936] 3764,85,98,0.0
[2026-05-10 00:30:44.240] [GetTemp--2147478764]:i2c write failed
[2026-05-10 00:30:44.240] 3765,85,98,0.0
[2026-05-10 00:30:44.335] [GetTemp--2147478764]:i2c write failed
[2026-05-10 00:30:44.335] 3766,85,98,0.0
[2026-05-10 00:30:44.430] [GetTemp--2147478764]:i2c write failed
[2026-05-10 00:30:44.431] 3767,85,98,0.0
[2026-05-10 00:30:44.542] [GetTemp--2147478764]:i2c write failed
[2026-05-10 00:30:44.542] 3768,85,98,0.0
[2026-05-10 00:30:44.638] [GetTemp--2147478764]:i2c write failed
[2026-05-10 00:30:44.638] 3769,85,98,0.0
[2026-05-10 00:30:44.875] HR=95 SpO2=97 (raw:95/97 valid:1/1 sqi:1)
[2026-05-10 00:30:44.953] [GetTemp--2147478764]:i2c write failed
[2026-05-10 00:30:44.953] 3770,85,97,0.0
[2026-05-10 00:30:45.055] [GetTemp--2147478764]:i2c write failed
[2026-05-10 00:30:45.055] 3771,85,97,0.0
[2026-05-10 00:30:45.150] [GetTemp--2147478764]:i2c write failed
[2026-05-10 00:30:45.150] 3772,85,97,0.0
[2026-05-10 00:30:45.246] [GetTemp--2147478764]:i2c write failed
[2026-05-10 00:30:45.246] 3773,85,97,0.0
[2026-05-10 00:30:45.342] [GetTemp--2147478764]:i2c write failed
[2026-05-10 00:30:45.342] 3774,85,97,0.0
[2026-05-10 00:30:45.661] [GetTemp--2147478764]:i2c write failed
[2026-05-10 00:30:45.661] 3775,85,97,0.0
[2026-05-10 00:30:45.753] [GetTemp--2147478764]:i2c write failed
[2026-05-10 00:30:45.753] 3776,85,97,0.0
[2026-05-10 00:30:45.861] [GetTemp--2147478764]:i2c write failed
[2026-05-10 00:30:45.861] 3777,85,97,0.0
[2026-05-10 00:30:45.877] HR=95 SpO2=97 (raw:95/98 valid:1/1 sqi:1)
[2026-05-10 00:30:45.965] [GetTemp--2147478764]:i2c write failed
[2026-05-10 00:30:45.965] 3778,85,97,0.0
[2026-05-10 00:30:46.061] [GetTemp--2147478764]:i2c write failed
[2026-05-10 00:30:46.061] 3779,85,97,0.0
[2026-05-10 00:30:46.362] [GetTemp--2147478764]:i2c write failed
[2026-05-10 00:30:46.363] 3780,85,97,0.0
[2026-05-10 00:30:46.475] [GetTemp--2147478764]:i2c write failed
[2026-05-10 00:30:46.476] 3781,85,97,0.0
[2026-05-10 00:30:46.571] [GetTemp--2147478764]:i2c write failed
[2026-05-10 00:30:46.573] 3782,85,97,0.0
[2026-05-10 00:30:46.666] [GetTemp--2147478764]:i2c write failed
[2026-05-10 00:30:46.667] 3783,85,97,0.0
[2026-05-10 00:30:46.761] [GetTemp--2147478764]:i2c write failed
[2026-05-10 00:30:46.762] 3784,85,97,0.0
[2026-05-10 00:30:47.084] [GetTemp--2147478764]:i2c write failed
[2026-05-10 00:30:47.084] 3785,85,97,0.0
[2026-05-10 00:30:47.147] HR=95 SpO2=98 (raw:92/98 valid:1/1 sqi:1)
[2026-05-10 00:30:47.169] [GetTemp--2147478764]:i2c write failed
[2026-05-10 00:30:47.172] 3786,85,98,0.0
[2026-05-10 00:30:47.273] [GetTemp--2147478764]:i2c write failed
[2026-05-10 00:30:47.273] 3787,85,98,0.0
[2026-05-10 00:30:47.384] [GetTemp--2147478764]:i2c write failed
[2026-05-10 00:30:47.384] 3788,85,98,0.0
[2026-05-10 00:30:47.480] [GetTemp--2147478764]:i2c write failed
[2026-05-10 00:30:47.480] 3789,85,98,0.0
[2026-05-10 00:30:47.783] [GetTemp--2147478764]:i2c write failed
[2026-05-10 00:30:47.784] 3790,85,98,0.0
[2026-05-10 00:30:47.892] [GetTemp--2147478764]:i2c write failed
[2026-05-10 00:30:47.892] 3791,85,98,0.0
[2026-05-10 00:30:47.987] [GetTemp--2147478764]:i2c write failed
[2026-05-10 00:30:47.987] 3792,85,98,0.0
[2026-05-10 00:30:48.088] [GetTemp--2147478764]:i2c write failed
[2026-05-10 00:30:48.089] 3793,85,98,0.0
[2026-05-10 00:30:48.184] HR=95 SpO2=98 (raw:92/98 valid:1/1 sqi:1)
[2026-05-10 00:30:48.184] [GetTemp--2147478764]:i2c write failed
[2026-05-10 00:30:48.185] 3794,85,98,0.0
[2026-05-10 00:30:48.503] [GetTemp--2147478764]:i2c write failed
[2026-05-10 00:30:48.504] 3795,85,98,0.0
[2026-05-10 00:30:48.599] [GetTemp--2147478764]:i2c write failed
[2026-05-10 00:30:48.599] 3796,85,98,0.0
[2026-05-10 00:30:48.692] [GetTemp--2147478764]:i2c write failed
[2026-05-10 00:30:48.695] 3797,85,98,0.0
[2026-05-10 00:30:48.801] [GetTemp--2147478764]:i2c write failed
[2026-05-10 00:30:48.801] 3798,85,98,0.0
[2026-05-10 00:30:48.896] [GetTemp--2147478764]:i2c write failed
[2026-05-10 00:30:48.896] 3799,85,98,0.0
[2026-05-10 00:30:49.206] [GetTemp--2147478764]:i2c write failed
[2026-05-10 00:30:49.206] 3800,85,98,0.0
[2026-05-10 00:30:49.285] HR=92 SpO2=98 (raw:90/98 valid:1/1 sqi:1)
[2026-05-10 00:30:49.301] [GetTemp--2147478764]:i2c write failed
[2026-05-10 00:30:49.302] 3801,82,98,0.0
[2026-05-10 00:30:49.413] [GetTemp--2147478764]:i2c write failed
[2026-05-10 00:30:49.413] 3802,82,98,0.0
[2026-05-10 00:30:49.509] [GetTemp--2147478764]:i2c write failed
[2026-05-10 00:30:49.509] 3803,82,98,0.0
[2026-05-10 00:30:49.605] [GetTemp--2147478764]:i2c write failed
[2026-05-10 00:30:49.605] 3804,82,98,0.0
[2026-05-10 00:30:49.925] [GetTemp--2147478764]:i2c write failed
[2026-05-10 00:30:49.925] 3805,82,98,0.0
[2026-05-10 00:30:50.020] [GetTemp--2147478764]:i2c write failed
[2026-05-10 00:30:50.021] 3806,82,98,0.0
[2026-05-10 00:30:50.116] [GetTemp--2147478764]:i2c write failed
[2026-05-10 00:30:50.116] 3807,82,98,0.0
[2026-05-10 00:30:50.211] [GetTemp--2147478764]:i2c write failed
[2026-05-10 00:30:50.211] 3808,82,98,0.0
[2026-05-10 00:30:50.306] HR=92 SpO2=98 (raw:92/98 valid:1/1 sqi:1)
[2026-05-10 00:30:50.322] [GetTemp--2147478764]:i2c write failed
[2026-05-10 00:30:50.322] 3809,82,98,0.0
[2026-05-10 00:30:50.625] [GetTemp--2147478764]:i2c write failed
[2026-05-10 00:30:50.625] 3810,82,98,0.0
[2026-05-10 00:30:50.734] [GetTemp--2147478764]:i2c write failed
[2026-05-10 00:30:50.734] 3811,82,98,0.0
[2026-05-10 00:30:50.828] [GetTemp--2147478764]:i2c write failed
[2026-05-10 00:30:50.829] 3812,82,98,0.0
[2026-05-10 00:30:50.921] [GetTemp--2147478764]:i2c write failed
[2026-05-10 00:30:50.945] 3813,82,98,0.0
[2026-05-10 00:30:51.025] [GetTemp--2147478764]:i2c write failed
[2026-05-10 00:30:51.026] 3814,82,98,0.0
[2026-05-10 00:30:51.343] [GetTemp--2147478764]:i2c write failed
[2026-05-10 00:30:51.343] 3815,82,98,0.0
[2026-05-10 00:30:51.439] [GetTemp--2147478764]:i2c write failed
[2026-05-10 00:30:51.439] 3816,82,98,0.0
[2026-05-10 00:30:51.535] [GetTemp--2147478764]:i2c write failed
[2026-05-10 00:30:51.535] 3817,82,98,0.0
[2026-05-10 00:30:51.566] HR=92 SpO2=98 (raw:92/98 valid:1/1 sqi:1)
[2026-05-10 00:30:51.645] [GetTemp--2147478764]:i2c write failed
[2026-05-10 00:30:51.645] 3818,82,98,0.0
[2026-05-10 00:30:51.741] [GetTemp--2147478764]:i2c write failed
[2026-05-10 00:30:51.742] 3819,82,98,0.0
[2026-05-10 00:30:52.047] [GetTemp--2147478764]:i2c write failed
[2026-05-10 00:30:52.047] 3820,82,98,0.0
[2026-05-10 00:30:52.142] [GetTemp--2147478764]:i2c write failed
[2026-05-10 00:30:52.142] 3821,82,98,0.0
[2026-05-10 00:30:52.254] [GetTemp--2147478764]:i2c write failed
[2026-05-10 00:30:52.254] 3822,82,98,0.0
[2026-05-10 00:30:52.350] [GetTemp--2147478764]:i2c write failed
[2026-05-10 00:30:52.350] 3823,82,98,0.0
[2026-05-10 00:30:52.445] [GetTemp--2147478764]:i2c write failed
[2026-05-10 00:30:52.445] 3824,82,98,0.0
[2026-05-10 00:30:52.683] HR=92 SpO2=98 (raw:92/98 valid:1/1 sqi:1)
[2026-05-10 00:30:52.761] [GetTemp--2147478764]:i2c write failed
[2026-05-10 00:30:52.762] 3825,82,98,0.0
[2026-05-10 00:30:52.854] [GetTemp--2147478764]:i2c write failed
[2026-05-10 00:30:52.855] 3826,82,98,0.0
[2026-05-10 00:30:52.958] [GetTemp--2147478764]:i2c write failed
[2026-05-10 00:30:52.958] 3827,82,98,0.0
[2026-05-10 00:30:53.054] [GetTemp--2147478764]:i2c write failed
[2026-05-10 00:30:53.054] 3828,82,98,0.0
[2026-05-10 00:30:53.165] [GetTemp--2147478764]:i2c write failed
[2026-05-10 00:30:53.167] 3829,82,98,0.0
[2026-05-10 00:30:53.468] [GetTemp--2147478764]:i2c write failed
[2026-05-10 00:30:53.468] 3830,82,98,0.0
[2026-05-10 00:30:53.564] [GetTemp--2147478764]:i2c write failed
[2026-05-10 00:30:53.564] 3831,82,98,0.0
[2026-05-10 00:30:53.660] [GetTemp--2147478764]:i2c write failed
[2026-05-10 00:30:53.664] 3832,82,98,0.0
[2026-05-10 00:30:53.685] HR=92 SpO2=98 (raw:95/98 valid:1/1 sqi:1)
[2026-05-10 00:30:53.770] [GetTemp--2147478764]:i2c write failed
[2026-05-10 00:30:53.771] 3833,82,98,0.0
[2026-05-10 00:30:53.863] [GetTemp--2147478764]:i2c write failed
[2026-05-10 00:30:53.865] 3834,82,98,0.0
[2026-05-10 00:30:54.173] [GetTemp--2147478764]:i2c write failed
[2026-05-10 00:30:54.173] 3835,82,98,0.0
[2026-05-10 00:30:54.285] [GetTemp--2147478764]:i2c write failed
[2026-05-10 00:30:54.285] 3836,82,98,0.0
[2026-05-10 00:30:54.379] [GetTemp--2147478764]:i2c write failed
[2026-05-10 00:30:54.379] 3837,82,98,0.0
[2026-05-10 00:30:54.474] [GetTemp--2147478764]:i2c write failed
[2026-05-10 00:30:54.474] 3838,82,98,0.0
[2026-05-10 00:30:54.585] [GetTemp--2147478764]:i2c write failed
[2026-05-10 00:30:54.585] 3839,82,98,0.0
[2026-05-10 00:30:54.808] HR=92 SpO2=98 (raw:95/97 valid:1/1 sqi:1)
[2026-05-10 00:30:54.888] [GetTemp--2147478764]:i2c write failed
[2026-05-10 00:30:54.889] 3840,82,98,0.0
[2026-05-10 00:30:54.987] [GetTemp--2147478764]:i2c write failed
[2026-05-10 00:30:54.987] 3841,82,98,0.0
[2026-05-10 00:30:55.082] [GetTemp--2147478764]:i2c write failed
[2026-05-10 00:30:55.084] 3842,82,98,0.0
[2026-05-10 00:30:55.195] [GetTemp--2147478764]:i2c write failed
[2026-05-10 00:30:55.196] 3843,82,98,0.0
[2026-05-10 00:30:55.289] [GetTemp--2147478764]:i2c write failed
[2026-05-10 00:30:55.289] 3844,82,98,0.0
[2026-05-10 00:30:55.591] [GetTemp--2147478764]:i2c write failed
[2026-05-10 00:30:55.593] 3845,82,98,0.0
[2026-05-10 00:30:55.699] [GetTemp--2147478764]:i2c write failed
[2026-05-10 00:30:55.699] 3846,82,98,0.0
[2026-05-10 00:30:55.794] [GetTemp--2147478764]:i2c write failed
[2026-05-10 00:30:55.796] 3847,82,98,0.0
[2026-05-10 00:30:55.897] [GetTemp--2147478764]:i2c write failed
[2026-05-10 00:30:55.897] 3848,82,98,0.0
[2026-05-10 00:30:55.991] HR=93 SpO2=98 (raw:93/97 valid:1/1 sqi:1)
[2026-05-10 00:30:55.991] [GetTemp--2147478764]:i2c write failed
[2026-05-10 00:30:55.991] 3849,83,98,0.0
[2026-05-10 00:30:56.309] [GetTemp--2147478764]:i2c write failed
[2026-05-10 00:30:56.310] 3850,83,98,0.0
[2026-05-10 00:30:56.405] [GetTemp--2147478764]:i2c write failed
[2026-05-10 00:30:56.405] 3851,83,98,0.0
[2026-05-10 00:30:56.516] [GetTemp--2147478764]:i2c write failed
[2026-05-10 00:30:56.516] 3852,83,98,0.0
[2026-05-10 00:30:56.611] [GetTemp--2147478764]:i2c write failed
[2026-05-10 00:30:56.612] 3853,83,98,0.0
[2026-05-10 00:30:56.705] [GetTemp--2147478764]:i2c write failed
[2026-05-10 00:30:56.705] 3854,83,98,0.0
[2026-05-10 00:30:57.011] [GetTemp--2147478764]:i2c write failed
[2026-05-10 00:30:57.013] 3855,83,98,0.0
[2026-05-10 00:30:57.091] HR=95 SpO2=98 (raw:95/98 valid:1/1 sqi:1)
[2026-05-10 00:30:57.107] [GetTemp--2147478764]:i2c write failed
[2026-05-10 00:30:57.107] 3856,85,98,0.0
[2026-05-10 00:30:57.218] [GetTemp--2147478764]:i2c write failed
[2026-05-10 00:30:57.218] 3857,85,98,0.0
[2026-05-10 00:30:57.314] [GetTemp--2147478764]:i2c write failed
[2026-05-10 00:30:57.314] 3858,85,98,0.0
[2026-05-10 00:30:57.410] [GetTemp--2147478764]:i2c write failed
[2026-05-10 00:30:57.415] 3859,85,98,0.0
[2026-05-10 00:30:57.726] [GetTemp--2147478764]:i2c write failed
[2026-05-10 00:30:57.727] 3860,85,98,0.0
[2026-05-10 00:30:57.836] [GetTemp--2147478764]:i2c write failed
[2026-05-10 00:30:57.836] 3861,85,98,0.0
[2026-05-10 00:30:57.930] [GetTemp--2147478764]:i2c write failed
[2026-05-10 00:30:57.931] 3862,85,98,0.0
[2026-05-10 00:30:58.032] [GetTemp--2147478764]:i2c write failed
[2026-05-10 00:30:58.032] 3863,85,98,0.0
[2026-05-10 00:30:58.111] HR=95 SpO2=98 (raw:95/98 valid:1/1 sqi:1)
[2026-05-10 00:30:58.111] [GetTemp--2147478764]:i2c write failed
[2026-05-10 00:30:58.121] 3864,85,98,0.0
[2026-05-10 00:30:58.444] [GetTemp--2147478764]:i2c write failed
[2026-05-10 00:30:58.444] 3865,85,98,0.0
[2026-05-10 00:30:58.539] [GetTemp--2147478764]:i2c write failed
[2026-05-10 00:30:58.539] 3866,85,98,0.0
[2026-05-10 00:30:58.633] [GetTemp--2147478764]:i2c write failed
[2026-05-10 00:30:58.634] 3867,85,98,0.0
[2026-05-10 00:30:58.742] [GetTemp--2147478764]:i2c write failed
[2026-05-10 00:30:58.742] 3868,85,98,0.0
[2026-05-10 00:30:58.836] [GetTemp--2147478764]:i2c write failed
[2026-05-10 00:30:58.837] 3869,85,98,0.0
[2026-05-10 00:30:59.148] [GetTemp--2147478764]:i2c write failed
[2026-05-10 00:30:59.148] 3870,85,98,0.0
[2026-05-10 00:30:59.212] HR=95 SpO2=98 (raw:96/98 valid:1/1 sqi:1)
[2026-05-10 00:30:59.228] [GetTemp--2147478764]:i2c write failed
[2026-05-10 00:30:59.228] 3871,85,98,0.0
[2026-05-10 00:30:59.355] [GetTemp--2147478764]:i2c write failed
[2026-05-10 00:30:59.355] 3872,85,98,0.0
[2026-05-10 00:30:59.451] [GetTemp--2147478764]:i2c write failed
[2026-05-10 00:30:59.451] 3873,85,98,0.0
[2026-05-10 00:30:59.547] [GetTemp--2147478764]:i2c write failed
[2026-05-10 00:30:59.547] 3874,85,98,0.0
[2026-05-10 00:30:59.860] [GetTemp--2147478764]:i2c write failed
[2026-05-10 00:30:59.861] 3875,85,98,0.0
[2026-05-10 00:30:59.965] [GetTemp--2147478764]:i2c write failed
[2026-05-10 00:30:59.965] 3876,85,98,0.0
[2026-05-10 00:31:00.061] [GetTemp--2147478764]:i2c write failed
[2026-05-10 00:31:00.063] 3877,85,98,0.0
[2026-05-10 00:31:00.156] [GetTemp--2147478764]:i2c write failed
[2026-05-10 00:31:00.156] 3878,85,98,0.0
[2026-05-10 00:31:00.252] [GetTemp--2147478764]:i2c write failed
[2026-05-10 00:31:00.255] 3879,85,98,0.0
[2026-05-10 00:31:00.491] HR=95 SpO2=98 (raw:100/97 valid:1/1 sqi:1)
[2026-05-10 00:31:00.570] [GetTemp--2147478764]:i2c write failed
[2026-05-10 00:31:00.571] 3880,85,98,0.0
[2026-05-10 00:31:00.666] [GetTemp--2147478764]:i2c write failed
[2026-05-10 00:31:00.667] 3881,85,98,0.0
[2026-05-10 00:31:00.776] [GetTemp--2147478764]:i2c write failed
[2026-05-10 00:31:00.776] 3882,85,98,0.0
[2026-05-10 00:31:00.868] [GetTemp--2147478764]:i2c write failed
[2026-05-10 00:31:00.869] 3883,85,98,0.0
[2026-05-10 00:31:00.971] [GetTemp--2147478764]:i2c write failed
[2026-05-10 00:31:00.972] 3884,85,98,0.0
[2026-05-10 00:31:01.274] [GetTemp--2147478764]:i2c write failed
[2026-05-10 00:31:01.274] 3885,85,98,0.0
[2026-05-10 00:31:01.370] [GetTemp--2147478764]:i2c write failed
[2026-05-10 00:31:01.370] 3886,85,98,0.0
[2026-05-10 00:31:01.482] [GetTemp--2147478764]:i2c write failed
[2026-05-10 00:31:01.482] 3887,85,98,0.0
[2026-05-10 00:31:01.494] HR=96 SpO2=98 (raw:96/98 valid:1/1 sqi:1)
[2026-05-10 00:31:01.577] [GetTemp--2147478764]:i2c write failed
[2026-05-10 00:31:01.577] 3888,86,98,0.0
[2026-05-10 00:31:01.671] [GetTemp--2147478764]:i2c write failed
[2026-05-10 00:31:01.674] 3889,86,98,0.0
[2026-05-10 00:31:01.984] [GetTemp--2147478764]:i2c write failed
[2026-05-10 00:31:01.984] 3890,86,98,0.0
[2026-05-10 00:31:02.096] [GetTemp--2147478764]:i2c write failed
[2026-05-10 00:31:02.096] 3891,86,98,0.0
[2026-05-10 00:31:02.192] [GetTemp--2147478764]:i2c write failed
[2026-05-10 00:31:02.192] 3892,86,98,0.0
[2026-05-10 00:31:02.287] [GetTemp--2147478764]:i2c write failed
[2026-05-10 00:31:02.287] 3893,86,98,0.0
[2026-05-10 00:31:02.383] [GetTemp--2147478764]:i2c write failed
[2026-05-10 00:31:02.383] 3894,86,98,0.0
[2026-05-10 00:31:02.622] HR=96 SpO2=98 (raw:88/97 valid:1/1 sqi:1)
[2026-05-10 00:31:02.699] [GetTemp--2147478764]:i2c write failed
[2026-05-10 00:31:02.700] 3895,86,98,0.0
[2026-05-10 00:31:02.793] [GetTemp--2147478764]:i2c write failed
[2026-05-10 00:31:02.794] 3896,86,98,0.0
[2026-05-10 00:31:02.904] [GetTemp--2147478764]:i2c write failed
[2026-05-10 00:31:02.905] 3897,86,98,0.0
[2026-05-10 00:31:03.003] [GetTemp--2147478764]:i2c write failed
[2026-05-10 00:31:03.004] 3898,86,98,0.0
[2026-05-10 00:31:03.098] [GetTemp--2147478764]:i2c write failed
[2026-05-10 00:31:03.098] 3899,86,98,0.0
[2026-05-10 00:31:03.322] ReadLicenseData(), failed to get licdata string
[2026-05-10 00:31:03.323] VerifyLicense(), cannot read license data files
[2026-05-10 00:31:03.323] license_task_main() verify license invalid, reboot after 52 mins
[2026-05-10 00:31:03.417] [GetTemp--2147478764]:i2c write failed
[2026-05-10 00:31:03.418] 3900,86,98,0.0
[2026-05-10 00:31:03.513] [GetTemp--2147478764]:i2c write failed
[2026-05-10 00:31:03.515] 3901,86,98,0.0
[2026-05-10 00:31:03.624] [GetTemp--2147478764]:i2c write failed
[2026-05-10 00:31:03.624] 3902,86,98,0.0
[2026-05-10 00:31:03.637] HR=96 SpO2=98 (raw:89/98 valid:1/1 sqi:1)
[2026-05-10 00:31:03.720] [GetTemp--2147478764]:i2c write failed
[2026-05-10 00:31:03.720] 3903,86,98,0.0
[2026-05-10 00:31:03.814] [GetTemp--2147478764]:i2c write failed
[2026-05-10 00:31:03.814] 3904,86,98,0.0
[2026-05-10 00:31:04.122] [GetTemp--2147478764]:i2c write failed
[2026-05-10 00:31:04.139] 3905,86,98,0.0
[2026-05-10 00:31:04.233] [GetTemp--2147478764]:i2c write failed
[2026-05-10 00:31:04.233] 3906,86,98,0.0
[2026-05-10 00:31:04.329] [GetTemp--2147478764]:i2c write failed
[2026-05-10 00:31:04.330] 3907,86,98,0.0
[2026-05-10 00:31:04.424] [GetTemp--2147478764]:i2c write failed
[2026-05-10 00:31:04.427] 3908,86,98,0.0
[2026-05-10 00:31:04.536] [GetTemp--2147478764]:i2c write failed
[2026-05-10 00:31:04.536] 3909,86,98,0.0
[2026-05-10 00:31:04.832] [GetTemp--2147478764]:i2c write failed
[2026-05-10 00:31:04.838] 3910,86,98,0.0
[2026-05-10 00:31:04.912] HR=96 SpO2=98 (raw:101/98 valid:1/1 sqi:1)
[2026-05-10 00:31:04.930] [GetTemp--2147478764]:i2c write failed
[2026-05-10 00:31:04.933] 3911,86,98,0.0
[2026-05-10 00:31:05.031] [GetTemp--2147478764]:i2c write failed
[2026-05-10 00:31:05.047] 3912,86,98,0.0
[2026-05-10 00:31:05.143] [GetTemp--2147478764]:i2c write failed
[2026-05-10 00:31:05.143] 3913,86,98,0.0
[2026-05-10 00:31:05.238] [GetTemp--2147478764]:i2c write failed
[2026-05-10 00:31:05.239] 3914,86,98,0.0
[2026-05-10 00:31:05.542] [GetTemp--2147478764]:i2c write failed
[2026-05-10 00:31:05.542] 3915,86,98,0.0
[2026-05-10 00:31:05.651] [GetTemp--2147478764]:i2c write failed
[2026-05-10 00:31:05.654] 3916,86,98,0.0
[2026-05-10 00:31:05.745] [GetTemp--2147478764]:i2c write failed
[2026-05-10 00:31:05.745] 3917,86,98,0.0
[2026-05-10 00:31:05.854] [GetTemp--2147478764]:i2c write failed
[2026-05-10 00:31:05.855] 3918,86,98,0.0
[2026-05-10 00:31:05.936] HR=96 SpO2=98 (raw:101/99 valid:1/1 sqi:1)
[2026-05-10 00:31:05.936] [GetTemp--2147478764]:i2c write failed
[2026-05-10 00:31:05.936] 3919,86,98,0.0
[2026-05-10 00:31:06.254] [GetTemp--2147478764]:i2c write failed
[2026-05-10 00:31:06.254] 3920,86,98,0.0
[2026-05-10 00:31:06.350] [GetTemp--2147478764]:i2c write failed
[2026-05-10 00:31:06.350] 3921,86,98,0.0
[2026-05-10 00:31:06.461] [GetTemp--2147478764]:i2c write failed
[2026-05-10 00:31:06.461] 3922,86,98,0.0
[2026-05-10 00:31:06.557] [GetTemp--2147478764]:i2c write failed
[2026-05-10 00:31:06.557] 3923,86,98,0.0
[2026-05-10 00:31:06.651] [GetTemp--2147478764]:i2c write failed
[2026-05-10 00:31:06.654] 3924,86,98,0.0
[2026-05-10 00:31:06.970] [GetTemp--2147478764]:i2c write failed
[2026-05-10 00:31:06.970] 3925,86,98,0.0
[2026-05-10 00:31:07.034] HR=101 SpO2=98 (raw:101/99 valid:1/1 sqi:1)
[2026-05-10 00:31:07.050] [GetTemp--2147478764]:i2c write failed
[2026-05-10 00:31:07.050] 3926,91,98,0.0
[2026-05-10 00:31:07.161] [GetTemp--2147478764]:i2c write failed
[2026-05-10 00:31:07.161] 3927,91,98,0.0
[2026-05-10 00:31:07.272] [GetTemp--2147478764]:i2c write failed
[2026-05-10 00:31:07.272] 3928,91,98,0.0
[2026-05-10 00:31:07.368] [GetTemp--2147478764]:i2c write failed
[2026-05-10 00:31:07.368] 3929,91,98,0.0
[2026-05-10 00:31:07.684] [GetTemp--2147478764]:i2c write failed
[2026-05-10 00:31:07.684] 3930,91,98,0.0
[2026-05-10 00:31:07.777] [GetTemp--2147478764]:i2c write failed
[2026-05-10 00:31:07.779] 3931,91,98,0.0
[2026-05-10 00:31:07.871] [GetTemp--2147478764]:i2c write failed
[2026-05-10 00:31:07.875] 3932,91,98,0.0
[2026-05-10 00:31:07.975] [GetTemp--2147478764]:i2c write failed
[2026-05-10 00:31:07.975] 3933,91,98,0.0
[2026-05-10 00:31:08.071] HR=101 SpO2=98 (raw:88/97 valid:1/1 sqi:1)
[2026-05-10 00:31:08.071] [GetTemp--2147478764]:i2c write failed
[2026-05-10 00:31:08.078] 3934,91,98,0.0
[2026-05-10 00:31:08.390] [GetTemp--2147478764]:i2c write failed
[2026-05-10 00:31:08.390] 3935,91,98,0.0
[2026-05-10 00:31:08.486] [GetTemp--2147478764]:i2c write failed
[2026-05-10 00:31:08.486] 3936,91,98,0.0
[2026-05-10 00:31:08.582] [GetTemp--2147478764]:i2c write failed
[2026-05-10 00:31:08.598] 3937,91,98,0.0
[2026-05-10 00:31:08.691] [GetTemp--2147478764]:i2c write failed
[2026-05-10 00:31:08.692] 3938,91,98,0.0
[2026-05-10 00:31:08.786] [GetTemp--2147478764]:i2c write failed
[2026-05-10 00:31:08.786] 3939,91,98,0.0
[2026-05-10 00:31:09.095] [GetTemp--2147478764]:i2c write failed
[2026-05-10 00:31:09.095] 3940,91,98,0.0
[2026-05-10 00:31:09.205] [GetTemp--2147478764]:i2c write failed
[2026-05-10 00:31:09.205] 3941,91,98,0.0
[2026-05-10 00:31:09.302] [GetTemp--2147478764]:i2c write failed
[2026-05-10 00:31:09.302] 3942,91,98,0.0
[2026-05-10 00:31:09.313] HR=101 SpO2=98 (raw:88/98 valid:1/1 sqi:1)
[2026-05-10 00:31:09.398] [GetTemp--2147478764]:i2c write failed
[2026-05-10 00:31:09.398] 3943,91,98,0.0
[2026-05-10 00:31:09.493] [GetTemp--2147478764]:i2c write failed
[2026-05-10 00:31:09.494] 3944,91,98,0.0
[2026-05-10 00:31:09.807] [GetTemp--2147478764]:i2c write failed
[2026-05-10 00:31:09.807] 3945,91,98,0.0
[2026-05-10 00:31:09.902] [GetTemp--2147478764]:i2c write failed
[2026-05-10 00:31:09.917] 3946,91,98,0.0
[2026-05-10 00:31:10.005] [GetTemp--2147478764]:i2c write failed
[2026-05-10 00:31:10.005] 3947,91,98,0.0
[2026-05-10 00:31:10.101] [GetTemp--2147478764]:i2c write failed
[2026-05-10 00:31:10.103] 3948,91,98,0.0
[2026-05-10 00:31:10.212] [GetTemp--2147478764]:i2c write failed
[2026-05-10 00:31:10.212] 3949,91,98,0.0
[2026-05-10 00:31:10.434] HR=88 SpO2=98 (raw:88/98 valid:1/1 sqi:1)
[2026-05-10 00:31:10.513] [GetTemp--2147478764]:i2c write failed
[2026-05-10 00:31:10.516] 3950,78,98,0.0
[2026-05-10 00:31:10.624] [GetTemp--2147478764]:i2c write failed
[2026-05-10 00:31:10.624] 3951,78,98,0.0
[2026-05-10 00:31:10.718] [GetTemp--2147478764]:i2c write failed
[2026-05-10 00:31:10.720] 3952,78,98,0.0
[2026-05-10 00:31:10.812] [GetTemp--2147478764]:i2c write failed
[2026-05-10 00:31:10.814] 3953,78,98,0.0
[2026-05-10 00:31:10.922] [GetTemp--2147478764]:i2c write failed
[2026-05-10 00:31:10.924] 3954,78,98,0.0
[2026-05-10 00:31:11.225] [GetTemp--2147478764]:i2c write failed
[2026-05-10 00:31:11.227] 3955,78,98,0.0
[2026-05-10 00:31:11.321] [GetTemp--2147478764]:i2c write failed
[2026-05-10 00:31:11.323] 3956,78,98,0.0
[2026-05-10 00:31:11.432] [GetTemp--2147478764]:i2c write failed
[2026-05-10 00:31:11.432] 3957,78,98,0.0
[2026-05-10 00:31:11.437] HR=88 SpO2=98 (raw:88/98 valid:1/1 sqi:1)
[2026-05-10 00:31:11.528] [GetTemp--2147478764]:i2c write failed
[2026-05-10 00:31:11.528] 3958,78,98,0.0
[2026-05-10 00:31:11.623] [GetTemp--2147478764]:i2c write failed
[2026-05-10 00:31:11.627] 3959,78,98,0.0
[2026-05-10 00:31:11.931] [GetTemp--2147478764]:i2c write failed
[2026-05-10 00:31:11.931] 3960,78,98,0.0
[2026-05-10 00:31:12.042] [GetTemp--2147478764]:i2c write failed
[2026-05-10 00:31:12.042] 3961,78,98,0.0
[2026-05-10 00:31:12.138] [GetTemp--2147478764]:i2c write failed
[2026-05-10 00:31:12.138] 3962,78,98,0.0
[2026-05-10 00:31:12.234] [GetTemp--2147478764]:i2c write failed
[2026-05-10 00:31:12.235] 3963,78,98,0.0
[2026-05-10 00:31:12.345] [GetTemp--2147478764]:i2c write failed
[2026-05-10 00:31:12.346] 3964,78,98,0.0
[2026-05-10 00:31:12.568] HR=88 SpO2=98 (raw:96/98 valid:1/1 sqi:1)
[2026-05-10 00:31:12.646] [GetTemp--2147478764]:i2c write failed
[2026-05-10 00:31:12.646] 3965,78,98,0.0
[2026-05-10 00:31:12.756] [GetTemp--2147478764]:i2c write failed
[2026-05-10 00:31:12.756] 3966,78,98,0.0
[2026-05-10 00:31:12.849] [GetTemp--2147478764]:i2c write failed
[2026-05-10 00:31:12.850] 3967,78,98,0.0
[2026-05-10 00:31:12.952] [GetTemp--2147478764]:i2c write failed
[2026-05-10 00:31:12.952] 3968,78,98,0.0
[2026-05-10 00:31:13.048] [GetTemp--2147478764]:i2c write failed
[2026-05-10 00:31:13.048] 3969,78,98,0.0
[2026-05-10 00:31:13.351] [GetTemp--2147478764]:i2c write failed
[2026-05-10 00:31:13.367] 3970,78,98,0.0
[2026-05-10 00:31:13.463] [GetTemp--2147478764]:i2c write failed
[2026-05-10 00:31:13.464] 3971,78,98,0.0
[2026-05-10 00:31:13.559] [GetTemp--2147478764]:i2c write failed
[2026-05-10 00:31:13.559] 3972,78,98,0.0
[2026-05-10 00:31:13.655] [GetTemp--2147478764]:i2c write failed
[2026-05-10 00:31:13.656] 3973,78,98,0.0
[2026-05-10 00:31:13.749] HR=88 SpO2=98 (raw:96/99 valid:1/1 sqi:1)
[2026-05-10 00:31:13.750] [GetTemp--2147478764]:i2c write failed
[2026-05-10 00:31:13.754] 3974,78,98,0.0
[2026-05-10 00:31:14.072] [GetTemp--2147478764]:i2c write failed
[2026-05-10 00:31:14.072] 3975,78,98,0.0
[2026-05-10 00:31:14.168] [GetTemp--2147478764]:i2c write failed
[2026-05-10 00:31:14.168] 3976,78,98,0.0
[2026-05-10 00:31:14.264] [GetTemp--2147478764]:i2c write failed
[2026-05-10 00:31:14.264] 3977,78,98,0.0
[2026-05-10 00:31:14.375] [GetTemp--2147478764]:i2c write failed
[2026-05-10 00:31:14.375] 3978,78,98,0.0
[2026-05-10 00:31:14.470] [GetTemp--2147478764]:i2c write failed
[2026-05-10 00:31:14.470] 3979,78,98,0.0
[2026-05-10 00:31:14.784] [GetTemp--2147478764]:i2c write failed
[2026-05-10 00:31:14.785] 3980,78,98,0.0
[2026-05-10 00:31:14.846] HR=88 SpO2=98 (raw:80/99 valid:1/1 sqi:1)
[2026-05-10 00:31:14.870] [GetTemp--2147478764]:i2c write failed
[2026-05-10 00:31:14.873] 3981,78,98,0.0
[2026-05-10 00:31:14.983] [GetTemp--2147478764]:i2c write failed
[2026-05-10 00:31:14.983] 3982,78,98,0.0
[2026-05-10 00:31:15.078] [GetTemp--2147478764]:i2c write failed
[2026-05-10 00:31:15.078] 3983,78,98,0.0
[2026-05-10 00:31:15.174] [GetTemp--2147478764]:i2c write failed
[2026-05-10 00:31:15.174] 3984,78,98,0.0
[2026-05-10 00:31:15.494] [GetTemp--2147478764]:i2c write failed
[2026-05-10 00:31:15.496] 3985,78,98,0.0
[2026-05-10 00:31:15.589] [GetTemp--2147478764]:i2c write failed
[2026-05-10 00:31:15.589] 3986,78,98,0.0
[2026-05-10 00:31:15.683] [GetTemp--2147478764]:i2c write failed
[2026-05-10 00:31:15.684] 3987,78,98,0.0
[2026-05-10 00:31:15.793] [GetTemp--2147478764]:i2c write failed
[2026-05-10 00:31:15.793] 3988,78,98,0.0
[2026-05-10 00:31:15.887] HR=88 SpO2=99 (raw:80/99 valid:1/1 sqi:1)
[2026-05-10 00:31:15.888] [GetTemp--2147478764]:i2c write failed
[2026-05-10 00:31:15.889] 3989,78,99,0.0
[2026-05-10 00:31:16.198] [GetTemp--2147478764]:i2c write failed
[2026-05-10 00:31:16.198] 3990,78,99,0.0
[2026-05-10 00:31:16.294] [GetTemp--2147478764]:i2c write failed
[2026-05-10 00:31:16.294] 3991,78,99,0.0
[2026-05-10 00:31:16.405] [GetTemp--2147478764]:i2c write failed
[2026-05-10 00:31:16.405] 3992,78,99,0.0
[2026-05-10 00:31:16.501] [GetTemp--2147478764]:i2c write failed
[2026-05-10 00:31:16.501] 3993,78,99,0.0
[2026-05-10 00:31:16.597] [GetTemp--2147478764]:i2c write failed
[2026-05-10 00:31:16.597] 3994,78,99,0.0
[2026-05-10 00:31:16.911] [GetTemp--2147478764]:i2c write failed
[2026-05-10 00:31:16.914] 3995,78,99,0.0
[2026-05-10 00:31:16.955] HR=95 SpO2=99 (raw:95/99 valid:1/1 sqi:1)
[2026-05-10 00:31:17.013] [GetTemp--2147478764]:i2c write failed
[2026-05-10 00:31:17.013] 3996,85,99,0.0
[2026-05-10 00:31:17.109] [GetTemp--2147478764]:i2c write failed
[2026-05-10 00:31:17.110] 3997,85,99,0.0
[2026-05-10 00:31:17.205] [GetTemp--2147478764]:i2c write failed
[2026-05-10 00:31:17.205] 3998,85,99,0.0
[2026-05-10 00:31:17.302] [GetTemp--2147478764]:i2c write failed
[2026-05-10 00:31:17.302] 3999,85,99,0.0
[2026-05-10 00:31:17.621] [GetTemp--2147478764]:i2c write failed
[2026-05-10 00:31:17.621] 4000,85,99,0.0
[2026-05-10 00:31:17.717] [GetTemp--2147478764]:i2c write failed
[2026-05-10 00:31:17.719] 4001,85,99,0.0
[2026-05-10 00:31:17.825] [GetTemp--2147478764]:i2c write failed
[2026-05-10 00:31:17.826] 4002,85,99,0.0
[2026-05-10 00:31:17.918] [GetTemp--2147478764]:i2c write failed
[2026-05-10 00:31:17.919] 4003,85,99,0.0
[2026-05-10 00:31:18.026] [GetTemp--2147478764]:i2c write failed
[2026-05-10 00:31:18.026] 4004,85,99,0.0
[2026-05-10 00:31:18.247] HR=80 SpO2=99 (raw:75/99 valid:1/1 sqi:1)
[2026-05-10 00:31:18.326] [GetTemp--2147478764]:i2c write failed
[2026-05-10 00:31:18.328] 4005,70,99,0.0
[2026-05-10 00:31:18.421] [GetTemp--2147478764]:i2c write failed
[2026-05-10 00:31:18.421] 4006,70,99,0.0
[2026-05-10 00:31:18.534] [GetTemp--2147478764]:i2c write failed
[2026-05-10 00:31:18.534] 4007,70,99,0.0
[2026-05-10 00:31:18.629] [GetTemp--2147478764]:i2c write failed
[2026-05-10 00:31:18.629] 4008,70,99,0.0
[2026-05-10 00:31:18.723] [GetTemp--2147478764]:i2c write failed
[2026-05-10 00:31:18.725] 4009,70,99,0.0
[2026-05-10 00:31:19.044] [GetTemp--2147478764]:i2c write failed
[2026-05-10 00:31:19.044] 4010,70,99,0.0
[2026-05-10 00:31:19.140] [GetTemp--2147478764]:i2c write failed
[2026-05-10 00:31:19.140] 4011,70,99,0.0
[2026-05-10 00:31:19.236] [GetTemp--2147478764]:i2c write failed
[2026-05-10 00:31:19.236] 4012,70,99,0.0
[2026-05-10 00:31:19.251] HR=80 SpO2=99 (raw:74/98 valid:1/1 sqi:1)
[2026-05-10 00:31:19.331] [GetTemp--2147478764]:i2c write failed
[2026-05-10 00:31:19.331] 4013,70,99,0.0
[2026-05-10 00:31:19.443] [GetTemp--2147478764]:i2c write failed
[2026-05-10 00:31:19.443] 4014,70,99,0.0
[2026-05-10 00:31:19.742] [GetTemp--2147478764]:i2c write failed
[2026-05-10 00:31:19.744] 4015,70,99,0.0
[2026-05-10 00:31:19.851] [GetTemp--2147478764]:i2c write failed
[2026-05-10 00:31:19.852] 4016,70,99,0.0
[2026-05-10 00:31:19.946] [GetTemp--2147478764]:i2c write failed
[2026-05-10 00:31:19.947] 4017,70,99,0.0
[2026-05-10 00:31:20.050] [GetTemp--2147478764]:i2c write failed
[2026-05-10 00:31:20.050] 4018,70,99,0.0
[2026-05-10 00:31:20.144] [GetTemp--2147478764]:i2c write failed
[2026-05-10 00:31:20.144] 4019,70,99,0.0
[2026-05-10 00:31:20.383] HR=80 SpO2=99 (raw:80/97 valid:1/1 sqi:1)
[2026-05-10 00:31:20.463] [GetTemp--2147478764]:i2c write failed
[2026-05-10 00:31:20.463] 4020,70,99,0.0
[2026-05-10 00:31:20.558] [GetTemp--2147478764]:i2c write failed
[2026-05-10 00:31:20.558] 4021,70,99,0.0
[2026-05-10 00:31:20.652] [GetTemp--2147478764]:i2c write failed
[2026-05-10 00:31:20.655] 4022,70,99,0.0
[2026-05-10 00:31:20.762] [GetTemp--2147478764]:i2c write failed
[2026-05-10 00:31:20.762] 4023,70,99,0.0
[2026-05-10 00:31:20.857] [GetTemp--2147478764]:i2c write failed
[2026-05-10 00:31:20.858] 4024,70,99,0.0
[2026-05-10 00:31:21.165] [GetTemp--2147478764]:i2c write failed
[2026-05-10 00:31:21.165] 4025,70,99,0.0
[2026-05-10 00:31:21.277] [GetTemp--2147478764]:i2c write failed
[2026-05-10 00:31:21.277] 4026,70,99,0.0
[2026-05-10 00:31:21.373] [GetTemp--2147478764]:i2c write failed
[2026-05-10 00:31:21.373] 4027,70,99,0.0
[2026-05-10 00:31:21.389] HR=80 SpO2=99 (raw:88/99 valid:1/1 sqi:1)
[2026-05-10 00:31:21.469] [GetTemp--2147478764]:i2c write failed
[2026-05-10 00:31:21.469] 4028,70,99,0.0
[2026-05-10 00:31:21.565] [GetTemp--2147478764]:i2c write failed
[2026-05-10 00:31:21.565] 4029,70,99,0.0
[2026-05-10 00:31:21.877] [GetTemp--2147478764]:i2c write failed
[2026-05-10 00:31:21.877] 4030,70,99,0.0
[2026-05-10 00:31:21.972] [GetTemp--2147478764]:i2c write failed
[2026-05-10 00:31:21.974] 4031,70,99,0.0
[2026-05-10 00:31:22.076] [GetTemp--2147478764]:i2c write failed
[2026-05-10 00:31:22.078] 4032,70,99,0.0
[2026-05-10 00:31:22.172] [GetTemp--2147478764]:i2c write failed
[2026-05-10 00:31:22.173] 4033,70,99,0.0
[2026-05-10 00:31:22.283] [GetTemp--2147478764]:i2c write failed
[2026-05-10 00:31:22.283] 4034,70,99,0.0
[2026-05-10 00:31:22.587] [GetTemp--2147478764]:i2c write failed
[2026-05-10 00:31:22.587] 4035,70,99,0.0
[2026-05-10 00:31:22.666] HR=80 SpO2=98 (raw:89/98 valid:1/1 sqi:1)
[2026-05-10 00:31:22.680] [GetTemp--2147478764]:i2c write failed
[2026-05-10 00:31:22.684] 4036,70,98,0.0
[2026-05-10 00:31:22.792] [GetTemp--2147478764]:i2c write failed
[2026-05-10 00:31:22.792] 4037,70,98,0.0
[2026-05-10 00:31:22.886] [GetTemp--2147478764]:i2c write failed
[2026-05-10 00:31:22.887] 4038,70,98,0.0
[2026-05-10 00:31:22.986] [GetTemp--2147478764]:i2c write failed
[2026-05-10 00:31:22.986] 4039,70,98,0.0
[2026-05-10 00:31:23.306] [GetTemp--2147478764]:i2c write failed
[2026-05-10 00:31:23.306] 4040,70,98,0.0
[2026-05-10 00:31:23.401] [GetTemp--2147478764]:i2c write failed
[2026-05-10 00:31:23.401] 4041,70,98,0.0
[2026-05-10 00:31:23.497] [GetTemp--2147478764]:i2c write failed
[2026-05-10 00:31:23.497] 4042,70,98,0.0
[2026-05-10 00:31:23.593] [GetTemp--2147478764]:i2c write failed
[2026-05-10 00:31:23.595] 4043,70,98,0.0
[2026-05-10 00:31:23.688] HR=85 SpO2=98 (raw:85/98 valid:1/1 sqi:1)
[2026-05-10 00:31:23.691] [GetTemp--2147478764]:i2c write failed
[2026-05-10 00:31:23.694] 4044,75,98,0.0
[2026-05-10 00:31:24.010] [GetTemp--2147478764]:i2c write failed
[2026-05-10 00:31:24.010] 4045,75,98,0.0
[2026-05-10 00:31:24.105] [GetTemp--2147478764]:i2c write failed
[2026-05-10 00:31:24.105] 4046,75,98,0.0
[2026-05-10 00:31:24.201] [GetTemp--2147478764]:i2c write failed
[2026-05-10 00:31:24.201] 4047,75,98,0.0
[2026-05-10 00:31:24.312] [GetTemp--2147478764]:i2c write failed
[2026-05-10 00:31:24.312] 4048,75,98,0.0
[2026-05-10 00:31:24.407] [GetTemp--2147478764]:i2c write failed
[2026-05-10 00:31:24.407] 4049,75,98,0.0
[2026-05-10 00:31:24.646] HR=85 SpO2=98 (raw:81/98 valid:1/1 sqi:1)
[2026-05-10 00:31:24.726] [GetTemp--2147478764]:i2c write failed
[2026-05-10 00:31:24.726] 4050,75,98,0.0
[2026-05-10 00:31:24.819] [GetTemp--2147478764]:i2c write failed
[2026-05-10 00:31:24.819] 4051,75,98,0.0
[2026-05-10 00:31:24.913] [GetTemp--2147478764]:i2c write failed
[2026-05-10 00:31:24.915] 4052,75,98,0.0
[2026-05-10 00:31:25.016] [GetTemp--2147478764]:i2c write failed
[2026-05-10 00:31:25.016] 4053,75,98,0.0
[2026-05-10 00:31:25.127] [GetTemp--2147478764]:i2c write failed
[2026-05-10 00:31:25.127] 4054,75,98,0.0
[2026-05-10 00:31:25.430] [GetTemp--2147478764]:i2c write failed
[2026-05-10 00:31:25.430] 4055,75,98,0.0
[2026-05-10 00:31:25.526] [GetTemp--2147478764]:i2c write failed
[2026-05-10 00:31:25.526] 4056,75,98,0.0
[2026-05-10 00:31:25.622] [GetTemp--2147478764]:i2c write failed
[2026-05-10 00:31:25.625] 4057,75,98,0.0
[2026-05-10 00:31:25.732] [GetTemp--2147478764]:i2c write failed
[2026-05-10 00:31:25.733] 4058,75,98,0.0
[2026-05-10 00:31:25.809] HR=85 SpO2=98 (raw:78/98 valid:1/1 sqi:1)
[2026-05-10 00:31:25.825] [GetTemp--2147478764]:i2c write failed
[2026-05-10 00:31:25.825] 4059,75,98,0.0
[2026-05-10 00:31:26.141] [GetTemp--2147478764]:i2c write failed
[2026-05-10 00:31:26.141] 4060,75,98,0.0
[2026-05-10 00:31:26.236] [GetTemp--2147478764]:i2c write failed
[2026-05-10 00:31:26.236] 4061,75,98,0.0
[2026-05-10 00:31:26.332] [GetTemp--2147478764]:i2c write failed
[2026-05-10 00:31:26.332] 4062,75,98,0.0
[2026-05-10 00:31:26.443] [GetTemp--2147478764]:i2c write failed
[2026-05-10 00:31:26.444] 4063,75,98,0.0
[2026-05-10 00:31:26.539] [GetTemp--2147478764]:i2c write failed
[2026-05-10 00:31:26.539] 4064,75,98,0.0
[2026-05-10 00:31:26.851] [GetTemp--2147478764]:i2c write failed
[2026-05-10 00:31:26.851] 4065,75,98,0.0
[2026-05-10 00:31:26.955] [GetTemp--2147478764]:i2c write failed
[2026-05-10 00:31:26.955] 4066,75,98,0.0
[2026-05-10 00:31:27.051] [GetTemp--2147478764]:i2c write failed
[2026-05-10 00:31:27.051] 4067,75,98,0.0
[2026-05-10 00:31:27.067] HR=81 SpO2=98 (raw:78/97 valid:1/1 sqi:1)
[2026-05-10 00:31:27.146] [GetTemp--2147478764]:i2c write failed
[2026-05-10 00:31:27.146] 4068,71,98,0.0
[2026-05-10 00:31:27.241] [GetTemp--2147478764]:i2c write failed
[2026-05-10 00:31:27.241] 4069,71,98,0.0
[2026-05-10 00:31:27.560] [GetTemp--2147478764]:i2c write failed
[2026-05-10 00:31:27.560] 4070,71,98,0.0
[2026-05-10 00:31:27.655] [GetTemp--2147478764]:i2c write failed
[2026-05-10 00:31:27.657] 4071,71,98,0.0
[2026-05-10 00:31:27.765] [GetTemp--2147478764]:i2c write failed
[2026-05-10 00:31:27.766] 4072,71,98,0.0
[2026-05-10 00:31:27.860] [GetTemp--2147478764]:i2c write failed
[2026-05-10 00:31:27.860] 4073,71,98,0.0
[2026-05-10 00:31:27.954] [GetTemp--2147478764]:i2c write failed
[2026-05-10 00:31:27.955] 4074,71,98,0.0
[2026-05-10 00:31:28.182] HR=80 SpO2=98 (raw:80/98 valid:1/1 sqi:1)
[2026-05-10 00:31:28.278] [GetTemp--2147478764]:i2c write failed
[2026-05-10 00:31:28.278] 4075,70,98,0.0
[2026-05-10 00:31:28.373] [GetTemp--2147478764]:i2c write failed
[2026-05-10 00:31:28.373] 4076,70,98,0.0
[2026-05-10 00:31:28.469] [GetTemp--2147478764]:i2c write failed
[2026-05-10 00:31:28.469] 4077,70,98,0.0
[2026-05-10 00:31:28.563] [GetTemp--2147478764]:i2c write failed
[2026-05-10 00:31:28.564] 4078,70,98,0.0
[2026-05-10 00:31:28.675] [GetTemp--2147478764]:i2c write failed
[2026-05-10 00:31:28.675] 4079,70,98,0.0
[2026-05-10 00:31:28.975] [GetTemp--2147478764]:i2c write failed
[2026-05-10 00:31:28.975] 4080,70,98,0.0
[2026-05-10 00:31:29.083] [GetTemp--2147478764]:i2c write failed
[2026-05-10 00:31:29.084] 4081,70,98,0.0
[2026-05-10 00:31:29.171] [GetTemp--2147478764]:i2c write failed
[2026-05-10 00:31:29.175] 4082,70,98,0.0
[2026-05-10 00:31:29.187] HR=80 SpO2=98 (raw:81/98 valid:1/1 sqi:1)
[2026-05-10 00:31:29.283] [GetTemp--2147478764]:i2c write failed
[2026-05-10 00:31:29.283] 4083,70,98,0.0
[2026-05-10 00:31:29.379] [GetTemp--2147478764]:i2c write failed
[2026-05-10 00:31:29.381] 4084,70,98,0.0
[2026-05-10 00:31:29.697] [GetTemp--2147478764]:i2c write failed
[2026-05-10 00:31:29.697] 4085,70,98,0.0
[2026-05-10 00:31:29.790] [GetTemp--2147478764]:i2c write failed
[2026-05-10 00:31:29.791] 4086,70,98,0.0
[2026-05-10 00:31:29.884] [GetTemp--2147478764]:i2c write failed
[2026-05-10 00:31:29.884] 4087,70,98,0.0
[2026-05-10 00:31:30.002] [GetTemp--2147478764]:i2c write failed
[2026-05-10 00:31:30.002] 4088,70,98,0.0
[2026-05-10 00:31:30.081] [GetTemp--2147478764]:i2c write failed
[2026-05-10 00:31:30.081] 4089,70,98,0.0
[2026-05-10 00:31:30.320] HR=80 SpO2=98 (raw:81/98 valid:1/1 sqi:1)
[2026-05-10 00:31:30.400] [GetTemp--2147478764]:i2c write failed
[2026-05-10 00:31:30.400] 4090,70,98,0.0
[2026-05-10 00:31:30.495] [GetTemp--2147478764]:i2c write failed
[2026-05-10 00:31:30.495] 4091,70,98,0.0
[2026-05-10 00:31:30.606] [GetTemp--2147478764]:i2c write failed
[2026-05-10 00:31:30.606] 4092,70,98,0.0
[2026-05-10 00:31:30.702] [GetTemp--2147478764]:i2c write failed
[2026-05-10 00:31:30.702] 4093,70,98,0.0
[2026-05-10 00:31:30.795] [GetTemp--2147478764]:i2c write failed
[2026-05-10 00:31:30.795] 4094,70,98,0.0
[2026-05-10 00:31:31.102] [GetTemp--2147478764]:i2c write failed
[2026-05-10 00:31:31.106] 4095,70,98,0.0
[2026-05-10 00:31:31.213] [GetTemp--2147478764]:i2c write failed
[2026-05-10 00:31:31.215] 4096,70,98,0.0
[2026-05-10 00:31:31.309] [GetTemp--2147478764]:i2c write failed
[2026-05-10 00:31:31.309] 4097,70,98,0.0
[2026-05-10 00:31:31.404] [GetTemp--2147478764]:i2c write failed
[2026-05-10 00:31:31.404] 4098,70,98,0.0
[2026-05-10 00:31:31.500] HR=81 SpO2=98 (raw:90/98 valid:1/1 sqi:1)
[2026-05-10 00:31:31.500] [GetTemp--2147478764]:i2c write failed
[2026-05-10 00:31:31.516] 4099,71,98,0.0
[2026-05-10 00:31:31.817] [GetTemp--2147478764]:i2c write failed
[2026-05-10 00:31:31.817] 4100,71,98,0.0
[2026-05-10 00:31:31.927] [GetTemp--2147478764]:i2c write failed
[2026-05-10 00:31:31.927] 4101,71,98,0.0
[2026-05-10 00:31:32.021] [GetTemp--2147478764]:i2c write failed
[2026-05-10 00:31:32.023] 4102,71,98,0.0
[2026-05-10 00:31:32.126] [GetTemp--2147478764]:i2c write failed
[2026-05-10 00:31:32.126] 4103,71,98,0.0
[2026-05-10 00:31:32.221] [GetTemp--2147478764]:i2c write failed
[2026-05-10 00:31:32.221] 4104,71,98,0.0
[2026-05-10 00:31:32.461] HR=81 SpO2=98 (raw:89/97 valid:1/1 sqi:1)
[2026-05-10 00:31:32.525] [GetTemp--2147478764]:i2c write failed
[2026-05-10 00:31:32.525] 4105,71,98,0.0
[2026-05-10 00:31:32.636] [GetTemp--2147478764]:i2c write failed
[2026-05-10 00:31:32.636] 4106,71,98,0.0
[2026-05-10 00:31:32.731] [GetTemp--2147478764]:i2c write failed
[2026-05-10 00:31:32.733] 4107,71,98,0.0
[2026-05-10 00:31:32.826] [GetTemp--2147478764]:i2c write failed
[2026-05-10 00:31:32.826] 4108,71,98,0.0
[2026-05-10 00:31:32.935] [GetTemp--2147478764]:i2c write failed
[2026-05-10 00:31:32.935] 4109,71,98,0.0
[2026-05-10 00:31:33.243] [GetTemp--2147478764]:i2c write failed
[2026-05-10 00:31:33.244] 4110,71,98,0.0
[2026-05-10 00:31:33.340] [GetTemp--2147478764]:i2c write failed
[2026-05-10 00:31:33.340] 4111,71,98,0.0
[2026-05-10 00:31:33.436] [GetTemp--2147478764]:i2c write failed
[2026-05-10 00:31:33.436] 4112,71,98,0.0
[2026-05-10 00:31:33.531] [GetTemp--2147478764]:i2c write failed
[2026-05-10 00:31:33.531] 4113,71,98,0.0
[2026-05-10 00:31:33.627] HR=89 SpO2=98 (raw:92/98 valid:1/1 sqi:1)
[2026-05-10 00:31:33.643] [GetTemp--2147478764]:i2c write failed
[2026-05-10 00:31:33.643] 4114,79,98,0.0
[2026-05-10 00:31:33.942] [GetTemp--2147478764]:i2c write failed
[2026-05-10 00:31:33.945] 4115,79,98,0.0
[2026-05-10 00:31:34.058] [GetTemp--2147478764]:i2c write failed
[2026-05-10 00:31:34.058] 4116,79,98,0.0
[2026-05-10 00:31:34.154] [GetTemp--2147478764]:i2c write failed
[2026-05-10 00:31:34.154] 4117,79,98,0.0
[2026-05-10 00:31:34.249] [GetTemp--2147478764]:i2c write failed
[2026-05-10 00:31:34.249] 4118,79,98,0.0
[2026-05-10 00:31:34.345] [GetTemp--2147478764]:i2c write failed
[2026-05-10 00:31:34.347] 4119,79,98,0.0
[2026-05-10 00:31:34.664] [GetTemp--2147478764]:i2c write failed
[2026-05-10 00:31:34.664] 4120,79,98,0.0
[2026-05-10 00:31:34.728] HR=89 SpO2=98 (raw:83/98 valid:1/1 sqi:1)
[2026-05-10 00:31:34.750] [GetTemp--2147478764]:i2c write failed
[2026-05-10 00:31:34.754] 4121,79,98,0.0
[2026-05-10 00:31:34.853] [GetTemp--2147478764]:i2c write failed
[2026-05-10 00:31:34.853] 4122,79,98,0.0
[2026-05-10 00:31:34.962] [GetTemp--2147478764]:i2c write failed
[2026-05-10 00:31:34.962] 4123,79,98,0.0
[2026-05-10 00:31:35.063] [GetTemp--2147478764]:i2c write failed
[2026-05-10 00:31:35.063] 4124,79,98,0.0
[2026-05-10 00:31:35.366] [GetTemp--2147478764]:i2c write failed
[2026-05-10 00:31:35.366] 4125,79,98,0.0
[2026-05-10 00:31:35.462] [GetTemp--2147478764]:i2c write failed
[2026-05-10 00:31:35.462] 4126,79,98,0.0
[2026-05-10 00:31:35.574] [GetTemp--2147478764]:i2c write failed
[2026-05-10 00:31:35.574] 4127,79,98,0.0
[2026-05-10 00:31:35.669] [GetTemp--2147478764]:i2c write failed
[2026-05-10 00:31:35.669] 4128,79,98,0.0
[2026-05-10 00:31:35.776] [GetTemp--2147478764]:i2c write failed
[2026-05-10 00:31:35.776] 4129,79,98,0.0
[2026-05-10 00:31:35.995] HR=89 SpO2=98 (raw:76/98 valid:1/1 sqi:1)
[2026-05-10 00:31:36.079] [GetTemp--2147478764]:i2c write failed
[2026-05-10 00:31:36.079] 4130,79,98,0.0
[2026-05-10 00:31:36.174] [GetTemp--2147478764]:i2c write failed
[2026-05-10 00:31:36.176] 4131,79,98,0.0
[2026-05-10 00:31:36.286] [GetTemp--2147478764]:i2c write failed
[2026-05-10 00:31:36.286] 4132,79,98,0.0
[2026-05-10 00:31:36.381] [GetTemp--2147478764]:i2c write failed
[2026-05-10 00:31:36.382] 4133,79,98,0.0
[2026-05-10 00:31:36.477] [GetTemp--2147478764]:i2c write failed
[2026-05-10 00:31:36.477] 4134,79,98,0.0
[2026-05-10 00:31:36.795] [GetTemp--2147478764]:i2c write failed
[2026-05-10 00:31:36.795] 4135,79,98,0.0
[2026-05-10 00:31:36.888] [GetTemp--2147478764]:i2c write failed
[2026-05-10 00:31:36.888] 4136,79,98,0.0
[2026-05-10 00:31:36.997] [GetTemp--2147478764]:i2c write failed
[2026-05-10 00:31:36.998] 4137,79,98,0.0
[2026-05-10 00:31:37.009] HR=83 SpO2=98 (raw:76/97 valid:1/1 sqi:1)
[2026-05-10 00:31:37.086] [GetTemp--2147478764]:i2c write failed
[2026-05-10 00:31:37.086] 4138,73,98,0.0
[2026-05-10 00:31:37.182] [GetTemp--2147478764]:i2c write failed
[2026-05-10 00:31:37.184] 4139,73,98,0.0
[2026-05-10 00:31:37.501] [GetTemp--2147478764]:i2c write failed
[2026-05-10 00:31:37.501] 4140,73,98,0.0
[2026-05-10 00:31:37.596] [GetTemp--2147478764]:i2c write failed
[2026-05-10 00:31:37.596] 4141,73,98,0.0
[2026-05-10 00:31:37.706] [GetTemp--2147478764]:i2c write failed
[2026-05-10 00:31:37.707] 4142,73,98,0.0
[2026-05-10 00:31:37.800] [GetTemp--2147478764]:i2c write failed
[2026-05-10 00:31:37.800] 4143,73,98,0.0
[2026-05-10 00:31:37.896] [GetTemp--2147478764]:i2c write failed
[2026-05-10 00:31:37.896] 4144,73,98,0.0
[2026-05-10 00:31:38.123] HR=77 SpO2=98 (raw:77/99 valid:1/1 sqi:1)
[2026-05-10 00:31:38.203] [GetTemp--2147478764]:i2c write failed
[2026-05-10 00:31:38.203] 4145,67,98,0.0
[2026-05-10 00:31:38.314] [GetTemp--2147478764]:i2c write failed
[2026-05-10 00:31:38.314] 4146,67,98,0.0
[2026-05-10 00:31:38.408] [GetTemp--2147478764]:i2c write failed
[2026-05-10 00:31:38.408] 4147,67,98,0.0
[2026-05-10 00:31:38.502] [GetTemp--2147478764]:i2c write failed
[2026-05-10 00:31:38.502] 4148,67,98,0.0
[2026-05-10 00:31:38.612] [GetTemp--2147478764]:i2c write failed
[2026-05-10 00:31:38.612] 4149,67,98,0.0
[2026-05-10 00:31:38.925] [GetTemp--2147478764]:i2c write failed
[2026-05-10 00:31:38.925] 4150,67,98,0.0
[2026-05-10 00:31:39.019] [GetTemp--2147478764]:i2c write failed
[2026-05-10 00:31:39.019] 4151,67,98,0.0
[2026-05-10 00:31:39.123] [GetTemp--2147478764]:i2c write failed
[2026-05-10 00:31:39.123] 4152,67,98,0.0
[2026-05-10 00:31:39.139] HR=77 SpO2=98 (raw:80/99 valid:1/1 sqi:1)
[2026-05-10 00:31:39.218] [GetTemp--2147478764]:i2c write failed
[2026-05-10 00:31:39.218] 4153,67,98,0.0
[2026-05-10 00:31:39.314] [GetTemp--2147478764]:i2c write failed
[2026-05-10 00:31:39.314] 4154,67,98,0.0
[2026-05-10 00:31:39.631] [GetTemp--2147478764]:i2c write failed
[2026-05-10 00:31:39.631] 4155,67,98,0.0
[2026-05-10 00:31:39.726] [GetTemp--2147478764]:i2c write failed
[2026-05-10 00:31:39.726] 4156,67,98,0.0
[2026-05-10 00:31:39.834] [GetTemp--2147478764]:i2c write failed
[2026-05-10 00:31:39.834] 4157,67,98,0.0
[2026-05-10 00:31:39.928] [GetTemp--2147478764]:i2c write failed
[2026-05-10 00:31:39.929] 4158,67,98,0.0
[2026-05-10 00:31:40.022] [GetTemp--2147478764]:i2c write failed
[2026-05-10 00:31:40.038] 4159,67,98,0.0
[2026-05-10 00:31:40.335] [GetTemp--2147478764]:i2c write failed
[2026-05-10 00:31:40.335] 4160,67,98,0.0
[2026-05-10 00:31:40.405] HR=77 SpO2=98 (raw:80/98 valid:1/1 sqi:1)
[2026-05-10 00:31:40.430] [GetTemp--2147478764]:i2c write failed
[2026-05-10 00:31:40.434] 4161,67,98,0.0
[2026-05-10 00:31:40.539] [GetTemp--2147478764]:i2c write failed
[2026-05-10 00:31:40.539] 4162,67,98,0.0
[2026-05-10 00:31:40.631] [GetTemp--2147478764]:i2c write failed
[2026-05-10 00:31:40.642] 4163,67,98,0.0
[2026-05-10 00:31:40.733] [GetTemp--2147478764]:i2c write failed
[2026-05-10 00:31:40.733] 4164,67,98,0.0
[2026-05-10 00:31:41.045] [GetTemp--2147478764]:i2c write failed
[2026-05-10 00:31:41.046] 4165,67,98,0.0
[2026-05-10 00:31:41.151] [GetTemp--2147478764]:i2c write failed
[2026-05-10 00:31:41.151] 4166,67,98,0.0
[2026-05-10 00:31:41.244] [GetTemp--2147478764]:i2c write failed
[2026-05-10 00:31:41.244] 4167,67,98,0.0
[2026-05-10 00:31:41.347] [GetTemp--2147478764]:i2c write failed
[2026-05-10 00:31:41.347] 4168,67,98,0.0
[2026-05-10 00:31:41.429] HR=80 SpO2=98 (raw:85/98 valid:1/1 sqi:1)
[2026-05-10 00:31:41.440] [GetTemp--2147478764]:i2c write failed
[2026-05-10 00:31:41.440] 4169,70,98,0.0
[2026-05-10 00:31:41.761] [GetTemp--2147478764]:i2c write failed
[2026-05-10 00:31:41.762] 4170,70,98,0.0
[2026-05-10 00:31:41.855] [GetTemp--2147478764]:i2c write failed
[2026-05-10 00:31:41.855] 4171,70,98,0.0
[2026-05-10 00:31:41.964] [GetTemp--2147478764]:i2c write failed
[2026-05-10 00:31:41.964] 4172,70,98,0.0
[2026-05-10 00:31:42.056] [GetTemp--2147478764]:i2c write failed
[2026-05-10 00:31:42.056] 4173,70,98,0.0
[2026-05-10 00:31:42.159] [GetTemp--2147478764]:i2c write failed
[2026-05-10 00:31:42.159] 4174,70,98,0.0
[2026-05-10 00:31:42.466] [GetTemp--2147478764]:i2c write failed
[2026-05-10 00:31:42.466] 4175,70,98,0.0
[2026-05-10 00:31:42.527] HR=80 SpO2=98 (raw:88/98 valid:1/1 sqi:1)
[2026-05-10 00:31:42.559] [GetTemp--2147478764]:i2c write failed
[2026-05-10 00:31:42.559] 4176,70,98,0.0
[2026-05-10 00:31:42.671] [GetTemp--2147478764]:i2c write failed
[2026-05-10 00:31:42.671] 4177,70,98,0.0
[2026-05-10 00:31:42.762] [GetTemp--2147478764]:i2c write failed
[2026-05-10 00:31:42.773] 4178,70,98,0.0
[2026-05-10 00:31:42.871] [GetTemp--2147478764]:i2c write failed
[2026-05-10 00:31:42.871] 4179,70,98,0.0
[2026-05-10 00:31:43.172] [GetTemp--2147478764]:i2c write failed
[2026-05-10 00:31:43.172] 4180,70,98,0.0
[2026-05-10 00:31:43.275] [GetTemp--2147478764]:i2c write failed
[2026-05-10 00:31:43.275] 4181,70,98,0.0
[2026-05-10 00:31:43.377] [GetTemp--2147478764]:i2c write failed
[2026-05-10 00:31:43.377] 4182,70,98,0.0
[2026-05-10 00:31:43.480] [GetTemp--2147478764]:i2c write failed
[2026-05-10 00:31:43.480] 4183,70,98,0.0
[2026-05-10 00:31:43.562] HR=85 SpO2=98 (raw:85/98 valid:1/1 sqi:1)
[2026-05-10 00:31:43.572] [GetTemp--2147478764]:i2c write failed
[2026-05-10 00:31:43.573] 4184,75,98,0.0
[2026-05-10 00:31:43.891] [GetTemp--2147478764]:i2c write failed
[2026-05-10 00:31:43.891] 4185,75,98,0.0
[2026-05-10 00:31:43.985] [GetTemp--2147478764]:i2c write failed
[2026-05-10 00:31:43.985] 4186,75,98,0.0
[2026-05-10 00:31:44.081] [GetTemp--2147478764]:i2c write failed
[2026-05-10 00:31:44.081] 4187,75,98,0.0
[2026-05-10 00:31:44.184] [GetTemp--2147478764]:i2c write failed
[2026-05-10 00:31:44.185] 4188,75,98,0.0
[2026-05-10 00:31:44.288] [GetTemp--2147478764]:i2c write failed
[2026-05-10 00:31:44.288] 4189,75,98,0.0
[2026-05-10 00:31:44.594] [GetTemp--2147478764]:i2c write failed
[2026-05-10 00:31:44.594] 4190,75,98,0.0
[2026-05-10 00:31:44.696] [GetTemp--2147478764]:i2c write failed
[2026-05-10 00:31:44.696] 4191,75,98,0.0
[2026-05-10 00:31:44.803] [GetTemp--2147478764]:i2c write failed
[2026-05-10 00:31:44.804] 4192,75,98,0.0
[2026-05-10 00:31:44.821] HR=85 SpO2=98 (raw:83/99 valid:1/1 sqi:1)
[2026-05-10 00:31:44.896] [GetTemp--2147478764]:i2c write failed
[2026-05-10 00:31:44.896] 4193,75,98,0.0
[2026-05-10 00:31:45.006] [GetTemp--2147478764]:i2c write failed
[2026-05-10 00:31:45.008] 4194,75,98,0.0
[2026-05-10 00:31:45.315] [GetTemp--2147478764]:i2c write failed
[2026-05-10 00:31:45.315] 4195,75,98,0.0
[2026-05-10 00:31:45.411] [GetTemp--2147478764]:i2c write failed
[2026-05-10 00:31:45.411] 4196,75,98,0.0
[2026-05-10 00:31:45.507] [GetTemp--2147478764]:i2c write failed
[2026-05-10 00:31:45.507] 4197,75,98,0.0
[2026-05-10 00:31:45.603] [GetTemp--2147478764]:i2c write failed
[2026-05-10 00:31:45.603] 4198,75,98,0.0
[2026-05-10 00:31:45.714] [GetTemp--2147478764]:i2c write failed
[2026-05-10 00:31:45.714] 4199,75,98,0.0
[2026-05-10 00:31:45.931] HR=85 SpO2=98 (raw:80/98 valid:1/1 sqi:1)
[2026-05-10 00:31:46.024] [GetTemp--2147478764]:i2c write failed
[2026-05-10 00:31:46.025] 4200,75,98,0.0
[2026-05-10 00:31:46.114] [GetTemp--2147478764]:i2c write failed
[2026-05-10 00:31:46.114] 4201,75,98,0.0
[2026-05-10 00:31:46.226] [GetTemp--2147478764]:i2c write failed
[2026-05-10 00:31:46.228] 4202,75,98,0.0
[2026-05-10 00:31:46.322] [GetTemp--2147478764]:i2c write failed
[2026-05-10 00:31:46.322] 4203,75,98,0.0
[2026-05-10 00:31:46.417] [GetTemp--2147478764]:i2c write failed
[2026-05-10 00:31:46.418] 4204,75,98,0.0
[2026-05-10 00:31:46.736] [GetTemp--2147478764]:i2c write failed
[2026-05-10 00:31:46.738] 4205,75,98,0.0
[2026-05-10 00:31:46.830] [GetTemp--2147478764]:i2c write failed
[2026-05-10 00:31:46.830] 4206,75,98,0.0
[2026-05-10 00:31:46.923] [GetTemp--2147478764]:i2c write failed
[2026-05-10 00:31:46.926] 4207,75,98,0.0
[2026-05-10 00:31:46.951] HR=83 SpO2=98 (raw:78/98 valid:1/1 sqi:1)
[2026-05-10 00:31:47.031] [GetTemp--2147478764]:i2c write failed
[2026-05-10 00:31:47.032] 4208,73,98,0.0
[2026-05-10 00:31:47.125] [GetTemp--2147478764]:i2c write failed
[2026-05-10 00:31:47.126] 4209,73,98,0.0
[2026-05-10 00:31:47.445] [GetTemp--2147478764]:i2c write failed
[2026-05-10 00:31:47.445] 4210,73,98,0.0
[2026-05-10 00:31:47.540] [GetTemp--2147478764]:i2c write failed
[2026-05-10 00:31:47.540] 4211,73,98,0.0
[2026-05-10 00:31:47.636] [GetTemp--2147478764]:i2c write failed
[2026-05-10 00:31:47.636] 4212,73,98,0.0
[2026-05-10 00:31:47.732] [GetTemp--2147478764]:i2c write failed
[2026-05-10 00:31:47.748] 4213,73,98,0.0
[2026-05-10 00:31:47.841] [GetTemp--2147478764]:i2c write failed
[2026-05-10 00:31:47.842] 4214,73,98,0.0
[2026-05-10 00:31:48.065] HR=83 SpO2=98 (raw:83/98 valid:1/1 sqi:1)
[2026-05-10 00:31:48.144] [GetTemp--2147478764]:i2c write failed
[2026-05-10 00:31:48.144] 4215,73,98,0.0
[2026-05-10 00:31:48.256] [GetTemp--2147478764]:i2c write failed
[2026-05-10 00:31:48.256] 4216,73,98,0.0
[2026-05-10 00:31:48.352] [GetTemp--2147478764]:i2c write failed
[2026-05-10 00:31:48.352] 4217,73,98,0.0
[2026-05-10 00:31:48.447] [GetTemp--2147478764]:i2c write failed
[2026-05-10 00:31:48.447] 4218,73,98,0.0
[2026-05-10 00:31:48.543] [GetTemp--2147478764]:i2c write failed
[2026-05-10 00:31:48.545] 4219,73,98,0.0
[2026-05-10 00:31:48.857] [GetTemp--2147478764]:i2c write failed
[2026-05-10 00:31:48.858] 4220,73,98,0.0
[2026-05-10 00:31:48.966] [GetTemp--2147478764]:i2c write failed
[2026-05-10 00:31:48.966] 4221,73,98,0.0
[2026-05-10 00:31:49.054] [GetTemp--2147478764]:i2c write failed
[2026-05-10 00:31:49.054] 4222,73,98,0.0
[2026-05-10 00:31:49.165] [GetTemp--2147478764]:i2c write failed
[2026-05-10 00:31:49.165] 4223,73,98,0.0
[2026-05-10 00:31:49.245] HR=83 SpO2=98 (raw:89/97 valid:1/1 sqi:1)
[2026-05-10 00:31:49.261] [GetTemp--2147478764]:i2c write failed
[2026-05-10 00:31:49.262] 4224,73,98,0.0
[2026-05-10 00:31:49.562] [GetTemp--2147478764]:i2c write failed
[2026-05-10 00:31:49.564] 4225,73,98,0.0
[2026-05-10 00:31:49.674] [GetTemp--2147478764]:i2c write failed
[2026-05-10 00:31:49.674] 4226,73,98,0.0
[2026-05-10 00:31:49.770] [GetTemp--2147478764]:i2c write failed
[2026-05-10 00:31:49.770] 4227,73,98,0.0
[2026-05-10 00:31:49.864] [GetTemp--2147478764]:i2c write failed
[2026-05-10 00:31:49.865] 4228,73,98,0.0
[2026-05-10 00:31:49.974] [GetTemp--2147478764]:i2c write failed
[2026-05-10 00:31:49.975] 4229,73,98,0.0
[2026-05-10 00:31:50.284] [GetTemp--2147478764]:i2c write failed
[2026-05-10 00:31:50.284] 4230,73,98,0.0
[2026-05-10 00:31:50.347] HR=83 SpO2=98 (raw:90/97 valid:1/1 sqi:1)
[2026-05-10 00:31:50.364] [GetTemp--2147478764]:i2c write failed
[2026-05-10 00:31:50.364] 4231,73,98,0.0
[2026-05-10 00:31:50.475] [GetTemp--2147478764]:i2c write failed
[2026-05-10 00:31:50.475] 4232,73,98,0.0
[2026-05-10 00:31:50.586] [GetTemp--2147478764]:i2c write failed
[2026-05-10 00:31:50.586] 4233,73,98,0.0
[2026-05-10 00:31:50.681] [GetTemp--2147478764]:i2c write failed
[2026-05-10 00:31:50.681] 4234,73,98,0.0
[2026-05-10 00:31:50.995] [GetTemp--2147478764]:i2c write failed
[2026-05-10 00:31:50.995] 4235,73,98,0.0
[2026-05-10 00:31:51.082] [GetTemp--2147478764]:i2c write failed
[2026-05-10 00:31:51.082] 4236,73,98,0.0
[2026-05-10 00:31:51.194] [GetTemp--2147478764]:i2c write failed
[2026-05-10 00:31:51.194] 4237,73,98,0.0
[2026-05-10 00:31:51.289] [GetTemp--2147478764]:i2c write failed
[2026-05-10 00:31:51.289] 4238,73,98,0.0
[2026-05-10 00:31:51.369] HR=89 SpO2=98 (raw:92/98 valid:1/1 sqi:1)
[2026-05-10 00:31:51.376] [GetTemp--2147478764]:i2c write failed
[2026-05-10 00:31:51.385] 4239,79,98,0.0
[2026-05-10 00:31:51.703] [GetTemp--2147478764]:i2c write failed
[2026-05-10 00:31:51.703] 4240,79,98,0.0
[2026-05-10 00:31:51.798] [GetTemp--2147478764]:i2c write failed
[2026-05-10 00:31:51.798] 4241,79,98,0.0
[2026-05-10 00:31:51.892] [GetTemp--2147478764]:i2c write failed
[2026-05-10 00:31:51.894] 4242,79,98,0.0
[2026-05-10 00:31:52.002] [GetTemp--2147478764]:i2c write failed
[2026-05-10 00:31:52.004] 4243,79,98,0.0
[2026-05-10 00:31:52.108] [GetTemp--2147478764]:i2c write failed
[2026-05-10 00:31:52.108] 4244,79,98,0.0
[2026-05-10 00:31:52.411] [GetTemp--2147478764]:i2c write failed
[2026-05-10 00:31:52.411] 4245,79,98,0.0
[2026-05-10 00:31:52.475] HR=89 SpO2=98 (raw:85/98 valid:1/1 sqi:1)
[2026-05-10 00:31:52.500] [GetTemp--2147478764]:i2c write failed
[2026-05-10 00:31:52.500] 4246,79,98,0.0
[2026-05-10 00:31:52.602] [GetTemp--2147478764]:i2c write failed
[2026-05-10 00:31:52.605] 4247,79,98,0.0
[2026-05-10 00:31:52.713] [GetTemp--2147478764]:i2c write failed
[2026-05-10 00:31:52.713] 4248,79,98,0.0
[2026-05-10 00:31:52.806] [GetTemp--2147478764]:i2c write failed
[2026-05-10 00:31:52.806] 4249,79,98,0.0
[2026-05-10 00:31:53.114] [GetTemp--2147478764]:i2c write failed
[2026-05-10 00:31:53.114] 4250,79,98,0.0
[2026-05-10 00:31:53.224] [GetTemp--2147478764]:i2c write failed
[2026-05-10 00:31:53.224] 4251,79,98,0.0
[2026-05-10 00:31:53.319] [GetTemp--2147478764]:i2c write failed
[2026-05-10 00:31:53.319] 4252,79,98,0.0
[2026-05-10 00:31:53.414] [GetTemp--2147478764]:i2c write failed
[2026-05-10 00:31:53.414] 4253,79,98,0.0
[2026-05-10 00:31:53.526] [GetTemp--2147478764]:i2c write failed
[2026-05-10 00:31:53.526] 4254,79,98,0.0
[2026-05-10 00:31:53.749] HR=89 SpO2=97 (raw:83/97 valid:1/1 sqi:1)
[2026-05-10 00:31:53.827] [GetTemp--2147478764]:i2c write failed
[2026-05-10 00:31:53.828] 4255,79,97,0.0
[2026-05-10 00:31:53.922] [GetTemp--2147478764]:i2c write failed
[2026-05-10 00:31:53.937] 4256,79,97,0.0
[2026-05-10 00:31:54.022] [GetTemp--2147478764]:i2c write failed
[2026-05-10 00:31:54.039] 4257,79,97,0.0
[2026-05-10 00:31:54.134] [GetTemp--2147478764]:i2c write failed
[2026-05-10 00:31:54.134] 4258,79,97,0.0
[2026-05-10 00:31:54.229] [GetTemp--2147478764]:i2c write failed
[2026-05-10 00:31:54.229] 4259,79,97,0.0
[2026-05-10 00:31:54.547] [GetTemp--2147478764]:i2c write failed
[2026-05-10 00:31:54.547] 4260,79,97,0.0
[2026-05-10 00:31:54.643] [GetTemp--2147478764]:i2c write failed
[2026-05-10 00:31:54.643] 4261,79,97,0.0
[2026-05-10 00:31:54.737] [GetTemp--2147478764]:i2c write failed
[2026-05-10 00:31:54.738] 4262,79,97,0.0
[2026-05-10 00:31:54.760] HR=85 SpO2=97 (raw:83/97 valid:1/1 sqi:1)
[2026-05-10 00:31:54.848] [GetTemp--2147478764]:i2c write failed
[2026-05-10 00:31:54.849] 4263,75,97,0.0
[2026-05-10 00:31:54.940] [GetTemp--2147478764]:i2c write failed
[2026-05-10 00:31:54.941] 4264,75,97,0.0
[2026-05-10 00:31:55.252] [GetTemp--2147478764]:i2c write failed
[2026-05-10 00:31:55.252] 4265,75,97,0.0
[2026-05-10 00:31:55.347] [GetTemp--2147478764]:i2c write failed
[2026-05-10 00:31:55.347] 4266,75,97,0.0
[2026-05-10 00:31:55.442] [GetTemp--2147478764]:i2c write failed
[2026-05-10 00:31:55.459] 4267,75,97,0.0
[2026-05-10 00:31:55.554] [GetTemp--2147478764]:i2c write failed
[2026-05-10 00:31:55.554] 4268,75,97,0.0
[2026-05-10 00:31:55.650] [GetTemp--2147478764]:i2c write failed
[2026-05-10 00:31:55.650] 4269,75,97,0.0
[2026-05-10 00:31:55.886] HR=83 SpO2=97 (raw:83/97 valid:1/1 sqi:1)
[2026-05-10 00:31:55.964] [GetTemp--2147478764]:i2c write failed
[2026-05-10 00:31:55.964] 4270,73,97,0.0
[2026-05-10 00:31:56.059] [GetTemp--2147478764]:i2c write failed
[2026-05-10 00:31:56.059] 4271,73,97,0.0
[2026-05-10 00:31:56.155] [GetTemp--2147478764]:i2c write failed
[2026-05-10 00:31:56.155] 4272,73,97,0.0
[2026-05-10 00:31:56.266] [GetTemp--2147478764]:i2c write failed
[2026-05-10 00:31:56.266] 4273,73,97,0.0
[2026-05-10 00:31:56.361] [GetTemp--2147478764]:i2c write failed
[2026-05-10 00:31:56.361] 4274,73,97,0.0
[2026-05-10 00:31:56.664] [GetTemp--2147478764]:i2c write failed
[2026-05-10 00:31:56.664] 4275,73,97,0.0
[2026-05-10 00:31:56.776] [GetTemp--2147478764]:i2c write failed
[2026-05-10 00:31:56.777] 4276,73,97,0.0
[2026-05-10 00:31:56.870] [GetTemp--2147478764]:i2c write failed
[2026-05-10 00:31:56.870] 4277,73,97,0.0
[2026-05-10 00:31:56.882] HR=83 SpO2=97 (raw:82/97 valid:1/1 sqi:1)
[2026-05-10 00:31:56.965] [GetTemp--2147478764]:i2c write failed
[2026-05-10 00:31:56.966] 4278,73,97,0.0
[2026-05-10 00:31:57.080] [GetTemp--2147478764]:i2c write failed
[2026-05-10 00:31:57.080] 4279,73,97,0.0
[2026-05-10 00:31:57.382] [GetTemp--2147478764]:i2c write failed
[2026-05-10 00:31:57.382] 4280,73,97,0.0
[2026-05-10 00:31:57.479] [GetTemp--2147478764]:i2c write failed
[2026-05-10 00:31:57.479] 4281,73,97,0.0
[2026-05-10 00:31:57.574] [GetTemp--2147478764]:i2c write failed
[2026-05-10 00:31:57.577] 4282,73,97,0.0
[2026-05-10 00:31:57.685] [GetTemp--2147478764]:i2c write failed
[2026-05-10 00:31:57.685] 4283,73,97,0.0
[2026-05-10 00:31:57.781] [GetTemp--2147478764]:i2c write failed
[2026-05-10 00:31:57.781] 4284,73,97,0.0
[2026-05-10 00:31:58.094] [GetTemp--2147478764]:i2c write failed
[2026-05-10 00:31:58.094] 4285,73,97,0.0
[2026-05-10 00:31:58.152] HR=83 SpO2=97 (raw:86/97 valid:1/1 sqi:1)
[2026-05-10 00:31:58.168] [GetTemp--2147478764]:i2c write failed
[2026-05-10 00:31:58.184] 4286,73,97,0.0
[2026-05-10 00:31:58.297] [GetTemp--2147478764]:i2c write failed
[2026-05-10 00:31:58.297] 4287,73,97,0.0
[2026-05-10 00:31:58.392] [GetTemp--2147478764]:i2c write failed
[2026-05-10 00:31:58.392] 4288,73,97,0.0
[2026-05-10 00:31:58.488] [GetTemp--2147478764]:i2c write failed
[2026-05-10 00:31:58.488] 4289,73,97,0.0
[2026-05-10 00:31:58.806] [GetTemp--2147478764]:i2c write failed
[2026-05-10 00:31:58.806] 4290,73,97,0.0
[2026-05-10 00:31:58.900] [GetTemp--2147478764]:i2c write failed
[2026-05-10 00:31:58.900] 4291,73,97,0.0
[2026-05-10 00:31:58.993] [GetTemp--2147478764]:i2c write failed
[2026-05-10 00:31:58.997] 4292,73,97,0.0
[2026-05-10 00:31:59.096] [GetTemp--2147478764]:i2c write failed
[2026-05-10 00:31:59.096] 4293,73,97,0.0
[2026-05-10 00:31:59.191] HR=83 SpO2=97 (raw:86/98 valid:1/1 sqi:1)
[2026-05-10 00:31:59.191] [GetTemp--2147478764]:i2c write failed
[2026-05-10 00:31:59.191] 4294,73,97,0.0
[2026-05-10 00:31:59.510] [GetTemp--2147478764]:i2c write failed
[2026-05-10 00:31:59.510] 4295,73,97,0.0
[2026-05-10 00:31:59.606] [GetTemp--2147478764]:i2c write failed
[2026-05-10 00:31:59.606] 4296,73,97,0.0
[2026-05-10 00:31:59.701] [GetTemp--2147478764]:i2c write failed
[2026-05-10 00:31:59.701] 4297,73,97,0.0
[2026-05-10 00:31:59.812] [GetTemp--2147478764]:i2c write failed
[2026-05-10 00:31:59.812] 4298,73,97,0.0
[2026-05-10 00:31:59.906] [GetTemp--2147478764]:i2c write failed
[2026-05-10 00:31:59.906] 4299,73,97,0.0
[2026-05-10 00:32:00.220] [GetTemp--2147478764]:i2c write failed
[2026-05-10 00:32:00.222] 4300,73,97,0.0
[2026-05-10 00:32:00.283] HR=85 SpO2=97 (raw:85/98 valid:1/1 sqi:1)
[2026-05-10 00:32:00.299] [GetTemp--2147478764]:i2c write failed
[2026-05-10 00:32:00.299] 4301,75,97,0.0
[2026-05-10 00:32:00.427] [GetTemp--2147478764]:i2c write failed
[2026-05-10 00:32:00.427] 4302,75,97,0.0
[2026-05-10 00:32:00.522] [GetTemp--2147478764]:i2c write failed
[2026-05-10 00:32:00.522] 4303,75,97,0.0
[2026-05-10 00:32:00.617] [GetTemp--2147478764]:i2c write failed
[2026-05-10 00:32:00.617] 4304,75,97,0.0
[2026-05-10 00:32:00.930] [GetTemp--2147478764]:i2c write failed
[2026-05-10 00:32:00.930] 4305,75,97,0.0
[2026-05-10 00:32:01.025] [GetTemp--2147478764]:i2c write failed
[2026-05-10 00:32:01.025] 4306,75,97,0.0
[2026-05-10 00:32:01.129] [GetTemp--2147478764]:i2c write failed
[2026-05-10 00:32:01.129] 4307,75,97,0.0
[2026-05-10 00:32:01.225] [GetTemp--2147478764]:i2c write failed
[2026-05-10 00:32:01.226] 4308,75,97,0.0
[2026-05-10 00:32:01.321] HR=85 SpO2=98 (raw:84/98 valid:1/1 sqi:1)
[2026-05-10 00:32:01.321] [GetTemp--2147478764]:i2c write failed
[2026-05-10 00:32:01.326] 4309,75,98,0.0
[2026-05-10 00:32:01.639] [GetTemp--2147478764]:i2c write failed
[2026-05-10 00:32:01.639] 4310,75,98,0.0
[2026-05-10 00:32:01.735] [GetTemp--2147478764]:i2c write failed
[2026-05-10 00:32:01.735] 4311,75,98,0.0
[2026-05-10 00:32:01.845] [GetTemp--2147478764]:i2c write failed
[2026-05-10 00:32:01.845] 4312,75,98,0.0
[2026-05-10 00:32:01.939] [GetTemp--2147478764]:i2c write failed
[2026-05-10 00:32:01.939] 4313,75,98,0.0
[2026-05-10 00:32:02.033] [GetTemp--2147478764]:i2c write failed
[2026-05-10 00:32:02.035] 4314,75,98,0.0
[2026-05-10 00:32:02.342] [GetTemp--2147478764]:i2c write failed
[2026-05-10 00:32:02.358] 4315,75,98,0.0
[2026-05-10 00:32:02.454] [GetTemp--2147478764]:i2c write failed
[2026-05-10 00:32:02.454] 4316,75,98,0.0
[2026-05-10 00:32:02.550] [GetTemp--2147478764]:i2c write failed
[2026-05-10 00:32:02.550] 4317,75,98,0.0
[2026-05-10 00:32:02.566] HR=85 SpO2=98 (raw:85/98 valid:1/1 sqi:1)
[2026-05-10 00:32:02.645] [GetTemp--2147478764]:i2c write failed
[2026-05-10 00:32:02.647] 4318,75,98,0.0
[2026-05-10 00:32:02.756] [GetTemp--2147478764]:i2c write failed
[2026-05-10 00:32:02.758] 4319,75,98,0.0
[2026-05-10 00:32:03.063] [GetTemp--2147478764]:i2c write failed
[2026-05-10 00:32:03.063] 4320,75,98,0.0
[2026-05-10 00:32:03.157] [GetTemp--2147478764]:i2c write failed
[2026-05-10 00:32:03.157] 4321,75,98,0.0
[2026-05-10 00:32:03.253] [GetTemp--2147478764]:i2c write failed
[2026-05-10 00:32:03.253] 4322,75,98,0.0
[2026-05-10 00:32:03.364] [GetTemp--2147478764]:i2c write failed
[2026-05-10 00:32:03.364] 4323,75,98,0.0
[2026-05-10 00:32:03.460] [GetTemp--2147478764]:i2c write failed
[2026-05-10 00:32:03.460] 4324,75,98,0.0
[2026-05-10 00:32:03.683] HR=85 SpO2=98 (raw:85/97 valid:1/1 sqi:1)
[2026-05-10 00:32:03.777] [GetTemp--2147478764]:i2c write failed
[2026-05-10 00:32:03.778] 4325,75,98,0.0
[2026-05-10 00:32:03.871] [GetTemp--2147478764]:i2c write failed
[2026-05-10 00:32:03.871] 4326,75,98,0.0
[2026-05-10 00:32:03.965] [GetTemp--2147478764]:i2c write failed
[2026-05-10 00:32:03.966] 4327,75,98,0.0
[2026-05-10 00:32:04.063] [GetTemp--2147478764]:i2c write failed
[2026-05-10 00:32:04.065] 4328,75,98,0.0
[2026-05-10 00:32:04.176] [GetTemp--2147478764]:i2c write failed
[2026-05-10 00:32:04.177] 4329,75,98,0.0
[2026-05-10 00:32:04.478] [GetTemp--2147478764]:i2c write failed
[2026-05-10 00:32:04.478] 4330,75,98,0.0
[2026-05-10 00:32:04.574] [GetTemp--2147478764]:i2c write failed
[2026-05-10 00:32:04.576] 4331,75,98,0.0
[2026-05-10 00:32:04.685] [GetTemp--2147478764]:i2c write failed
[2026-05-10 00:32:04.686] 4332,75,98,0.0
[2026-05-10 00:32:04.701] HR=85 SpO2=98 (raw:86/97 valid:1/1 sqi:1)
[2026-05-10 00:32:04.781] [GetTemp--2147478764]:i2c write failed
[2026-05-10 00:32:04.781] 4333,75,98,0.0
[2026-05-10 00:32:04.875] [GetTemp--2147478764]:i2c write failed
[2026-05-10 00:32:04.875] 4334,75,98,0.0
[2026-05-10 00:32:05.181] [GetTemp--2147478764]:i2c write failed
[2026-05-10 00:32:05.184] 4335,75,98,0.0
[2026-05-10 00:32:05.294] [GetTemp--2147478764]:i2c write failed
[2026-05-10 00:32:05.295] 4336,75,98,0.0
[2026-05-10 00:32:05.389] [GetTemp--2147478764]:i2c write failed
[2026-05-10 00:32:05.391] 4337,75,98,0.0
[2026-05-10 00:32:05.485] [GetTemp--2147478764]:i2c write failed
[2026-05-10 00:32:05.485] 4338,75,98,0.0
[2026-05-10 00:32:05.596] [GetTemp--2147478764]:i2c write failed
[2026-05-10 00:32:05.596] 4339,75,98,0.0
[2026-05-10 00:32:05.819] HR=85 SpO2=98 (raw:88/98 valid:1/1 sqi:1)
[2026-05-10 00:32:05.898] [GetTemp--2147478764]:i2c write failed
[2026-05-10 00:32:05.898] 4340,75,98,0.0
[2026-05-10 00:32:06.006] [GetTemp--2147478764]:i2c write failed
[2026-05-10 00:32:06.007] 4341,75,98,0.0
[2026-05-10 00:32:06.094] [GetTemp--2147478764]:i2c write failed
[2026-05-10 00:32:06.094] 4342,75,98,0.0
[2026-05-10 00:32:06.205] [GetTemp--2147478764]:i2c write failed
[2026-05-10 00:32:06.205] 4343,75,98,0.0
[2026-05-10 00:32:06.299] [GetTemp--2147478764]:i2c write failed
[2026-05-10 00:32:06.299] 4344,75,98,0.0
[2026-05-10 00:32:06.602] [GetTemp--2147478764]:i2c write failed
[2026-05-10 00:32:06.602] 4345,75,98,0.0
[2026-05-10 00:32:06.713] [GetTemp--2147478764]:i2c write failed
[2026-05-10 00:32:06.714] 4346,75,98,0.0
[2026-05-10 00:32:06.806] [GetTemp--2147478764]:i2c write failed
[2026-05-10 00:32:06.806] 4347,75,98,0.0
[2026-05-10 00:32:06.915] [GetTemp--2147478764]:i2c write failed
[2026-05-10 00:32:06.916] 4348,75,98,0.0
[2026-05-10 00:32:06.993] HR=86 SpO2=98 (raw:86/98 valid:1/1 sqi:1)
[2026-05-10 00:32:07.019] [GetTemp--2147478764]:i2c write failed
[2026-05-10 00:32:07.019] 4349,76,98,0.0
[2026-05-10 00:32:07.321] [GetTemp--2147478764]:i2c write failed
[2026-05-10 00:32:07.322] 4350,76,98,0.0
[2026-05-10 00:32:07.416] [GetTemp--2147478764]:i2c write failed
[2026-05-10 00:32:07.416] 4351,76,98,0.0
[2026-05-10 00:32:07.528] [GetTemp--2147478764]:i2c write failed
[2026-05-10 00:32:07.528] 4352,76,98,0.0
[2026-05-10 00:32:07.623] [GetTemp--2147478764]:i2c write failed
[2026-05-10 00:32:07.623] 4353,76,98,0.0
[2026-05-10 00:32:07.719] [GetTemp--2147478764]:i2c write failed
[2026-05-10 00:32:07.719] 4354,76,98,0.0
[2026-05-10 00:32:08.032] [GetTemp--2147478764]:i2c write failed
[2026-05-10 00:32:08.032] 4355,76,98,0.0
[2026-05-10 00:32:08.100] HR=86 SpO2=98 (raw:86/98 valid:1/1 sqi:1)
[2026-05-10 00:32:08.120] [GetTemp--2147478764]:i2c write failed
[2026-05-10 00:32:08.124] 4356,76,98,0.0
[2026-05-10 00:32:08.227] [GetTemp--2147478764]:i2c write failed
[2026-05-10 00:32:08.227] 4357,76,98,0.0
[2026-05-10 00:32:08.337] [GetTemp--2147478764]:i2c write failed
[2026-05-10 00:32:08.337] 4358,76,98,0.0
[2026-05-10 00:32:08.434] [GetTemp--2147478764]:i2c write failed
[2026-05-10 00:32:08.435] 4359,76,98,0.0
[2026-05-10 00:32:08.736] [GetTemp--2147478764]:i2c write failed
[2026-05-10 00:32:08.737] 4360,76,98,0.0
[2026-05-10 00:32:08.846] [GetTemp--2147478764]:i2c write failed
[2026-05-10 00:32:08.846] 4361,76,98,0.0
[2026-05-10 00:32:08.937] [GetTemp--2147478764]:i2c write failed
[2026-05-10 00:32:08.938] 4362,76,98,0.0
[2026-05-10 00:32:09.043] [GetTemp--2147478764]:i2c write failed
[2026-05-10 00:32:09.043] 4363,76,98,0.0
[2026-05-10 00:32:09.123] HR=86 SpO2=98 (raw:89/99 valid:1/1 sqi:1)
[2026-05-10 00:32:09.139] [GetTemp--2147478764]:i2c write failed
[2026-05-10 00:32:09.139] 4364,76,98,0.0
[2026-05-10 00:32:09.457] [GetTemp--2147478764]:i2c write failed
[2026-05-10 00:32:09.458] 4365,76,98,0.0
[2026-05-10 00:32:09.552] [GetTemp--2147478764]:i2c write failed
[2026-05-10 00:32:09.552] 4366,76,98,0.0
[2026-05-10 00:32:09.647] [GetTemp--2147478764]:i2c write failed
[2026-05-10 00:32:09.647] 4367,76,98,0.0
[2026-05-10 00:32:09.742] [GetTemp--2147478764]:i2c write failed
[2026-05-10 00:32:09.746] 4368,76,98,0.0
[2026-05-10 00:32:09.851] [GetTemp--2147478764]:i2c write failed
[2026-05-10 00:32:09.851] 4369,76,98,0.0
[2026-05-10 00:32:10.162] [GetTemp--2147478764]:i2c write failed
[2026-05-10 00:32:10.162] 4370,76,98,0.0
[2026-05-10 00:32:10.225] HR=88 SpO2=98 (raw:93/98 valid:1/1 sqi:1)
[2026-05-10 00:32:10.241] [GetTemp--2147478764]:i2c write failed
[2026-05-10 00:32:10.241] 4371,78,98,0.0
[2026-05-10 00:32:10.353] [GetTemp--2147478764]:i2c write failed
[2026-05-10 00:32:10.353] 4372,78,98,0.0
[2026-05-10 00:32:10.465] [GetTemp--2147478764]:i2c write failed
[2026-05-10 00:32:10.465] 4373,78,98,0.0
[2026-05-10 00:32:10.560] [GetTemp--2147478764]:i2c write failed
[2026-05-10 00:32:10.560] 4374,78,98,0.0
[2026-05-10 00:32:10.874] [GetTemp--2147478764]:i2c write failed
[2026-05-10 00:32:10.875] 4375,78,98,0.0
[2026-05-10 00:32:10.968] [GetTemp--2147478764]:i2c write failed
[2026-05-10 00:32:10.968] 4376,78,98,0.0
[2026-05-10 00:32:11.071] [GetTemp--2147478764]:i2c write failed
[2026-05-10 00:32:11.071] 4377,78,98,0.0
[2026-05-10 00:32:11.166] [GetTemp--2147478764]:i2c write failed
[2026-05-10 00:32:11.166] 4378,78,98,0.0
[2026-05-10 00:32:11.262] [GetTemp--2147478764]:i2c write failed
[2026-05-10 00:32:11.264] 4379,78,98,0.0
[2026-05-10 00:32:11.502] HR=89 SpO2=98 (raw:92/98 valid:1/1 sqi:1)
[2026-05-10 00:32:11.581] [GetTemp--2147478764]:i2c write failed
[2026-05-10 00:32:11.581] 4380,79,98,0.0
[2026-05-10 00:32:11.677] [GetTemp--2147478764]:i2c write failed
[2026-05-10 00:32:11.677] 4381,79,98,0.0
[2026-05-10 00:32:11.772] [GetTemp--2147478764]:i2c write failed
[2026-05-10 00:32:11.775] 4382,79,98,0.0
[2026-05-10 00:32:11.881] [GetTemp--2147478764]:i2c write failed
[2026-05-10 00:32:11.881] 4383,79,98,0.0
[2026-05-10 00:32:11.974] [GetTemp--2147478764]:i2c write failed
[2026-05-10 00:32:11.976] 4384,79,98,0.0
[2026-05-10 00:32:12.285] [GetTemp--2147478764]:i2c write failed
[2026-05-10 00:32:12.285] 4385,79,98,0.0
[2026-05-10 00:32:12.396] [GetTemp--2147478764]:i2c write failed
[2026-05-10 00:32:12.396] 4386,79,98,0.0
[2026-05-10 00:32:12.490] [GetTemp--2147478764]:i2c write failed
[2026-05-10 00:32:12.490] 4387,79,98,0.0
[2026-05-10 00:32:12.512] HR=92 SpO2=98 (raw:95/98 valid:1/1 sqi:1)
[2026-05-10 00:32:12.585] [GetTemp--2147478764]:i2c write failed
[2026-05-10 00:32:12.585] 4388,82,98,0.0
[2026-05-10 00:32:12.698] [GetTemp--2147478764]:i2c write failed
[2026-05-10 00:32:12.698] 4389,82,98,0.0
[2026-05-10 00:32:12.996] [GetTemp--2147478764]:i2c write failed
[2026-05-10 00:32:12.996] 4390,82,98,0.0
[2026-05-10 00:32:13.099] [GetTemp--2147478764]:i2c write failed
[2026-05-10 00:32:13.099] 4391,82,98,0.0
[2026-05-10 00:32:13.105] ReadLicenseData(), failed to get licdata string
[2026-05-10 00:32:13.114] VerifyLicense(), cannot read license data files
[2026-05-10 00:32:13.117] license_task_main() verify license invalid, reboot after 51 mins
[2026-05-10 00:32:13.193] [GetTemp--2147478764]:i2c write failed
[2026-05-10 00:32:13.194] 4392,82,98,0.0
[2026-05-10 00:32:13.304] [GetTemp--2147478764]:i2c write failed
[2026-05-10 00:32:13.304] 4393,82,98,0.0
[2026-05-10 00:32:13.400] [GetTemp--2147478764]:i2c write failed
[2026-05-10 00:32:13.400] 4394,82,98,0.0
[2026-05-10 00:32:13.623] HR=93 SpO2=98 (raw:95/98 valid:1/1 sqi:1)
[2026-05-10 00:32:13.703] [GetTemp--2147478764]:i2c write failed
[2026-05-10 00:32:13.703] 4395,83,98,0.0
[2026-05-10 00:32:13.813] [GetTemp--2147478764]:i2c write failed
[2026-05-10 00:32:13.814] 4396,83,98,0.0
[2026-05-10 00:32:13.905] [GetTemp--2147478764]:i2c write failed
[2026-05-10 00:32:13.906] 4397,83,98,0.0
[2026-05-10 00:32:14.014] [GetTemp--2147478764]:i2c write failed
[2026-05-10 00:32:14.014] 4398,83,98,0.0
[2026-05-10 00:32:14.117] [GetTemp--2147478764]:i2c write failed
[2026-05-10 00:32:14.117] 4399,83,98,0.0
[2026-05-10 00:32:14.421] [GetTemp--2147478764]:i2c write failed
[2026-05-10 00:32:14.421] 4400,83,98,0.0
[2026-05-10 00:32:14.517] [GetTemp--2147478764]:i2c write failed
[2026-05-10 00:32:14.517] 4401,83,98,0.0
[2026-05-10 00:32:14.613] [GetTemp--2147478764]:i2c write failed
[2026-05-10 00:32:14.629] 4402,83,98,0.0
[2026-05-10 00:32:14.634] HR=95 SpO2=98 (raw:95/99 valid:1/1 sqi:1)
[2026-05-10 00:32:14.722] [GetTemp--2147478764]:i2c write failed
[2026-05-10 00:32:14.723] 4403,85,98,0.0
[2026-05-10 00:32:14.816] [GetTemp--2147478764]:i2c write failed
[2026-05-10 00:32:14.817] 4404,85,98,0.0
[2026-05-10 00:32:15.126] [GetTemp--2147478764]:i2c write failed
[2026-05-10 00:32:15.127] 4405,85,98,0.0
[2026-05-10 00:32:15.222] [GetTemp--2147478764]:i2c write failed
[2026-05-10 00:32:15.226] 4406,85,98,0.0
[2026-05-10 00:32:15.334] [GetTemp--2147478764]:i2c write failed
[2026-05-10 00:32:15.334] 4407,85,98,0.0
[2026-05-10 00:32:15.429] [GetTemp--2147478764]:i2c write failed
[2026-05-10 00:32:15.429] 4408,85,98,0.0
[2026-05-10 00:32:15.525] [GetTemp--2147478764]:i2c write failed
[2026-05-10 00:32:15.525] 4409,85,98,0.0
[2026-05-10 00:32:15.841] [GetTemp--2147478764]:i2c write failed
[2026-05-10 00:32:15.842] 4410,85,98,0.0
[2026-05-10 00:32:15.903] HR=95 SpO2=98 (raw:95/98 valid:1/1 sqi:1)
[2026-05-10 00:32:15.934] [GetTemp--2147478764]:i2c write failed
[2026-05-10 00:32:15.934] 4411,85,98,0.0
[2026-05-10 00:32:16.037] [GetTemp--2147478764]:i2c write failed
[2026-05-10 00:32:16.038] 4412,85,98,0.0
[2026-05-10 00:32:16.133] [GetTemp--2147478764]:i2c write failed
[2026-05-10 00:32:16.135] 4413,85,98,0.0
[2026-05-10 00:32:16.244] [GetTemp--2147478764]:i2c write failed
[2026-05-10 00:32:16.244] 4414,85,98,0.0
[2026-05-10 00:32:16.548] [GetTemp--2147478764]:i2c write failed
[2026-05-10 00:32:16.548] 4415,85,98,0.0
[2026-05-10 00:32:16.644] [GetTemp--2147478764]:i2c write failed
[2026-05-10 00:32:16.645] 4416,85,98,0.0
[2026-05-10 00:32:16.753] [GetTemp--2147478764]:i2c write failed
[2026-05-10 00:32:16.754] 4417,85,98,0.0
[2026-05-10 00:32:16.848] [GetTemp--2147478764]:i2c write failed
[2026-05-10 00:32:16.849] 4418,85,98,0.0
[2026-05-10 00:32:16.942] HR=95 SpO2=98 (raw:93/97 valid:1/1 sqi:1)
[2026-05-10 00:32:16.942] [GetTemp--2147478764]:i2c write failed
[2026-05-10 00:32:16.958] 4419,85,98,0.0
[2026-05-10 00:32:17.253] [GetTemp--2147478764]:i2c write failed
[2026-05-10 00:32:17.253] 4420,85,98,0.0
[2026-05-10 00:32:17.365] [GetTemp--2147478764]:i2c write failed
[2026-05-10 00:32:17.365] 4421,85,98,0.0
[2026-05-10 00:32:17.459] [GetTemp--2147478764]:i2c write failed
[2026-05-10 00:32:17.459] 4422,85,98,0.0
[2026-05-10 00:32:17.555] [GetTemp--2147478764]:i2c write failed
[2026-05-10 00:32:17.555] 4423,85,98,0.0
[2026-05-10 00:32:17.667] [GetTemp--2147478764]:i2c write failed
[2026-05-10 00:32:17.667] 4424,85,98,0.0
[2026-05-10 00:32:17.971] [GetTemp--2147478764]:i2c write failed
[2026-05-10 00:32:17.971] 4425,85,98,0.0
[2026-05-10 00:32:18.035] HR=95 SpO2=98 (raw:90/97 valid:1/1 sqi:1)
[2026-05-10 00:32:18.061] [GetTemp--2147478764]:i2c write failed
[2026-05-10 00:32:18.061] 4426,85,98,0.0
[2026-05-10 00:32:18.178] [GetTemp--2147478764]:i2c write failed
[2026-05-10 00:32:18.178] 4427,85,98,0.0
[2026-05-10 00:32:18.273] [GetTemp--2147478764]:i2c write failed
[2026-05-10 00:32:18.273] 4428,85,98,0.0
[2026-05-10 00:32:18.368] [GetTemp--2147478764]:i2c write failed
[2026-05-10 00:32:18.368] 4429,85,98,0.0
[2026-05-10 00:32:18.672] [GetTemp--2147478764]:i2c write failed
[2026-05-10 00:32:18.675] 4430,85,98,0.0
[2026-05-10 00:32:18.779] [GetTemp--2147478764]:i2c write failed
[2026-05-10 00:32:18.779] 4431,85,98,0.0
[2026-05-10 00:32:18.873] [GetTemp--2147478764]:i2c write failed
[2026-05-10 00:32:18.876] 4432,85,98,0.0
[2026-05-10 00:32:18.993] [GetTemp--2147478764]:i2c write failed
[2026-05-10 00:32:18.993] 4433,85,98,0.0
[2026-05-10 00:32:19.073] HR=93 SpO2=97 (raw:89/97 valid:1/1 sqi:1)
[2026-05-10 00:32:19.073] [GetTemp--2147478764]:i2c write failed
[2026-05-10 00:32:19.075] 4434,83,97,0.0
[2026-05-10 00:32:19.392] [GetTemp--2147478764]:i2c write failed
[2026-05-10 00:32:19.392] 4435,83,97,0.0
[2026-05-10 00:32:19.487] [GetTemp--2147478764]:i2c write failed
[2026-05-10 00:32:19.487] 4436,83,97,0.0
[2026-05-10 00:32:19.583] [GetTemp--2147478764]:i2c write failed
[2026-05-10 00:32:19.585] 4437,83,97,0.0
[2026-05-10 00:32:19.694] [GetTemp--2147478764]:i2c write failed
[2026-05-10 00:32:19.696] 4438,83,97,0.0
[2026-05-10 00:32:19.789] [GetTemp--2147478764]:i2c write failed
[2026-05-10 00:32:19.789] 4439,83,97,0.0
[2026-05-10 00:32:20.097] [GetTemp--2147478764]:i2c write failed
[2026-05-10 00:32:20.097] 4440,83,97,0.0
[2026-05-10 00:32:20.192] [GetTemp--2147478764]:i2c write failed
[2026-05-10 00:32:20.208] 4441,83,97,0.0
[2026-05-10 00:32:20.303] [GetTemp--2147478764]:i2c write failed
[2026-05-10 00:32:20.303] 4442,83,97,0.0
[2026-05-10 00:32:20.319] HR=90 SpO2=97 (raw:89/98 valid:1/1 sqi:1)
[2026-05-10 00:32:20.400] [GetTemp--2147478764]:i2c write failed
[2026-05-10 00:32:20.400] 4443,80,97,0.0
[2026-05-10 00:32:20.495] [GetTemp--2147478764]:i2c write failed
[2026-05-10 00:32:20.495] 4444,80,97,0.0
[2026-05-10 00:32:20.813] [GetTemp--2147478764]:i2c write failed
[2026-05-10 00:32:20.813] 4445,80,97,0.0
[2026-05-10 00:32:20.908] [GetTemp--2147478764]:i2c write failed
[2026-05-10 00:32:20.909] 4446,80,97,0.0
[2026-05-10 00:32:21.003] [GetTemp--2147478764]:i2c write failed
[2026-05-10 00:32:21.006] 4447,80,97,0.0
[2026-05-10 00:32:21.104] [GetTemp--2147478764]:i2c write failed
[2026-05-10 00:32:21.104] 4448,80,97,0.0
[2026-05-10 00:32:21.215] [GetTemp--2147478764]:i2c write failed
[2026-05-10 00:32:21.215] 4449,80,97,0.0
[2026-05-10 00:32:21.439] HR=89 SpO2=97 (raw:89/98 valid:1/1 sqi:1)
[2026-05-10 00:32:21.518] [GetTemp--2147478764]:i2c write failed
[2026-05-10 00:32:21.518] 4450,79,97,0.0
[2026-05-10 00:32:21.614] [GetTemp--2147478764]:i2c write failed
[2026-05-10 00:32:21.614] 4451,79,97,0.0
[2026-05-10 00:32:21.726] [GetTemp--2147478764]:i2c write failed
[2026-05-10 00:32:21.726] 4452,79,97,0.0
[2026-05-10 00:32:21.820] [GetTemp--2147478764]:i2c write failed
[2026-05-10 00:32:21.821] 4453,79,97,0.0
[2026-05-10 00:32:21.914] [GetTemp--2147478764]:i2c write failed
[2026-05-10 00:32:21.915] 4454,79,97,0.0
[2026-05-10 00:32:22.222] [GetTemp--2147478764]:i2c write failed
[2026-05-10 00:32:22.238] 4455,79,97,0.0
[2026-05-10 00:32:22.333] [GetTemp--2147478764]:i2c write failed
[2026-05-10 00:32:22.333] 4456,79,97,0.0
[2026-05-10 00:32:22.429] [GetTemp--2147478764]:i2c write failed
[2026-05-10 00:32:22.429] 4457,79,97,0.0
[2026-05-10 00:32:22.444] HR=89 SpO2=97 (raw:90/97 valid:1/1 sqi:1)
[2026-05-10 00:32:22.524] [GetTemp--2147478764]:i2c write failed
[2026-05-10 00:32:22.524] 4458,79,97,0.0
[2026-05-10 00:32:22.635] [GetTemp--2147478764]:i2c write failed
[2026-05-10 00:32:22.635] 4459,79,97,0.0
[2026-05-10 00:32:22.932] [GetTemp--2147478764]:i2c write failed
[2026-05-10 00:32:22.948] 4460,79,97,0.0
[2026-05-10 00:32:23.035] [GetTemp--2147478764]:i2c write failed
[2026-05-10 00:32:23.035] 4461,79,97,0.0
[2026-05-10 00:32:23.147] [GetTemp--2147478764]:i2c write failed
[2026-05-10 00:32:23.148] 4462,79,97,0.0
[2026-05-10 00:32:23.242] [GetTemp--2147478764]:i2c write failed
[2026-05-10 00:32:23.242] 4463,79,97,0.0
[2026-05-10 00:32:23.337] [GetTemp--2147478764]:i2c write failed
[2026-05-10 00:32:23.337] 4464,79,97,0.0
[2026-05-10 00:32:23.577] HR=89 SpO2=98 (raw:95/98 valid:1/1 sqi:1)
[2026-05-10 00:32:23.656] [GetTemp--2147478764]:i2c write failed
[2026-05-10 00:32:23.657] 4465,79,98,0.0
[2026-05-10 00:32:23.748] [GetTemp--2147478764]:i2c write failed
[2026-05-10 00:32:23.749] 4466,79,98,0.0
[2026-05-10 00:32:23.857] [GetTemp--2147478764]:i2c write failed
[2026-05-10 00:32:23.858] 4467,79,98,0.0
[2026-05-10 00:32:23.951] [GetTemp--2147478764]:i2c write failed
[2026-05-10 00:32:23.951] 4468,79,98,0.0
[2026-05-10 00:32:24.046] [GetTemp--2147478764]:i2c write failed
[2026-05-10 00:32:24.046] 4469,79,98,0.0
[2026-05-10 00:32:24.366] [GetTemp--2147478764]:i2c write failed
[2026-05-10 00:32:24.366] 4470,79,98,0.0
[2026-05-10 00:32:24.461] [GetTemp--2147478764]:i2c write failed
[2026-05-10 00:32:24.461] 4471,79,98,0.0
[2026-05-10 00:32:24.557] [GetTemp--2147478764]:i2c write failed
[2026-05-10 00:32:24.557] 4472,79,98,0.0
[2026-05-10 00:32:24.652] [GetTemp--2147478764]:i2c write failed
[2026-05-10 00:32:24.655] 4473,79,98,0.0
[2026-05-10 00:32:24.746] HR=90 SpO2=98 (raw:95/98 valid:1/1 sqi:1)
[2026-05-10 00:32:24.762] [GetTemp--2147478764]:i2c write failed
[2026-05-10 00:32:24.762] 4474,80,98,0.0
[2026-05-10 00:32:25.069] [GetTemp--2147478764]:i2c write failed
[2026-05-10 00:32:25.069] 4475,80,98,0.0
[2026-05-10 00:32:25.164] [GetTemp--2147478764]:i2c write failed
[2026-05-10 00:32:25.165] 4476,80,98,0.0
[2026-05-10 00:32:25.276] [GetTemp--2147478764]:i2c write failed
[2026-05-10 00:32:25.277] 4477,80,98,0.0
[2026-05-10 00:32:25.372] [GetTemp--2147478764]:i2c write failed
[2026-05-10 00:32:25.372] 4478,80,98,0.0
[2026-05-10 00:32:25.467] [GetTemp--2147478764]:i2c write failed
[2026-05-10 00:32:25.467] 4479,80,98,0.0
[2026-05-10 00:32:25.781] [GetTemp--2147478764]:i2c write failed
[2026-05-10 00:32:25.782] 4480,80,98,0.0
[2026-05-10 00:32:25.843] HR=95 SpO2=98 (raw:95/97 valid:1/1 sqi:1)
[2026-05-10 00:32:25.871] [GetTemp--2147478764]:i2c write failed
[2026-05-10 00:32:25.875] 4481,85,98,0.0
[2026-05-10 00:32:25.978] [GetTemp--2147478764]:i2c write failed
[2026-05-10 00:32:25.978] 4482,85,98,0.0
[2026-05-10 00:32:26.073] [GetTemp--2147478764]:i2c write failed
[2026-05-10 00:32:26.073] 4483,85,98,0.0
[2026-05-10 00:32:26.185] [GetTemp--2147478764]:i2c write failed
[2026-05-10 00:32:26.185] 4484,85,98,0.0
[2026-05-10 00:32:26.487] [GetTemp--2147478764]:i2c write failed
[2026-05-10 00:32:26.487] 4485,85,98,0.0
[2026-05-10 00:32:26.583] [GetTemp--2147478764]:i2c write failed
[2026-05-10 00:32:26.585] 4486,85,98,0.0
[2026-05-10 00:32:26.694] [GetTemp--2147478764]:i2c write failed
[2026-05-10 00:32:26.694] 4487,85,98,0.0
[2026-05-10 00:32:26.787] [GetTemp--2147478764]:i2c write failed
[2026-05-10 00:32:26.787] 4488,85,98,0.0
[2026-05-10 00:32:26.881] HR=95 SpO2=97 (raw:96/97 valid:1/1 sqi:1)
[2026-05-10 00:32:26.882] [GetTemp--2147478764]:i2c write failed
[2026-05-10 00:32:26.884] 4489,85,97,0.0
[2026-05-10 00:32:27.192] [GetTemp--2147478764]:i2c write failed
[2026-05-10 00:32:27.194] 4490,85,97,0.0
[2026-05-10 00:32:27.303] [GetTemp--2147478764]:i2c write failed
[2026-05-10 00:32:27.303] 4491,85,97,0.0
[2026-05-10 00:32:27.398] [GetTemp--2147478764]:i2c write failed
[2026-05-10 00:32:27.398] 4492,85,97,0.0
[2026-05-10 00:32:27.495] [GetTemp--2147478764]:i2c write failed
[2026-05-10 00:32:27.497] 4493,85,97,0.0
[2026-05-10 00:32:27.606] [GetTemp--2147478764]:i2c write failed
[2026-05-10 00:32:27.606] 4494,85,97,0.0
[2026-05-10 00:32:27.903] [GetTemp--2147478764]:i2c write failed
[2026-05-10 00:32:27.906] 4495,85,97,0.0
[2026-05-10 00:32:27.975] HR=95 SpO2=98 (raw:98/98 valid:1/1 sqi:1)
[2026-05-10 00:32:28.001] [GetTemp--2147478764]:i2c write failed
[2026-05-10 00:32:28.001] 4496,85,98,0.0
[2026-05-10 00:32:28.102] [GetTemp--2147478764]:i2c write failed
[2026-05-10 00:32:28.105] 4497,85,98,0.0
[2026-05-10 00:32:28.213] [GetTemp--2147478764]:i2c write failed
[2026-05-10 00:32:28.213] 4498,85,98,0.0
[2026-05-10 00:32:28.308] [GetTemp--2147478764]:i2c write failed
[2026-05-10 00:32:28.308] 4499,85,98,0.0
[2026-05-10 00:32:28.628] [GetTemp--2147478764]:i2c write failed
[2026-05-10 00:32:28.628] 4500,85,98,0.0
[2026-05-10 00:32:28.723] [GetTemp--2147478764]:i2c write failed
[2026-05-10 00:32:28.723] 4501,85,98,0.0
[2026-05-10 00:32:28.818] [GetTemp--2147478764]:i2c write failed
[2026-05-10 00:32:28.818] 4502,85,98,0.0
[2026-05-10 00:32:28.926] [GetTemp--2147478764]:i2c write failed
[2026-05-10 00:32:28.926] 4503,85,98,0.0
[2026-05-10 00:32:29.021] [GetTemp--2147478764]:i2c write failed
[2026-05-10 00:32:29.022] 4504,85,98,0.0
[2026-05-10 00:32:29.253] HR=96 SpO2=98 (raw:98/98 valid:1/1 sqi:1)
[2026-05-10 00:32:29.332] [GetTemp--2147478764]:i2c write failed
[2026-05-10 00:32:29.332] 4505,86,98,0.0
[2026-05-10 00:32:29.428] [GetTemp--2147478764]:i2c write failed
[2026-05-10 00:32:29.428] 4506,86,98,0.0
[2026-05-10 00:32:29.524] [GetTemp--2147478764]:i2c write failed
[2026-05-10 00:32:29.526] 4507,86,98,0.0
[2026-05-10 00:32:29.635] [GetTemp--2147478764]:i2c write failed
[2026-05-10 00:32:29.635] 4508,86,98,0.0
[2026-05-10 00:32:29.728] [GetTemp--2147478764]:i2c write failed
[2026-05-10 00:32:29.729] 4509,86,98,0.0
[2026-05-10 00:32:30.035] [GetTemp--2147478764]:i2c write failed
[2026-05-10 00:32:30.035] 4510,86,98,0.0
[2026-05-10 00:32:30.147] [GetTemp--2147478764]:i2c write failed
[2026-05-10 00:32:30.147] 4511,86,98,0.0
[2026-05-10 00:32:30.242] [GetTemp--2147478764]:i2c write failed
[2026-05-10 00:32:30.243] 4512,86,98,0.0
[2026-05-10 00:32:30.258] HR=98 SpO2=98 (raw:103/98 valid:1/1 sqi:1)
[2026-05-10 00:32:30.337] [GetTemp--2147478764]:i2c write failed
[2026-05-10 00:32:30.337] 4513,88,98,0.0
[2026-05-10 00:32:30.433] [GetTemp--2147478764]:i2c write failed
[2026-05-10 00:32:30.436] 4514,88,98,0.0
[2026-05-10 00:32:30.749] [GetTemp--2147478764]:i2c write failed
[2026-05-10 00:32:30.749] 4515,88,98,0.0
[2026-05-10 00:32:30.843] [GetTemp--2147478764]:i2c write failed
[2026-05-10 00:32:30.859] 4516,88,98,0.0
[2026-05-10 00:32:30.953] [GetTemp--2147478764]:i2c write failed
[2026-05-10 00:32:30.954] 4517,88,98,0.0
[2026-05-10 00:32:31.056] [GetTemp--2147478764]:i2c write failed
[2026-05-10 00:32:31.056] 4518,88,98,0.0
[2026-05-10 00:32:31.152] [GetTemp--2147478764]:i2c write failed
[2026-05-10 00:32:31.152] 4519,88,98,0.0
[2026-05-10 00:32:31.375] HR=98 SpO2=98 (raw:103/97 valid:1/1 sqi:1)
[2026-05-10 00:32:31.454] [GetTemp--2147478764]:i2c write failed
[2026-05-10 00:32:31.454] 4520,88,98,0.0
[2026-05-10 00:32:31.566] [GetTemp--2147478764]:i2c write failed
[2026-05-10 00:32:31.566] 4521,88,98,0.0
[2026-05-10 00:32:31.661] [GetTemp--2147478764]:i2c write failed
[2026-05-10 00:32:31.662] 4522,88,98,0.0
[2026-05-10 00:32:31.755] [GetTemp--2147478764]:i2c write failed
[2026-05-10 00:32:31.755] 4523,88,98,0.0
[2026-05-10 00:32:31.864] [GetTemp--2147478764]:i2c write failed
[2026-05-10 00:32:31.864] 4524,88,98,0.0
[2026-05-10 00:32:32.174] [GetTemp--2147478764]:i2c write failed
[2026-05-10 00:32:32.174] 4525,88,98,0.0
[2026-05-10 00:32:32.269] [GetTemp--2147478764]:i2c write failed
[2026-05-10 00:32:32.269] 4526,88,98,0.0
[2026-05-10 00:32:32.365] [GetTemp--2147478764]:i2c write failed
[2026-05-10 00:32:32.365] 4527,88,98,0.0
[2026-05-10 00:32:32.381] HR=101 SpO2=98 (raw:101/97 valid:1/1 sqi:1)
[2026-05-10 00:32:32.476] [GetTemp--2147478764]:i2c write failed
[2026-05-10 00:32:32.476] 4528,91,98,0.0
[2026-05-10 00:32:32.570] [GetTemp--2147478764]:i2c write failed
[2026-05-10 00:32:32.570] 4529,91,98,0.0
[2026-05-10 00:32:32.883] [GetTemp--2147478764]:i2c write failed
[2026-05-10 00:32:32.883] 4530,91,98,0.0
[2026-05-10 00:32:32.987] [GetTemp--2147478764]:i2c write failed
[2026-05-10 00:32:32.987] 4531,91,98,0.0
[2026-05-10 00:32:33.082] [GetTemp--2147478764]:i2c write failed
[2026-05-10 00:32:33.082] 4532,91,98,0.0
[2026-05-10 00:32:33.178] [GetTemp--2147478764]:i2c write failed
[2026-05-10 00:32:33.178] 4533,91,98,0.0
[2026-05-10 00:32:33.273] [GetTemp--2147478764]:i2c write failed
[2026-05-10 00:32:33.275] 4534,91,98,0.0
[2026-05-10 00:32:33.591] [GetTemp--2147478764]:i2c write failed
[2026-05-10 00:32:33.592] 4535,91,98,0.0
[2026-05-10 00:32:33.654] HR=101 SpO2=98 (raw:101/98 valid:1/1 sqi:1)
[2026-05-10 00:32:33.684] [GetTemp--2147478764]:i2c write failed
[2026-05-10 00:32:33.700] 4536,91,98,0.0
[2026-05-10 00:32:33.793] [GetTemp--2147478764]:i2c write failed
[2026-05-10 00:32:33.793] 4537,91,98,0.0
[2026-05-10 00:32:33.896] [GetTemp--2147478764]:i2c write failed
[2026-05-10 00:32:33.896] 4538,91,98,0.0
[2026-05-10 00:32:33.992] [GetTemp--2147478764]:i2c write failed
[2026-05-10 00:32:33.992] 4539,91,98,0.0
[2026-05-10 00:32:34.295] [GetTemp--2147478764]:i2c write failed
[2026-05-10 00:32:34.297] 4540,91,98,0.0
[2026-05-10 00:32:34.407] [GetTemp--2147478764]:i2c write failed
[2026-05-10 00:32:34.408] 4541,91,98,0.0
[2026-05-10 00:32:34.503] [GetTemp--2147478764]:i2c write failed
[2026-05-10 00:32:34.503] 4542,91,98,0.0
[2026-05-10 00:32:34.598] [GetTemp--2147478764]:i2c write failed
[2026-05-10 00:32:34.598] 4543,91,98,0.0
[2026-05-10 00:32:34.693] HR=101 SpO2=98 (raw:88/98 valid:1/1 sqi:1)
[2026-05-10 00:32:34.693] [GetTemp--2147478764]:i2c write failed
[2026-05-10 00:32:34.709] 4544,91,98,0.0
[2026-05-10 00:32:35.009] [GetTemp--2147478764]:i2c write failed
[2026-05-10 00:32:35.009] 4545,91,98,0.0
[2026-05-10 00:32:35.110] [GetTemp--2147478764]:i2c write failed
[2026-05-10 00:32:35.110] 4546,91,98,0.0
[2026-05-10 00:32:35.207] [GetTemp--2147478764]:i2c write failed
[2026-05-10 00:32:35.207] 4547,91,98,0.0
[2026-05-10 00:32:35.318] [GetTemp--2147478764]:i2c write failed
[2026-05-10 00:32:35.318] 4548,91,98,0.0
[2026-05-10 00:32:35.414] [GetTemp--2147478764]:i2c write failed
[2026-05-10 00:32:35.414] 4549,91,98,0.0
[2026-05-10 00:32:35.714] [GetTemp--2147478764]:i2c write failed
[2026-05-10 00:32:35.715] 4550,91,98,0.0
[2026-05-10 00:32:35.792] HR=101 SpO2=97 (raw:88/97 valid:1/1 sqi:1)
[2026-05-10 00:32:35.812] [GetTemp--2147478764]:i2c write failed
[2026-05-10 00:32:35.815] 4551,91,97,0.0
[2026-05-10 00:32:35.927] [GetTemp--2147478764]:i2c write failed
[2026-05-10 00:32:35.927] 4552,91,97,0.0
[2026-05-10 00:32:36.023] [GetTemp--2147478764]:i2c write failed
[2026-05-10 00:32:36.023] 4553,91,97,0.0
[2026-05-10 00:32:36.118] [GetTemp--2147478764]:i2c write failed
[2026-05-10 00:32:36.118] 4554,91,97,0.0
[2026-05-10 00:32:36.437] [GetTemp--2147478764]:i2c write failed
[2026-05-10 00:32:36.437] 4555,91,97,0.0
[2026-05-10 00:32:36.533] [GetTemp--2147478764]:i2c write failed
[2026-05-10 00:32:36.533] 4556,91,97,0.0
[2026-05-10 00:32:36.629] [GetTemp--2147478764]:i2c write failed
[2026-05-10 00:32:36.629] 4557,91,97,0.0
[2026-05-10 00:32:36.723] [GetTemp--2147478764]:i2c write failed
[2026-05-10 00:32:36.725] 4558,91,97,0.0
[2026-05-10 00:32:36.817] HR=88 SpO2=97 (raw:86/97 valid:1/1 sqi:1)
[2026-05-10 00:32:36.833] [GetTemp--2147478764]:i2c write failed
[2026-05-10 00:32:36.834] 4559,78,97,0.0
[2026-05-10 00:32:37.140] [GetTemp--2147478764]:i2c write failed
[2026-05-10 00:32:37.140] 4560,78,97,0.0
[2026-05-10 00:32:37.235] [GetTemp--2147478764]:i2c write failed
[2026-05-10 00:32:37.237] 4561,78,97,0.0
[2026-05-10 00:32:37.347] [GetTemp--2147478764]:i2c write failed
[2026-05-10 00:32:37.347] 4562,78,97,0.0
[2026-05-10 00:32:37.442] [GetTemp--2147478764]:i2c write failed
[2026-05-10 00:32:37.442] 4563,78,97,0.0
[2026-05-10 00:32:37.538] [GetTemp--2147478764]:i2c write failed
[2026-05-10 00:32:37.538] 4564,78,97,0.0
[2026-05-10 00:32:37.851] [GetTemp--2147478764]:i2c write failed
[2026-05-10 00:32:37.851] 4565,78,97,0.0
[2026-05-10 00:32:37.955] [GetTemp--2147478764]:i2c write failed
[2026-05-10 00:32:37.955] 4566,78,97,0.0
[2026-05-10 00:32:38.049] [GetTemp--2147478764]:i2c write failed
[2026-05-10 00:32:38.049] 4567,78,97,0.0
[2026-05-10 00:32:38.065] HR=88 SpO2=97 (raw:86/97 valid:1/1 sqi:1)
[2026-05-10 00:32:38.143] [GetTemp--2147478764]:i2c write failed
[2026-05-10 00:32:38.143] 4568,78,97,0.0
[2026-05-10 00:32:38.255] [GetTemp--2147478764]:i2c write failed
[2026-05-10 00:32:38.255] 4569,78,97,0.0
[2026-05-10 00:32:38.558] [GetTemp--2147478764]:i2c write failed
[2026-05-10 00:32:38.558] 4570,78,97,0.0
[2026-05-10 00:32:38.667] [GetTemp--2147478764]:i2c write failed
[2026-05-10 00:32:38.667] 4571,78,97,0.0
[2026-05-10 00:32:38.761] [GetTemp--2147478764]:i2c write failed
[2026-05-10 00:32:38.761] 4572,78,97,0.0
[2026-05-10 00:32:38.855] [GetTemp--2147478764]:i2c write failed
[2026-05-10 00:32:38.856] 4573,78,97,0.0
[2026-05-10 00:32:38.958] [GetTemp--2147478764]:i2c write failed
[2026-05-10 00:32:38.958] 4574,78,97,0.0
[2026-05-10 00:32:39.198] HR=88 SpO2=97 (raw:88/97 valid:1/1 sqi:1)
[2026-05-10 00:32:39.276] [GetTemp--2147478764]:i2c write failed
[2026-05-10 00:32:39.276] 4575,78,97,0.0
[2026-05-10 00:32:39.372] [GetTemp--2147478764]:i2c write failed
[2026-05-10 00:32:39.372] 4576,78,97,0.0
[2026-05-10 00:32:39.467] [GetTemp--2147478764]:i2c write failed
[2026-05-10 00:32:39.467] 4577,78,97,0.0
[2026-05-10 00:32:39.578] [GetTemp--2147478764]:i2c write failed
[2026-05-10 00:32:39.578] 4578,78,97,0.0
[2026-05-10 00:32:39.674] [GetTemp--2147478764]:i2c write failed
[2026-05-10 00:32:39.674] 4579,78,97,0.0
[2026-05-10 00:32:39.987] [GetTemp--2147478764]:i2c write failed
[2026-05-10 00:32:39.988] 4580,78,97,0.0
[2026-05-10 00:32:40.075] [GetTemp--2147478764]:i2c write failed
[2026-05-10 00:32:40.076] 4581,78,97,0.0
[2026-05-10 00:32:40.187] [GetTemp--2147478764]:i2c write failed
[2026-05-10 00:32:40.187] 4582,78,97,0.0
[2026-05-10 00:32:40.187] HR=86 SpO2=97 (raw:82/97 valid:1/1 sqi:1)
[2026-05-10 00:32:40.282] [GetTemp--2147478764]:i2c write failed
[2026-05-10 00:32:40.282] 4583,76,97,0.0
[2026-05-10 00:32:40.378] [GetTemp--2147478764]:i2c write failed
[2026-05-10 00:32:40.378] 4584,76,97,0.0
[2026-05-10 00:32:40.695] [GetTemp--2147478764]:i2c write failed
[2026-05-10 00:32:40.696] 4585,76,97,0.0
[2026-05-10 00:32:40.789] [GetTemp--2147478764]:i2c write failed
[2026-05-10 00:32:40.789] 4586,76,97,0.0
[2026-05-10 00:32:40.884] [GetTemp--2147478764]:i2c write failed
[2026-05-10 00:32:40.885] 4587,76,97,0.0
[2026-05-10 00:32:40.985] [GetTemp--2147478764]:i2c write failed
[2026-05-10 00:32:40.985] 4588,76,97,0.0
[2026-05-10 00:32:41.096] [GetTemp--2147478764]:i2c write failed
[2026-05-10 00:32:41.096] 4589,76,97,0.0
[2026-05-10 00:32:41.319] HR=86 SpO2=97 (raw:83/98 valid:1/1 sqi:1)
[2026-05-10 00:32:41.398] [GetTemp--2147478764]:i2c write failed
[2026-05-10 00:32:41.398] 4590,76,97,0.0
[2026-05-10 00:32:41.494] [GetTemp--2147478764]:i2c write failed
[2026-05-10 00:32:41.497] 4591,76,97,0.0
[2026-05-10 00:32:41.606] [GetTemp--2147478764]:i2c write failed
[2026-05-10 00:32:41.606] 4592,76,97,0.0
[2026-05-10 00:32:41.701] [GetTemp--2147478764]:i2c write failed
[2026-05-10 00:32:41.701] 4593,76,97,0.0
[2026-05-10 00:32:41.795] [GetTemp--2147478764]:i2c write failed
[2026-05-10 00:32:41.796] 4594,76,97,0.0
[2026-05-10 00:32:42.118] [GetTemp--2147478764]:i2c write failed
[2026-05-10 00:32:42.118] 4595,76,97,0.0
[2026-05-10 00:32:42.214] [GetTemp--2147478764]:i2c write failed
[2026-05-10 00:32:42.215] 4596,76,97,0.0
[2026-05-10 00:32:42.310] [GetTemp--2147478764]:i2c write failed
[2026-05-10 00:32:42.310] 4597,76,97,0.0
[2026-05-10 00:32:42.406] [GetTemp--2147478764]:i2c write failed
[2026-05-10 00:32:42.406] 4598,76,97,0.0
[2026-05-10 00:32:42.502] HR=86 SpO2=97 (raw:86/98 valid:1/1 sqi:1)
[2026-05-10 00:32:42.502] [GetTemp--2147478764]:i2c write failed
[2026-05-10 00:32:42.505] 4599,76,97,0.0
[2026-05-10 00:32:42.817] [GetTemp--2147478764]:i2c write failed
[2026-05-10 00:32:42.817] 4600,76,97,0.0
[2026-05-10 00:32:42.927] [GetTemp--2147478764]:i2c write failed
[2026-05-10 00:32:42.927] 4601,76,97,0.0
[2026-05-10 00:32:43.014] [GetTemp--2147478764]:i2c write failed
[2026-05-10 00:32:43.029] 4602,76,97,0.0
[2026-05-10 00:32:43.125] [GetTemp--2147478764]:i2c write failed
[2026-05-10 00:32:43.125] 4603,76,97,0.0
[2026-05-10 00:32:43.221] [GetTemp--2147478764]:i2c write failed
[2026-05-10 00:32:43.221] 4604,76,97,0.0
[2026-05-10 00:32:43.522] [GetTemp--2147478764]:i2c write failed
[2026-05-10 00:32:43.538] 4605,76,97,0.0
[2026-05-10 00:32:43.602] HR=86 SpO2=97 (raw:86/97 valid:1/1 sqi:1)
[2026-05-10 00:32:43.620] [GetTemp--2147478764]:i2c write failed
[2026-05-10 00:32:43.620] 4606,76,97,0.0
[2026-05-10 00:32:43.728] [GetTemp--2147478764]:i2c write failed
[2026-05-10 00:32:43.728] 4607,76,97,0.0
[2026-05-10 00:32:43.838] [GetTemp--2147478764]:i2c write failed
[2026-05-10 00:32:43.838] 4608,76,97,0.0
[2026-05-10 00:32:43.932] [GetTemp--2147478764]:i2c write failed
[2026-05-10 00:32:43.933] 4609,76,97,0.0
[2026-05-10 00:32:44.242] [GetTemp--2147478764]:i2c write failed
[2026-05-10 00:32:44.242] 4610,76,97,0.0
[2026-05-10 00:32:44.337] [GetTemp--2147478764]:i2c write failed
[2026-05-10 00:32:44.337] 4611,76,97,0.0
[2026-05-10 00:32:44.448] [GetTemp--2147478764]:i2c write failed
[2026-05-10 00:32:44.448] 4612,76,97,0.0
[2026-05-10 00:32:44.544] [GetTemp--2147478764]:i2c write failed
[2026-05-10 00:32:44.546] 4613,76,97,0.0
[2026-05-10 00:32:44.624] HR=86 SpO2=98 (raw:86/98 valid:1/1 sqi:1)
[2026-05-10 00:32:44.624] [GetTemp--2147478764]:i2c write failed
[2026-05-10 00:32:44.633] 4614,76,98,0.0
[2026-05-10 00:32:44.954] [GetTemp--2147478764]:i2c write failed
[2026-05-10 00:32:44.954] 4615,76,98,0.0
[2026-05-10 00:32:45.052] [GetTemp--2147478764]:i2c write failed
[2026-05-10 00:32:45.052] 4616,76,98,0.0
[2026-05-10 00:32:45.146] [GetTemp--2147478764]:i2c write failed
[2026-05-10 00:32:45.146] 4617,76,98,0.0
[2026-05-10 00:32:45.257] [GetTemp--2147478764]:i2c write failed
[2026-05-10 00:32:45.257] 4618,76,98,0.0
[2026-05-10 00:32:45.352] [GetTemp--2147478764]:i2c write failed
[2026-05-10 00:32:45.352] 4619,76,98,0.0
[2026-05-10 00:32:45.654] [GetTemp--2147478764]:i2c write failed
[2026-05-10 00:32:45.656] 4620,76,98,0.0
[2026-05-10 00:32:45.732] HR=86 SpO2=98 (raw:82/97 valid:1/1 sqi:1)
[2026-05-10 00:32:45.752] [GetTemp--2147478764]:i2c write failed
[2026-05-10 00:32:45.756] 4621,76,98,0.0
[2026-05-10 00:32:45.858] [GetTemp--2147478764]:i2c write failed
[2026-05-10 00:32:45.859] 4622,76,98,0.0
[2026-05-10 00:32:45.960] [GetTemp--2147478764]:i2c write failed
[2026-05-10 00:32:45.960] 4623,76,98,0.0
[2026-05-10 00:32:46.055] [GetTemp--2147478764]:i2c write failed
[2026-05-10 00:32:46.055] 4624,76,98,0.0
[2026-05-10 00:32:46.374] [GetTemp--2147478764]:i2c write failed
[2026-05-10 00:32:46.374] 4625,76,98,0.0
[2026-05-10 00:32:46.469] [GetTemp--2147478764]:i2c write failed
[2026-05-10 00:32:46.469] 4626,76,98,0.0
[2026-05-10 00:32:46.565] [GetTemp--2147478764]:i2c write failed
[2026-05-10 00:32:46.565] 4627,76,98,0.0
[2026-05-10 00:32:46.675] [GetTemp--2147478764]:i2c write failed
[2026-05-10 00:32:46.676] 4628,76,98,0.0
[2026-05-10 00:32:46.769] [GetTemp--2147478764]:i2c write failed
[2026-05-10 00:32:46.769] 4629,76,98,0.0
[2026-05-10 00:32:46.996] HR=86 SpO2=97 (raw:83/97 valid:1/1 sqi:1)
[2026-05-10 00:32:47.075] [GetTemp--2147478764]:i2c write failed
[2026-05-10 00:32:47.075] 4630,76,97,0.0
[2026-05-10 00:32:47.186] [GetTemp--2147478764]:i2c write failed
[2026-05-10 00:32:47.186] 4631,76,97,0.0
[2026-05-10 00:32:47.282] [GetTemp--2147478764]:i2c write failed
[2026-05-10 00:32:47.282] 4632,76,97,0.0
[2026-05-10 00:32:47.378] [GetTemp--2147478764]:i2c write failed
[2026-05-10 00:32:47.378] 4633,76,97,0.0
[2026-05-10 00:32:47.473] [GetTemp--2147478764]:i2c write failed
[2026-05-10 00:32:47.473] 4634,76,97,0.0
[2026-05-10 00:32:47.790] [GetTemp--2147478764]:i2c write failed
[2026-05-10 00:32:47.790] 4635,76,97,0.0
[2026-05-10 00:32:47.884] [GetTemp--2147478764]:i2c write failed
[2026-05-10 00:32:47.886] 4636,76,97,0.0
[2026-05-10 00:32:47.991] [GetTemp--2147478764]:i2c write failed
[2026-05-10 00:32:47.992] 4637,76,97,0.0
[2026-05-10 00:32:48.016] HR=86 SpO2=97 (raw:86/97 valid:1/1 sqi:1)
[2026-05-10 00:32:48.096] [GetTemp--2147478764]:i2c write failed
[2026-05-10 00:32:48.096] 4638,76,97,0.0
[2026-05-10 00:32:48.191] [GetTemp--2147478764]:i2c write failed
[2026-05-10 00:32:48.191] 4639,76,97,0.0
[2026-05-10 00:32:48.494] [GetTemp--2147478764]:i2c write failed
[2026-05-10 00:32:48.496] 4640,76,97,0.0
[2026-05-10 00:32:48.606] [GetTemp--2147478764]:i2c write failed
[2026-05-10 00:32:48.606] 4641,76,97,0.0
[2026-05-10 00:32:48.702] [GetTemp--2147478764]:i2c write failed
[2026-05-10 00:32:48.702] 4642,76,97,0.0
[2026-05-10 00:32:48.797] [GetTemp--2147478764]:i2c write failed
[2026-05-10 00:32:48.797] 4643,76,97,0.0
[2026-05-10 00:32:48.906] [GetTemp--2147478764]:i2c write failed
[2026-05-10 00:32:48.906] 4644,76,97,0.0
[2026-05-10 00:32:49.134] HR=86 SpO2=97 (raw:86/98 valid:1/1 sqi:1)
[2026-05-10 00:32:49.214] [GetTemp--2147478764]:i2c write failed
[2026-05-10 00:32:49.214] 4645,76,97,0.0
[2026-05-10 00:32:49.310] [GetTemp--2147478764]:i2c write failed
[2026-05-10 00:32:49.310] 4646,76,97,0.0
[2026-05-10 00:32:49.406] [GetTemp--2147478764]:i2c write failed
[2026-05-10 00:32:49.406] 4647,76,97,0.0
[2026-05-10 00:32:49.518] [GetTemp--2147478764]:i2c write failed
[2026-05-10 00:32:49.518] 4648,76,97,0.0
[2026-05-10 00:32:49.614] [GetTemp--2147478764]:i2c write failed
[2026-05-10 00:32:49.614] 4649,76,97,0.0
[2026-05-10 00:32:49.926] [GetTemp--2147478764]:i2c write failed
[2026-05-10 00:32:49.927] 4650,76,97,0.0
[2026-05-10 00:32:50.013] [GetTemp--2147478764]:i2c write failed
[2026-05-10 00:32:50.013] 4651,76,97,0.0
[2026-05-10 00:32:50.125] [GetTemp--2147478764]:i2c write failed
[2026-05-10 00:32:50.125] 4652,76,97,0.0
[2026-05-10 00:32:50.128] HR=86 SpO2=97 (raw:86/98 valid:1/1 sqi:1)
[2026-05-10 00:32:50.221] [GetTemp--2147478764]:i2c write failed
[2026-05-10 00:32:50.221] 4653,76,97,0.0
[2026-05-10 00:32:50.316] [GetTemp--2147478764]:i2c write failed
[2026-05-10 00:32:50.319] 4654,76,97,0.0
[2026-05-10 00:32:50.635] [GetTemp--2147478764]:i2c write failed
[2026-05-10 00:32:50.635] 4655,76,97,0.0
[2026-05-10 00:32:50.730] [GetTemp--2147478764]:i2c write failed
[2026-05-10 00:32:50.730] 4656,76,97,0.0
[2026-05-10 00:32:50.837] [GetTemp--2147478764]:i2c write failed
[2026-05-10 00:32:50.838] 4657,76,97,0.0
[2026-05-10 00:32:50.932] [GetTemp--2147478764]:i2c write failed
[2026-05-10 00:32:50.933] 4658,76,97,0.0
[2026-05-10 00:32:51.034] [GetTemp--2147478764]:i2c write failed
[2026-05-10 00:32:51.036] 4659,76,97,0.0
[2026-05-10 00:32:51.337] [GetTemp--2147478764]:i2c write failed
[2026-05-10 00:32:51.337] 4660,76,97,0.0
[2026-05-10 00:32:51.416] HR=86 SpO2=97 (raw:86/97 valid:1/1 sqi:1)
[2026-05-10 00:32:51.432] [GetTemp--2147478764]:i2c write failed
[2026-05-10 00:32:51.432] 4661,76,97,0.0
[2026-05-10 00:32:51.544] [GetTemp--2147478764]:i2c write failed
[2026-05-10 00:32:51.544] 4662,76,97,0.0
[2026-05-10 00:32:51.639] [GetTemp--2147478764]:i2c write failed
[2026-05-10 00:32:51.639] 4663,76,97,0.0
[2026-05-10 00:32:51.733] [GetTemp--2147478764]:i2c write failed
[2026-05-10 00:32:51.736] 4664,76,97,0.0
[2026-05-10 00:32:52.056] [GetTemp--2147478764]:i2c write failed
[2026-05-10 00:32:52.056] 4665,76,97,0.0
[2026-05-10 00:32:52.153] [GetTemp--2147478764]:i2c write failed
[2026-05-10 00:32:52.154] 4666,76,97,0.0
[2026-05-10 00:32:52.248] [GetTemp--2147478764]:i2c write failed
[2026-05-10 00:32:52.250] 4667,76,97,0.0
[2026-05-10 00:32:52.343] [GetTemp--2147478764]:i2c write failed
[2026-05-10 00:32:52.346] 4668,76,97,0.0
[2026-05-10 00:32:52.439] HR=86 SpO2=98 (raw:86/98 valid:1/1 sqi:1)
[2026-05-10 00:32:52.455] [GetTemp--2147478764]:i2c write failed
[2026-05-10 00:32:52.455] 4669,76,98,0.0
[2026-05-10 00:32:52.757] [GetTemp--2147478764]:i2c write failed
[2026-05-10 00:32:52.758] 4670,76,98,0.0
[2026-05-10 00:32:52.866] [GetTemp--2147478764]:i2c write failed
[2026-05-10 00:32:52.866] 4671,76,98,0.0
[2026-05-10 00:32:52.960] [GetTemp--2147478764]:i2c write failed
[2026-05-10 00:32:52.962] 4672,76,98,0.0
[2026-05-10 00:32:53.063] [GetTemp--2147478764]:i2c write failed
[2026-05-10 00:32:53.063] 4673,76,98,0.0
[2026-05-10 00:32:53.158] [GetTemp--2147478764]:i2c write failed
[2026-05-10 00:32:53.158] 4674,76,98,0.0
[2026-05-10 00:32:53.476] [GetTemp--2147478764]:i2c write failed
[2026-05-10 00:32:53.478] 4675,76,98,0.0
[2026-05-10 00:32:53.540] HR=86 SpO2=98 (raw:85/98 valid:1/1 sqi:1)
[2026-05-10 00:32:53.556] [GetTemp--2147478764]:i2c write failed
[2026-05-10 00:32:53.556] 4676,76,98,0.0
[2026-05-10 00:32:53.666] [GetTemp--2147478764]:i2c write failed
[2026-05-10 00:32:53.667] 4677,76,98,0.0
[2026-05-10 00:32:53.777] [GetTemp--2147478764]:i2c write failed
[2026-05-10 00:32:53.777] 4678,76,98,0.0
[2026-05-10 00:32:53.863] [GetTemp--2147478764]:i2c write failed
[2026-05-10 00:32:53.866] 4679,76,98,0.0
[2026-05-10 00:32:54.182] [GetTemp--2147478764]:i2c write failed
[2026-05-10 00:32:54.182] 4680,76,98,0.0
[2026-05-10 00:32:54.278] [GetTemp--2147478764]:i2c write failed
[2026-05-10 00:32:54.278] 4681,76,98,0.0
[2026-05-10 00:32:54.374] [GetTemp--2147478764]:i2c write failed
[2026-05-10 00:32:54.376] 4682,76,98,0.0
[2026-05-10 00:32:54.486] [GetTemp--2147478764]:i2c write failed
[2026-05-10 00:32:54.486] 4683,76,98,0.0
[2026-05-10 00:32:54.565] HR=86 SpO2=98 (raw:84/98 valid:1/1 sqi:1)
[2026-05-10 00:32:54.572] [GetTemp--2147478764]:i2c write failed
[2026-05-10 00:32:54.572] 4684,76,98,0.0
[2026-05-10 00:32:54.895] [GetTemp--2147478764]:i2c write failed
[2026-05-10 00:32:54.897] 4685,76,98,0.0
[2026-05-10 00:32:54.983] [GetTemp--2147478764]:i2c write failed
[2026-05-10 00:32:54.985] 4686,76,98,0.0
[2026-05-10 00:32:55.094] [GetTemp--2147478764]:i2c write failed
[2026-05-10 00:32:55.096] 4687,76,98,0.0
[2026-05-10 00:32:55.190] [GetTemp--2147478764]:i2c write failed
[2026-05-10 00:32:55.192] 4688,76,98,0.0
[2026-05-10 00:32:55.286] [GetTemp--2147478764]:i2c write failed
[2026-05-10 00:32:55.286] 4689,76,98,0.0
[2026-05-10 00:32:55.604] [GetTemp--2147478764]:i2c write failed
[2026-05-10 00:32:55.604] 4690,76,98,0.0
[2026-05-10 00:32:55.699] [GetTemp--2147478764]:i2c write failed
[2026-05-10 00:32:55.700] 4691,76,98,0.0
[2026-05-10 00:32:55.793] [GetTemp--2147478764]:i2c write failed
[2026-05-10 00:32:55.797] 4692,76,98,0.0
[2026-05-10 00:32:55.815] HR=85 SpO2=98 (raw:85/98 valid:1/1 sqi:1)
[2026-05-10 00:32:55.902] [GetTemp--2147478764]:i2c write failed
[2026-05-10 00:32:55.904] 4693,75,98,0.0
[2026-05-10 00:32:56.006] [GetTemp--2147478764]:i2c write failed
[2026-05-10 00:32:56.006] 4694,75,98,0.0
[2026-05-10 00:32:56.309] [GetTemp--2147478764]:i2c write failed
[2026-05-10 00:32:56.309] 4695,75,98,0.0
[2026-05-10 00:32:56.405] [GetTemp--2147478764]:i2c write failed
[2026-05-10 00:32:56.406] 4696,75,98,0.0
[2026-05-10 00:32:56.517] [GetTemp--2147478764]:i2c write failed
[2026-05-10 00:32:56.517] 4697,75,98,0.0
[2026-05-10 00:32:56.612] [GetTemp--2147478764]:i2c write failed
[2026-05-10 00:32:56.612] 4698,75,98,0.0
[2026-05-10 00:32:56.708] [GetTemp--2147478764]:i2c write failed
[2026-05-10 00:32:56.709] 4699,75,98,0.0
[2026-05-10 00:32:56.944] HR=85 SpO2=98 (raw:88/97 valid:1/1 sqi:1)
[2026-05-10 00:32:57.023] [GetTemp--2147478764]:i2c write failed
[2026-05-10 00:32:57.024] 4700,75,98,0.0
[2026-05-10 00:32:57.126] [GetTemp--2147478764]:i2c write failed
[2026-05-10 00:32:57.126] 4701,75,98,0.0
[2026-05-10 00:32:57.221] [GetTemp--2147478764]:i2c write failed
[2026-05-10 00:32:57.221] 4702,75,98,0.0
[2026-05-10 00:32:57.316] [GetTemp--2147478764]:i2c write failed
[2026-05-10 00:32:57.316] 4703,75,98,0.0
[2026-05-10 00:32:57.428] [GetTemp--2147478764]:i2c write failed
[2026-05-10 00:32:57.430] 4704,75,98,0.0
[2026-05-10 00:32:57.729] [GetTemp--2147478764]:i2c write failed
[2026-05-10 00:32:57.730] 4705,75,98,0.0
[2026-05-10 00:32:57.836] [GetTemp--2147478764]:i2c write failed
[2026-05-10 00:32:57.836] 4706,75,98,0.0
[2026-05-10 00:32:57.931] [GetTemp--2147478764]:i2c write failed
[2026-05-10 00:32:57.932] 4707,75,98,0.0
[2026-05-10 00:32:57.949] HR=85 SpO2=98 (raw:88/97 valid:1/1 sqi:1)
[2026-05-10 00:32:58.037] [GetTemp--2147478764]:i2c write failed
[2026-05-10 00:32:58.037] 4708,75,98,0.0
[2026-05-10 00:32:58.133] [GetTemp--2147478764]:i2c write failed
[2026-05-10 00:32:58.133] 4709,75,98,0.0
[2026-05-10 00:32:58.436] [GetTemp--2147478764]:i2c write failed
[2026-05-10 00:32:58.436] 4710,75,98,0.0
[2026-05-10 00:32:58.547] [GetTemp--2147478764]:i2c write failed
[2026-05-10 00:32:58.547] 4711,75,98,0.0
[2026-05-10 00:32:58.642] [GetTemp--2147478764]:i2c write failed
[2026-05-10 00:32:58.642] 4712,75,98,0.0
[2026-05-10 00:32:58.736] [GetTemp--2147478764]:i2c write failed
[2026-05-10 00:32:58.737] 4713,75,98,0.0
[2026-05-10 00:32:58.847] [GetTemp--2147478764]:i2c write failed
[2026-05-10 00:32:58.848] 4714,75,98,0.0
[2026-05-10 00:32:59.075] HR=88 SpO2=97 (raw:88/97 valid:1/1 sqi:1)
[2026-05-10 00:32:59.155] [GetTemp--2147478764]:i2c write failed
[2026-05-10 00:32:59.155] 4715,78,97,0.0
[2026-05-10 00:32:59.251] [GetTemp--2147478764]:i2c write failed
[2026-05-10 00:32:59.251] 4716,78,97,0.0
[2026-05-10 00:32:59.347] [GetTemp--2147478764]:i2c write failed
[2026-05-10 00:32:59.347] 4717,78,97,0.0
[2026-05-10 00:32:59.458] [GetTemp--2147478764]:i2c write failed
[2026-05-10 00:32:59.458] 4718,78,97,0.0
[2026-05-10 00:32:59.553] [GetTemp--2147478764]:i2c write failed
[2026-05-10 00:32:59.553] 4719,78,97,0.0
[2026-05-10 00:32:59.852] [GetTemp--2147478764]:i2c write failed
[2026-05-10 00:32:59.856] 4720,78,97,0.0
[2026-05-10 00:32:59.962] [GetTemp--2147478764]:i2c write failed
[2026-05-10 00:32:59.963] 4721,78,97,0.0
[2026-05-10 00:33:00.065] [GetTemp--2147478764]:i2c write failed
[2026-05-10 00:33:00.065] 4722,78,97,0.0
[2026-05-10 00:33:00.161] [GetTemp--2147478764]:i2c write failed
[2026-05-10 00:33:00.162] 4723,78,97,0.0
[2026-05-10 00:33:00.256] HR=88 SpO2=97 (raw:89/97 valid:1/1 sqi:1)
[2026-05-10 00:33:00.256] [GetTemp--2147478764]:i2c write failed
[2026-05-10 00:33:00.256] 4724,78,97,0.0
[2026-05-10 00:33:00.576] [GetTemp--2147478764]:i2c write failed
[2026-05-10 00:33:00.576] 4725,78,97,0.0
[2026-05-10 00:33:00.671] [GetTemp--2147478764]:i2c write failed
[2026-05-10 00:33:00.671] 4726,78,97,0.0
[2026-05-10 00:33:00.765] [GetTemp--2147478764]:i2c write failed
[2026-05-10 00:33:00.767] 4727,78,97,0.0
[2026-05-10 00:33:00.874] [GetTemp--2147478764]:i2c write failed
[2026-05-10 00:33:00.875] 4728,78,97,0.0
[2026-05-10 00:33:00.969] [GetTemp--2147478764]:i2c write failed
[2026-05-10 00:33:00.969] 4729,78,97,0.0
[2026-05-10 00:33:01.280] [GetTemp--2147478764]:i2c write failed
[2026-05-10 00:33:01.280] 4730,78,97,0.0
[2026-05-10 00:33:01.344] HR=88 SpO2=97 (raw:89/97 valid:1/1 sqi:1)
[2026-05-10 00:33:01.360] [GetTemp--2147478764]:i2c write failed
[2026-05-10 00:33:01.376] 4731,78,97,0.0
[2026-05-10 00:33:01.487] [GetTemp--2147478764]:i2c write failed
[2026-05-10 00:33:01.487] 4732,78,97,0.0
[2026-05-10 00:33:01.582] [GetTemp--2147478764]:i2c write failed
[2026-05-10 00:33:01.582] 4733,78,97,0.0
[2026-05-10 00:33:01.677] [GetTemp--2147478764]:i2c write failed
[2026-05-10 00:33:01.679] 4734,78,97,0.0
[2026-05-10 00:33:01.983] [GetTemp--2147478764]:i2c write failed
[2026-05-10 00:33:01.984] 4735,78,97,0.0
[2026-05-10 00:33:02.095] [GetTemp--2147478764]:i2c write failed
[2026-05-10 00:33:02.095] 4736,78,97,0.0
[2026-05-10 00:33:02.189] [GetTemp--2147478764]:i2c write failed
[2026-05-10 00:33:02.189] 4737,78,97,0.0
[2026-05-10 00:33:02.285] [GetTemp--2147478764]:i2c write failed
[2026-05-10 00:33:02.285] 4738,78,97,0.0
[2026-05-10 00:33:02.380] HR=89 SpO2=97 (raw:90/98 valid:1/1 sqi:1)
[2026-05-10 00:33:02.383] [GetTemp--2147478764]:i2c write failed
[2026-05-10 00:33:02.385] 4739,79,97,0.0
[2026-05-10 00:33:02.700] [GetTemp--2147478764]:i2c write failed
[2026-05-10 00:33:02.700] 4740,79,97,0.0
[2026-05-10 00:33:02.793] [GetTemp--2147478764]:i2c write failed
[2026-05-10 00:33:02.796] 4741,79,97,0.0
[2026-05-10 00:33:02.903] [GetTemp--2147478764]:i2c write failed
[2026-05-10 00:33:02.904] 4742,79,97,0.0
[2026-05-10 00:33:02.996] [GetTemp--2147478764]:i2c write failed
[2026-05-10 00:33:02.999] 4743,79,97,0.0
[2026-05-10 00:33:03.108] [GetTemp--2147478764]:i2c write failed
[2026-05-10 00:33:03.108] 4744,79,97,0.0
[2026-05-10 00:33:03.347] HR=89 SpO2=97 (raw:93/98 valid:1/1 sqi:1)
[2026-05-10 00:33:03.410] [GetTemp--2147478764]:i2c write failed
[2026-05-10 00:33:03.410] 4745,79,97,0.0
[2026-05-10 00:33:03.506] [GetTemp--2147478764]:i2c write failed
[2026-05-10 00:33:03.506] 4746,79,97,0.0
[2026-05-10 00:33:03.617] [GetTemp--2147478764]:i2c write failed
[2026-05-10 00:33:03.617] 4747,79,97,0.0
[2026-05-10 00:33:03.712] [GetTemp--2147478764]:i2c write failed
[2026-05-10 00:33:03.713] 4748,79,97,0.0
[2026-05-10 00:33:03.805] [GetTemp--2147478764]:i2c write failed
[2026-05-10 00:33:03.805] 4749,79,97,0.0
[2026-05-10 00:33:04.128] [GetTemp--2147478764]:i2c write failed
[2026-05-10 00:33:04.128] 4750,79,97,0.0
[2026-05-10 00:33:04.224] [GetTemp--2147478764]:i2c write failed
[2026-05-10 00:33:04.224] 4751,79,97,0.0
[2026-05-10 00:33:04.321] [GetTemp--2147478764]:i2c write failed
[2026-05-10 00:33:04.322] 4752,79,97,0.0
[2026-05-10 00:33:04.416] [GetTemp--2147478764]:i2c write failed
[2026-05-10 00:33:04.416] 4753,79,97,0.0
[2026-05-10 00:33:04.528] [GetTemp--2147478764]:i2c write failed
[2026-05-10 00:33:04.528] 4754,79,97,0.0
[2026-05-10 00:33:04.751] HR=89 SpO2=97 (raw:88/97 valid:1/1 sqi:1)
[2026-05-10 00:33:04.829] [GetTemp--2147478764]:i2c write failed
[2026-05-10 00:33:04.829] 4755,79,97,0.0
[2026-05-10 00:33:04.937] [GetTemp--2147478764]:i2c write failed
[2026-05-10 00:33:04.938] 4756,79,97,0.0
[2026-05-10 00:33:05.036] [GetTemp--2147478764]:i2c write failed
[2026-05-10 00:33:05.036] 4757,79,97,0.0
[2026-05-10 00:33:05.130] [GetTemp--2147478764]:i2c write failed
[2026-05-10 00:33:05.130] 4758,79,97,0.0
[2026-05-10 00:33:05.226] [GetTemp--2147478764]:i2c write failed
[2026-05-10 00:33:05.228] 4759,79,97,0.0
[2026-05-10 00:33:05.544] [GetTemp--2147478764]:i2c write failed
[2026-05-10 00:33:05.544] 4760,79,97,0.0
[2026-05-10 00:33:05.640] [GetTemp--2147478764]:i2c write failed
[2026-05-10 00:33:05.640] 4761,79,97,0.0
[2026-05-10 00:33:05.735] [GetTemp--2147478764]:i2c write failed
[2026-05-10 00:33:05.735] 4762,79,97,0.0
[2026-05-10 00:33:05.757] HR=89 SpO2=98 (raw:89/98 valid:1/1 sqi:1)
[2026-05-10 00:33:05.846] [GetTemp--2147478764]:i2c write failed
[2026-05-10 00:33:05.847] 4763,79,98,0.0
[2026-05-10 00:33:05.939] [GetTemp--2147478764]:i2c write failed
[2026-05-10 00:33:05.941] 4764,79,98,0.0
[2026-05-10 00:33:06.246] [GetTemp--2147478764]:i2c write failed
[2026-05-10 00:33:06.246] 4765,79,98,0.0
[2026-05-10 00:33:06.357] [GetTemp--2147478764]:i2c write failed
[2026-05-10 00:33:06.357] 4766,79,98,0.0
[2026-05-10 00:33:06.453] [GetTemp--2147478764]:i2c write failed
[2026-05-10 00:33:06.453] 4767,79,98,0.0
[2026-05-10 00:33:06.548] [GetTemp--2147478764]:i2c write failed
[2026-05-10 00:33:06.548] 4768,79,98,0.0
[2026-05-10 00:33:06.644] [GetTemp--2147478764]:i2c write failed
[2026-05-10 00:33:06.644] 4769,79,98,0.0
[2026-05-10 00:33:06.881] HR=89 SpO2=98 (raw:89/98 valid:1/1 sqi:1)
[2026-05-10 00:33:06.959] [GetTemp--2147478764]:i2c write failed
[2026-05-10 00:33:06.959] 4770,79,98,0.0
[2026-05-10 00:33:07.075] [GetTemp--2147478764]:i2c write failed
[2026-05-10 00:33:07.077] 4771,79,98,0.0
[2026-05-10 00:33:07.157] [GetTemp--2147478764]:i2c write failed
[2026-05-10 00:33:07.157] 4772,79,98,0.0
[2026-05-10 00:33:07.267] [GetTemp--2147478764]:i2c write failed
[2026-05-10 00:33:07.268] 4773,79,98,0.0
[2026-05-10 00:33:07.363] [GetTemp--2147478764]:i2c write failed
[2026-05-10 00:33:07.363] 4774,79,98,0.0
[2026-05-10 00:33:07.664] [GetTemp--2147478764]:i2c write failed
[2026-05-10 00:33:07.667] 4775,79,98,0.0
[2026-05-10 00:33:07.773] [GetTemp--2147478764]:i2c write failed
[2026-05-10 00:33:07.774] 4776,79,98,0.0
[2026-05-10 00:33:07.867] [GetTemp--2147478764]:i2c write failed
[2026-05-10 00:33:07.867] 4777,79,98,0.0
[2026-05-10 00:33:07.891] HR=89 SpO2=98 (raw:89/98 valid:1/1 sqi:1)
[2026-05-10 00:33:07.976] [GetTemp--2147478764]:i2c write failed
[2026-05-10 00:33:07.978] 4778,79,98,0.0
[2026-05-10 00:33:08.064] [GetTemp--2147478764]:i2c write failed
[2026-05-10 00:33:08.064] 4779,79,98,0.0
[2026-05-10 00:33:08.383] [GetTemp--2147478764]:i2c write failed
[2026-05-10 00:33:08.383] 4780,79,98,0.0
[2026-05-10 00:33:08.478] [GetTemp--2147478764]:i2c write failed
[2026-05-10 00:33:08.481] 4781,79,98,0.0
[2026-05-10 00:33:08.574] [GetTemp--2147478764]:i2c write failed
[2026-05-10 00:33:08.576] 4782,79,98,0.0
[2026-05-10 00:33:08.686] [GetTemp--2147478764]:i2c write failed
[2026-05-10 00:33:08.687] 4783,79,98,0.0
[2026-05-10 00:33:08.780] [GetTemp--2147478764]:i2c write failed
[2026-05-10 00:33:08.780] 4784,79,98,0.0
[2026-05-10 00:33:09.085] [GetTemp--2147478764]:i2c write failed
[2026-05-10 00:33:09.085] 4785,79,98,0.0
[2026-05-10 00:33:09.165] HR=89 SpO2=98 (raw:85/98 valid:1/1 sqi:1)
[2026-05-10 00:33:09.181] [GetTemp--2147478764]:i2c write failed
[2026-05-10 00:33:09.181] 4786,79,98,0.0
[2026-05-10 00:33:09.292] [GetTemp--2147478764]:i2c write failed
[2026-05-10 00:33:09.292] 4787,79,98,0.0
[2026-05-10 00:33:09.387] [GetTemp--2147478764]:i2c write failed
[2026-05-10 00:33:09.387] 4788,79,98,0.0
[2026-05-10 00:33:09.498] [GetTemp--2147478764]:i2c write failed
[2026-05-10 00:33:09.498] 4789,79,98,0.0
[2026-05-10 00:33:09.800] [GetTemp--2147478764]:i2c write failed
[2026-05-10 00:33:09.801] 4790,79,98,0.0
[2026-05-10 00:33:09.895] [GetTemp--2147478764]:i2c write failed
[2026-05-10 00:33:09.897] 4791,79,98,0.0
[2026-05-10 00:33:10.005] [GetTemp--2147478764]:i2c write failed
[2026-05-10 00:33:10.007] 4792,79,98,0.0
[2026-05-10 00:33:10.108] [GetTemp--2147478764]:i2c write failed
[2026-05-10 00:33:10.109] 4793,79,98,0.0
[2026-05-10 00:33:10.188] HR=89 SpO2=98 (raw:85/98 valid:1/1 sqi:1)
[2026-05-10 00:33:10.204] [GetTemp--2147478764]:i2c write failed
[2026-05-10 00:33:10.204] 4794,79,98,0.0
[2026-05-10 00:33:10.506] [GetTemp--2147478764]:i2c write failed
[2026-05-10 00:33:10.506] 4795,79,98,0.0
[2026-05-10 00:33:10.617] [GetTemp--2147478764]:i2c write failed
[2026-05-10 00:33:10.617] 4796,79,98,0.0
[2026-05-10 00:33:10.711] [GetTemp--2147478764]:i2c write failed
[2026-05-10 00:33:10.712] 4797,79,98,0.0
[2026-05-10 00:33:10.803] [GetTemp--2147478764]:i2c write failed
[2026-05-10 00:33:10.805] 4798,79,98,0.0
[2026-05-10 00:33:10.913] [GetTemp--2147478764]:i2c write failed
[2026-05-10 00:33:10.914] 4799,79,98,0.0
[2026-05-10 00:33:11.226] [GetTemp--2147478764]:i2c write failed
[2026-05-10 00:33:11.228] 4800,79,98,0.0
[2026-05-10 00:33:11.291] HR=85 SpO2=98 (raw:84/97 valid:1/1 sqi:1)
[2026-05-10 00:33:11.307] [GetTemp--2147478764]:i2c write failed
[2026-05-10 00:33:11.307] 4801,75,98,0.0
[2026-05-10 00:33:11.419] [GetTemp--2147478764]:i2c write failed
[2026-05-10 00:33:11.419] 4802,75,98,0.0
[2026-05-10 00:33:11.514] [GetTemp--2147478764]:i2c write failed
[2026-05-10 00:33:11.514] 4803,75,98,0.0
[2026-05-10 00:33:11.628] [GetTemp--2147478764]:i2c write failed
[2026-05-10 00:33:11.628] 4804,75,98,0.0
[2026-05-10 00:33:11.927] [GetTemp--2147478764]:i2c write failed
[2026-05-10 00:33:11.928] 4805,75,98,0.0
[2026-05-10 00:33:12.027] [GetTemp--2147478764]:i2c write failed
[2026-05-10 00:33:12.028] 4806,75,98,0.0
[2026-05-10 00:33:12.123] [GetTemp--2147478764]:i2c write failed
[2026-05-10 00:33:12.140] 4807,75,98,0.0
[2026-05-10 00:33:12.235] [GetTemp--2147478764]:i2c write failed
[2026-05-10 00:33:12.236] 4808,75,98,0.0
[2026-05-10 00:33:12.315] HR=85 SpO2=98 (raw:95/97 valid:1/1 sqi:1)
[2026-05-10 00:33:12.331] [GetTemp--2147478764]:i2c write failed
[2026-05-10 00:33:12.331] 4809,75,98,0.0
[2026-05-10 00:33:12.648] [GetTemp--2147478764]:i2c write failed
[2026-05-10 00:33:12.650] 4810,75,98,0.0
[2026-05-10 00:33:12.743] [GetTemp--2147478764]:i2c write failed
[2026-05-10 00:33:12.745] 4811,75,98,0.0
[2026-05-10 00:33:12.837] [GetTemp--2147478764]:i2c write failed
[2026-05-10 00:33:12.837] 4812,75,98,0.0
[2026-05-10 00:33:12.947] [GetTemp--2147478764]:i2c write failed
[2026-05-10 00:33:12.949] 4813,75,98,0.0
[2026-05-10 00:33:13.048] [GetTemp--2147478764]:i2c write failed
[2026-05-10 00:33:13.048] 4814,75,98,0.0
[2026-05-10 00:33:13.349] [GetTemp--2147478764]:i2c write failed
[2026-05-10 00:33:13.351] 4815,75,98,0.0
[2026-05-10 00:33:13.445] [GetTemp--2147478764]:i2c write failed
[2026-05-10 00:33:13.446] 4816,75,98,0.0
[2026-05-10 00:33:13.556] [GetTemp--2147478764]:i2c write failed
[2026-05-10 00:33:13.557] 4817,75,98,0.0
[2026-05-10 00:33:13.572] HR=85 SpO2=97 (raw:103/97 valid:1/1 sqi:1)
[2026-05-10 00:33:13.651] [GetTemp--2147478764]:i2c write failed
[2026-05-10 00:33:13.652] 4818,75,97,0.0
[2026-05-10 00:33:13.744] [GetTemp--2147478764]:i2c write failed
[2026-05-10 00:33:13.759] 4819,75,97,0.0
[2026-05-10 00:33:14.068] [GetTemp--2147478764]:i2c write failed
[2026-05-10 00:33:14.069] 4820,75,97,0.0
[2026-05-10 00:33:14.163] [GetTemp--2147478764]:i2c write failed
[2026-05-10 00:33:14.163] 4821,75,97,0.0
[2026-05-10 00:33:14.259] [GetTemp--2147478764]:i2c write failed
[2026-05-10 00:33:14.259] 4822,75,97,0.0
[2026-05-10 00:33:14.354] [GetTemp--2147478764]:i2c write failed
[2026-05-10 00:33:14.357] 4823,75,97,0.0
[2026-05-10 00:33:14.465] [GetTemp--2147478764]:i2c write failed
[2026-05-10 00:33:14.467] 4824,75,97,0.0
[2026-05-10 00:33:14.688] HR=95 SpO2=97 (raw:103/97 valid:1/1 sqi:1)
[2026-05-10 00:33:14.766] [GetTemp--2147478764]:i2c write failed
[2026-05-10 00:33:14.766] 4825,85,97,0.0
[2026-05-10 00:33:14.874] [GetTemp--2147478764]:i2c write failed
[2026-05-10 00:33:14.875] 4826,85,97,0.0
[2026-05-10 00:33:14.969] [GetTemp--2147478764]:i2c write failed
[2026-05-10 00:33:14.970] 4827,85,97,0.0
[2026-05-10 00:33:15.072] [GetTemp--2147478764]:i2c write failed
[2026-05-10 00:33:15.072] 4828,85,97,0.0
[2026-05-10 00:33:15.168] [GetTemp--2147478764]:i2c write failed
[2026-05-10 00:33:15.168] 4829,85,97,0.0
[2026-05-10 00:33:15.486] [GetTemp--2147478764]:i2c write failed
[2026-05-10 00:33:15.486] 4830,85,97,0.0
[2026-05-10 00:33:15.582] [GetTemp--2147478764]:i2c write failed
[2026-05-10 00:33:15.583] 4831,85,97,0.0
[2026-05-10 00:33:15.676] [GetTemp--2147478764]:i2c write failed
[2026-05-10 00:33:15.679] 4832,85,97,0.0
[2026-05-10 00:33:15.700] HR=100 SpO2=97 (raw:103/98 valid:1/1 sqi:1)
[2026-05-10 00:33:15.787] [GetTemp--2147478764]:i2c write failed
[2026-05-10 00:33:15.787] 4833,90,97,0.0
[2026-05-10 00:33:15.880] [GetTemp--2147478764]:i2c write failed
[2026-05-10 00:33:15.882] 4834,90,97,0.0
[2026-05-10 00:33:16.189] [GetTemp--2147478764]:i2c write failed
[2026-05-10 00:33:16.189] 4835,90,97,0.0
[2026-05-10 00:33:16.285] [GetTemp--2147478764]:i2c write failed
[2026-05-10 00:33:16.287] 4836,90,97,0.0
[2026-05-10 00:33:16.397] [GetTemp--2147478764]:i2c write failed
[2026-05-10 00:33:16.399] 4837,90,97,0.0
[2026-05-10 00:33:16.492] [GetTemp--2147478764]:i2c write failed
[2026-05-10 00:33:16.492] 4838,90,97,0.0
[2026-05-10 00:33:16.587] [GetTemp--2147478764]:i2c write failed
[2026-05-10 00:33:16.589] 4839,90,97,0.0
[2026-05-10 00:33:16.820] HR=100 SpO2=97 (raw:103/98 valid:1/1 sqi:1)
[2026-05-10 00:33:16.899] [GetTemp--2147478764]:i2c write failed
[2026-05-10 00:33:16.900] 4840,90,97,0.0
[2026-05-10 00:33:17.002] [GetTemp--2147478764]:i2c write failed
[2026-05-10 00:33:17.002] 4841,90,97,0.0
[2026-05-10 00:33:17.098] [GetTemp--2147478764]:i2c write failed
[2026-05-10 00:33:17.100] 4842,90,97,0.0
[2026-05-10 00:33:17.194] [GetTemp--2147478764]:i2c write failed
[2026-05-10 00:33:17.194] 4843,90,97,0.0
[2026-05-10 00:33:17.306] [GetTemp--2147478764]:i2c write failed
[2026-05-10 00:33:17.306] 4844,90,97,0.0
[2026-05-10 00:33:17.608] [GetTemp--2147478764]:i2c write failed
[2026-05-10 00:33:17.608] 4845,90,97,0.0
[2026-05-10 00:33:17.718] [GetTemp--2147478764]:i2c write failed
[2026-05-10 00:33:17.719] 4846,90,97,0.0
[2026-05-10 00:33:17.812] [GetTemp--2147478764]:i2c write failed
[2026-05-10 00:33:17.812] 4847,90,97,0.0
[2026-05-10 00:33:17.905] [GetTemp--2147478764]:i2c write failed
[2026-05-10 00:33:17.907] 4848,90,97,0.0
[2026-05-10 00:33:18.008] HR=100 SpO2=98 (raw:98/98 valid:1/1 sqi:1)
[2026-05-10 00:33:18.008] [GetTemp--2147478764]:i2c write failed
[2026-05-10 00:33:18.008] 4849,90,98,0.0
[2026-05-10 00:33:18.327] [GetTemp--2147478764]:i2c write failed
[2026-05-10 00:33:18.328] 4850,90,98,0.0
[2026-05-10 00:33:18.422] [GetTemp--2147478764]:i2c write failed
[2026-05-10 00:33:18.422] 4851,90,98,0.0
[2026-05-10 00:33:18.518] [GetTemp--2147478764]:i2c write failed
[2026-05-10 00:33:18.521] 4852,90,98,0.0
[2026-05-10 00:33:18.629] [GetTemp--2147478764]:i2c write failed
[2026-05-10 00:33:18.629] 4853,90,98,0.0
[2026-05-10 00:33:18.723] [GetTemp--2147478764]:i2c write failed
[2026-05-10 00:33:18.724] 4854,90,98,0.0
[2026-05-10 00:33:19.029] [GetTemp--2147478764]:i2c write failed
[2026-05-10 00:33:19.029] 4855,90,98,0.0
[2026-05-10 00:33:19.110] HR=100 SpO2=98 (raw:88/98 valid:1/1 sqi:1)
[2026-05-10 00:33:19.125] [GetTemp--2147478764]:i2c write failed
[2026-05-10 00:33:19.125] 4856,90,98,0.0
[2026-05-10 00:33:19.237] [GetTemp--2147478764]:i2c write failed
[2026-05-10 00:33:19.237] 4857,90,98,0.0
[2026-05-10 00:33:19.333] [GetTemp--2147478764]:i2c write failed
[2026-05-10 00:33:19.333] 4858,90,98,0.0
[2026-05-10 00:33:19.428] [GetTemp--2147478764]:i2c write failed
[2026-05-10 00:33:19.428] 4859,90,98,0.0
[2026-05-10 00:33:19.742] [GetTemp--2147478764]:i2c write failed
[2026-05-10 00:33:19.742] 4860,90,98,0.0
[2026-05-10 00:33:19.837] [GetTemp--2147478764]:i2c write failed
[2026-05-10 00:33:19.837] 4861,90,98,0.0
[2026-05-10 00:33:19.939] [GetTemp--2147478764]:i2c write failed
[2026-05-10 00:33:19.940] 4862,90,98,0.0
[2026-05-10 00:33:20.034] [GetTemp--2147478764]:i2c write failed
[2026-05-10 00:33:20.037] 4863,90,98,0.0
[2026-05-10 00:33:20.130] HR=98 SpO2=98 (raw:88/98 valid:1/1 sqi:1)
[2026-05-10 00:33:20.130] [GetTemp--2147478764]:i2c write failed
[2026-05-10 00:33:20.134] 4864,88,98,0.0
[2026-05-10 00:33:20.449] [GetTemp--2147478764]:i2c write failed
[2026-05-10 00:33:20.449] 4865,88,98,0.0
[2026-05-10 00:33:20.545] [GetTemp--2147478764]:i2c write failed
[2026-05-10 00:33:20.547] 4866,88,98,0.0
[2026-05-10 00:33:20.657] [GetTemp--2147478764]:i2c write failed
[2026-05-10 00:33:20.659] 4867,88,98,0.0
[2026-05-10 00:33:20.750] [GetTemp--2147478764]:i2c write failed
[2026-05-10 00:33:20.751] 4868,88,98,0.0
[2026-05-10 00:33:20.844] [GetTemp--2147478764]:i2c write failed
[2026-05-10 00:33:20.847] 4869,88,98,0.0
[2026-05-10 00:33:21.158] [GetTemp--2147478764]:i2c write failed
[2026-05-10 00:33:21.158] 4870,88,98,0.0
[2026-05-10 00:33:21.222] HR=88 SpO2=98 (raw:83/97 valid:1/1 sqi:1)
[2026-05-10 00:33:21.253] [GetTemp--2147478764]:i2c write failed
[2026-05-10 00:33:21.254] 4871,78,98,0.0
[2026-05-10 00:33:21.365] [GetTemp--2147478764]:i2c write failed
[2026-05-10 00:33:21.365] 4872,78,98,0.0
[2026-05-10 00:33:21.461] [GetTemp--2147478764]:i2c write failed
[2026-05-10 00:33:21.461] 4873,78,98,0.0
[2026-05-10 00:33:21.557] [GetTemp--2147478764]:i2c write failed
[2026-05-10 00:33:21.557] 4874,78,98,0.0
[2026-05-10 00:33:21.872] [GetTemp--2147478764]:i2c write failed
[2026-05-10 00:33:21.872] 4875,78,98,0.0
[2026-05-10 00:33:21.966] [GetTemp--2147478764]:i2c write failed
[2026-05-10 00:33:21.967] 4876,78,98,0.0
[2026-05-10 00:33:22.069] [GetTemp--2147478764]:i2c write failed
[2026-05-10 00:33:22.069] 4877,78,98,0.0
[2026-05-10 00:33:22.164] [GetTemp--2147478764]:i2c write failed
[2026-05-10 00:33:22.164] 4878,78,98,0.0
[2026-05-10 00:33:22.275] [GetTemp--2147478764]:i2c write failed
[2026-05-10 00:33:22.275] 4879,78,98,0.0
[2026-05-10 00:33:22.499] HR=88 SpO2=98 (raw:96/98 valid:1/1 sqi:1)
[2026-05-10 00:33:22.579] [GetTemp--2147478764]:i2c write failed
[2026-05-10 00:33:22.579] 4880,78,98,0.0
[2026-05-10 00:33:22.687] [GetTemp--2147478764]:i2c write failed
[2026-05-10 00:33:22.687] 4881,78,98,0.0
[2026-05-10 00:33:22.783] [GetTemp--2147478764]:i2c write failed
[2026-05-10 00:33:22.783] 4882,78,98,0.0
[2026-05-10 00:33:22.877] [GetTemp--2147478764]:i2c write failed
[2026-05-10 00:33:22.878] 4883,78,98,0.0
[2026-05-10 00:33:22.916] ReadLicenseData(), failed to get licdata string
[2026-05-10 00:33:22.916] VerifyLicense(), cannot read license data files
[2026-05-10 00:33:22.922] license_task_main() verify license invalid, reboot after 50 mins
[2026-05-10 00:33:22.980] [GetTemp--2147478764]:i2c write failed
[2026-05-10 00:33:22.980] 4884,78,98,0.0
[2026-05-10 00:33:23.283] [GetTemp--2147478764]:i2c write failed
[2026-05-10 00:33:23.283] 4885,78,98,0.0
[2026-05-10 00:33:23.395] [GetTemp--2147478764]:i2c write failed
[2026-05-10 00:33:23.395] 4886,78,98,0.0
[2026-05-10 00:33:23.490] [GetTemp--2147478764]:i2c write failed
[2026-05-10 00:33:23.490] 4887,78,98,0.0
[2026-05-10 00:33:23.506] HR=88 SpO2=98 (raw:92/99 valid:1/1 sqi:1)
[2026-05-10 00:33:23.585] [GetTemp--2147478764]:i2c write failed
[2026-05-10 00:33:23.586] 4888,78,98,0.0
[2026-05-10 00:33:23.695] [GetTemp--2147478764]:i2c write failed
[2026-05-10 00:33:23.695] 4889,78,98,0.0
[2026-05-10 00:33:24.002] [GetTemp--2147478764]:i2c write failed
[2026-05-10 00:33:24.002] 4890,78,98,0.0
[2026-05-10 00:33:24.098] [GetTemp--2147478764]:i2c write failed
[2026-05-10 00:33:24.098] 4891,78,98,0.0
[2026-05-10 00:33:24.194] [GetTemp--2147478764]:i2c write failed
[2026-05-10 00:33:24.194] 4892,78,98,0.0
[2026-05-10 00:33:24.305] [GetTemp--2147478764]:i2c write failed
[2026-05-10 00:33:24.305] 4893,78,98,0.0
[2026-05-10 00:33:24.401] [GetTemp--2147478764]:i2c write failed
[2026-05-10 00:33:24.401] 4894,78,98,0.0
[2026-05-10 00:33:24.638] HR=92 SpO2=98 (raw:92/98 valid:1/1 sqi:1)
[2026-05-10 00:33:24.716] [GetTemp--2147478764]:i2c write failed
[2026-05-10 00:33:24.717] 4895,82,98,0.0
[2026-05-10 00:33:24.811] [GetTemp--2147478764]:i2c write failed
[2026-05-10 00:33:24.811] 4896,82,98,0.0
[2026-05-10 00:33:24.907] [GetTemp--2147478764]:i2c write failed
[2026-05-10 00:33:24.908] 4897,82,98,0.0
[2026-05-10 00:33:25.018] [GetTemp--2147478764]:i2c write failed
[2026-05-10 00:33:25.018] 4898,82,98,0.0
[2026-05-10 00:33:25.114] [GetTemp--2147478764]:i2c write failed
[2026-05-10 00:33:25.114] 4899,82,98,0.0
[2026-05-10 00:33:25.417] [GetTemp--2147478764]:i2c write failed
[2026-05-10 00:33:25.417] 4900,82,98,0.0
[2026-05-10 00:33:25.528] [GetTemp--2147478764]:i2c write failed
[2026-05-10 00:33:25.528] 4901,82,98,0.0
[2026-05-10 00:33:25.624] [GetTemp--2147478764]:i2c write failed
[2026-05-10 00:33:25.625] 4902,82,98,0.0
[2026-05-10 00:33:25.642] HR=92 SpO2=98 (raw:95/98 valid:1/1 sqi:1)
[2026-05-10 00:33:25.720] [GetTemp--2147478764]:i2c write failed
[2026-05-10 00:33:25.721] 4903,82,98,0.0
[2026-05-10 00:33:25.814] [GetTemp--2147478764]:i2c write failed
[2026-05-10 00:33:25.816] 4904,82,98,0.0
[2026-05-10 00:33:26.136] [GetTemp--2147478764]:i2c write failed
[2026-05-10 00:33:26.136] 4905,82,98,0.0
[2026-05-10 00:33:26.231] [GetTemp--2147478764]:i2c write failed
[2026-05-10 00:33:26.231] 4906,82,98,0.0
[2026-05-10 00:33:26.326] [GetTemp--2147478764]:i2c write failed
[2026-05-10 00:33:26.326] 4907,82,98,0.0
[2026-05-10 00:33:26.437] [GetTemp--2147478764]:i2c write failed
[2026-05-10 00:33:26.437] 4908,82,98,0.0
[2026-05-10 00:33:26.532] [GetTemp--2147478764]:i2c write failed
[2026-05-10 00:33:26.532] 4909,82,98,0.0
[2026-05-10 00:33:26.847] [GetTemp--2147478764]:i2c write failed
[2026-05-10 00:33:26.847] 4910,82,98,0.0
[2026-05-10 00:33:26.918] HR=95 SpO2=98 (raw:101/99 valid:1/1 sqi:1)
[2026-05-10 00:33:26.934] [GetTemp--2147478764]:i2c write failed
[2026-05-10 00:33:26.934] 4911,85,98,0.0
[2026-05-10 00:33:27.045] [GetTemp--2147478764]:i2c write failed
[2026-05-10 00:33:27.045] 4912,85,98,0.0
[2026-05-10 00:33:27.141] [GetTemp--2147478764]:i2c write failed
[2026-05-10 00:33:27.141] 4913,85,98,0.0
[2026-05-10 00:33:27.236] [GetTemp--2147478764]:i2c write failed
[2026-05-10 00:33:27.236] 4914,85,98,0.0
[2026-05-10 00:33:27.556] [GetTemp--2147478764]:i2c write failed
[2026-05-10 00:33:27.556] 4915,85,98,0.0
[2026-05-10 00:33:27.650] [GetTemp--2147478764]:i2c write failed
[2026-05-10 00:33:27.651] 4916,85,98,0.0
[2026-05-10 00:33:27.746] [GetTemp--2147478764]:i2c write failed
[2026-05-10 00:33:27.749] 4917,85,98,0.0
[2026-05-10 00:33:27.855] [GetTemp--2147478764]:i2c write failed
[2026-05-10 00:33:27.856] 4918,85,98,0.0
[2026-05-10 00:33:27.940] HR=95 SpO2=99 (raw:98/99 valid:1/1 sqi:1)
[2026-05-10 00:33:27.956] [GetTemp--2147478764]:i2c write failed
[2026-05-10 00:33:27.956] 4919,85,99,0.0
[2026-05-10 00:33:28.259] [GetTemp--2147478764]:i2c write failed
[2026-05-10 00:33:28.260] 4920,85,99,0.0
[2026-05-10 00:33:28.355] [GetTemp--2147478764]:i2c write failed
[2026-05-10 00:33:28.355] 4921,85,99,0.0
[2026-05-10 00:33:28.467] [GetTemp--2147478764]:i2c write failed
[2026-05-10 00:33:28.467] 4922,85,99,0.0
[2026-05-10 00:33:28.563] [GetTemp--2147478764]:i2c write failed
[2026-05-10 00:33:28.563] 4923,85,99,0.0
[2026-05-10 00:33:28.658] [GetTemp--2147478764]:i2c write failed
[2026-05-10 00:33:28.658] 4924,85,99,0.0
[2026-05-10 00:33:28.972] [GetTemp--2147478764]:i2c write failed
[2026-05-10 00:33:28.973] 4925,85,99,0.0
[2026-05-10 00:33:29.042] HR=95 SpO2=98 (raw:88/98 valid:1/1 sqi:1)
[2026-05-10 00:33:29.062] [GetTemp--2147478764]:i2c write failed
[2026-05-10 00:33:29.062] 4926,85,98,0.0
[2026-05-10 00:33:29.171] [GetTemp--2147478764]:i2c write failed
[2026-05-10 00:33:29.171] 4927,85,98,0.0
[2026-05-10 00:33:29.266] [GetTemp--2147478764]:i2c write failed
[2026-05-10 00:33:29.266] 4928,85,98,0.0
[2026-05-10 00:33:29.378] [GetTemp--2147478764]:i2c write failed
[2026-05-10 00:33:29.378] 4929,85,98,0.0
[2026-05-10 00:33:29.679] [GetTemp--2147478764]:i2c write failed
[2026-05-10 00:33:29.679] 4930,85,98,0.0
[2026-05-10 00:33:29.773] [GetTemp--2147478764]:i2c write failed
[2026-05-10 00:33:29.776] 4931,85,98,0.0
[2026-05-10 00:33:29.883] [GetTemp--2147478764]:i2c write failed
[2026-05-10 00:33:29.884] 4932,85,98,0.0
[2026-05-10 00:33:29.986] [GetTemp--2147478764]:i2c write failed
[2026-05-10 00:33:29.986] 4933,85,98,0.0
[2026-05-10 00:33:30.066] HR=95 SpO2=98 (raw:86/98 valid:1/1 sqi:1)
[2026-05-10 00:33:30.082] [GetTemp--2147478764]:i2c write failed
[2026-05-10 00:33:30.082] 4934,85,98,0.0
[2026-05-10 00:33:30.384] [GetTemp--2147478764]:i2c write failed
[2026-05-10 00:33:30.384] 4935,85,98,0.0
[2026-05-10 00:33:30.495] [GetTemp--2147478764]:i2c write failed
[2026-05-10 00:33:30.497] 4936,85,98,0.0
[2026-05-10 00:33:30.591] [GetTemp--2147478764]:i2c write failed
[2026-05-10 00:33:30.591] 4937,85,98,0.0
[2026-05-10 00:33:30.686] [GetTemp--2147478764]:i2c write failed
[2026-05-10 00:33:30.686] 4938,85,98,0.0
[2026-05-10 00:33:30.795] [GetTemp--2147478764]:i2c write failed
[2026-05-10 00:33:30.795] 4939,85,98,0.0
[2026-05-10 00:33:31.101] [GetTemp--2147478764]:i2c write failed
[2026-05-10 00:33:31.101] 4940,85,98,0.0
[2026-05-10 00:33:31.197] [GetTemp--2147478764]:i2c write failed
[2026-05-10 00:33:31.197] 4941,85,98,0.0
[2026-05-10 00:33:31.308] [GetTemp--2147478764]:i2c write failed
[2026-05-10 00:33:31.308] 4942,85,98,0.0
[2026-05-10 00:33:31.324] HR=88 SpO2=98 (raw:84/98 valid:1/1 sqi:1)
[2026-05-10 00:33:31.404] [GetTemp--2147478764]:i2c write failed
[2026-05-10 00:33:31.404] 4943,78,98,0.0
[2026-05-10 00:33:31.500] [GetTemp--2147478764]:i2c write failed
[2026-05-10 00:33:31.500] 4944,78,98,0.0
[2026-05-10 00:33:31.813] [GetTemp--2147478764]:i2c write failed
[2026-05-10 00:33:31.814] 4945,78,98,0.0
[2026-05-10 00:33:31.916] [GetTemp--2147478764]:i2c write failed
[2026-05-10 00:33:31.916] 4946,78,98,0.0
[2026-05-10 00:33:32.011] [GetTemp--2147478764]:i2c write failed
[2026-05-10 00:33:32.011] 4947,78,98,0.0
[2026-05-10 00:33:32.107] [GetTemp--2147478764]:i2c write failed
[2026-05-10 00:33:32.107] 4948,78,98,0.0
[2026-05-10 00:33:32.203] [GetTemp--2147478764]:i2c write failed
[2026-05-10 00:33:32.219] 4949,78,98,0.0
[2026-05-10 00:33:32.441] HR=86 SpO2=98 (raw:82/98 valid:1/1 sqi:1)
[2026-05-10 00:33:32.521] [GetTemp--2147478764]:i2c write failed
[2026-05-10 00:33:32.521] 4950,76,98,0.0
[2026-05-10 00:33:32.616] [GetTemp--2147478764]:i2c write failed
[2026-05-10 00:33:32.616] 4951,76,98,0.0
[2026-05-10 00:33:32.726] [GetTemp--2147478764]:i2c write failed
[2026-05-10 00:33:32.726] 4952,76,98,0.0
[2026-05-10 00:33:32.820] [GetTemp--2147478764]:i2c write failed
[2026-05-10 00:33:32.820] 4953,76,98,0.0
[2026-05-10 00:33:32.914] [GetTemp--2147478764]:i2c write failed
[2026-05-10 00:33:32.918] 4954,76,98,0.0
[2026-05-10 00:33:33.223] [GetTemp--2147478764]:i2c write failed
[2026-05-10 00:33:33.226] 4955,76,98,0.0
[2026-05-10 00:33:33.335] [GetTemp--2147478764]:i2c write failed
[2026-05-10 00:33:33.335] 4956,76,98,0.0
[2026-05-10 00:33:33.431] [GetTemp--2147478764]:i2c write failed
[2026-05-10 00:33:33.431] 4957,76,98,0.0
[2026-05-10 00:33:33.452] HR=84 SpO2=98 (raw:83/99 valid:1/1 sqi:1)
[2026-05-10 00:33:33.527] [GetTemp--2147478764]:i2c write failed
[2026-05-10 00:33:33.527] 4958,74,98,0.0
[2026-05-10 00:33:33.638] [GetTemp--2147478764]:i2c write failed
[2026-05-10 00:33:33.638] 4959,74,98,0.0
[2026-05-10 00:33:33.935] [GetTemp--2147478764]:i2c write failed
[2026-05-10 00:33:33.937] 4960,74,98,0.0
[2026-05-10 00:33:34.039] [GetTemp--2147478764]:i2c write failed
[2026-05-10 00:33:34.039] 4961,74,98,0.0
[2026-05-10 00:33:34.134] [GetTemp--2147478764]:i2c write failed
[2026-05-10 00:33:34.134] 4962,74,98,0.0
[2026-05-10 00:33:34.246] [GetTemp--2147478764]:i2c write failed
[2026-05-10 00:33:34.246] 4963,74,98,0.0
[2026-05-10 00:33:34.341] [GetTemp--2147478764]:i2c write failed
[2026-05-10 00:33:34.341] 4964,74,98,0.0
[2026-05-10 00:33:34.564] HR=83 SpO2=98 (raw:82/98 valid:1/1 sqi:1)
[2026-05-10 00:33:34.657] [GetTemp--2147478764]:i2c write failed
[2026-05-10 00:33:34.658] 4965,73,98,0.0
[2026-05-10 00:33:34.751] [GetTemp--2147478764]:i2c write failed
[2026-05-10 00:33:34.751] 4966,73,98,0.0
[2026-05-10 00:33:34.846] [GetTemp--2147478764]:i2c write failed
[2026-05-10 00:33:34.847] 4967,73,98,0.0
[2026-05-10 00:33:34.947] [GetTemp--2147478764]:i2c write failed
[2026-05-10 00:33:34.947] 4968,73,98,0.0
[2026-05-10 00:33:35.043] [GetTemp--2147478764]:i2c write failed
[2026-05-10 00:33:35.043] 4969,73,98,0.0
[2026-05-10 00:33:35.362] [GetTemp--2147478764]:i2c write failed
[2026-05-10 00:33:35.362] 4970,73,98,0.0
[2026-05-10 00:33:35.458] [GetTemp--2147478764]:i2c write failed
[2026-05-10 00:33:35.458] 4971,73,98,0.0
[2026-05-10 00:33:35.553] [GetTemp--2147478764]:i2c write failed
[2026-05-10 00:33:35.553] 4972,73,98,0.0
[2026-05-10 00:33:35.664] [GetTemp--2147478764]:i2c write failed
[2026-05-10 00:33:35.664] 4973,73,98,0.0
[2026-05-10 00:33:35.756] HR=82 SpO2=98 (raw:82/98 valid:1/1 sqi:1)
[2026-05-10 00:33:35.756] [GetTemp--2147478764]:i2c write failed
[2026-05-10 00:33:35.756] 4974,72,98,0.0
[2026-05-10 00:33:36.065] [GetTemp--2147478764]:i2c write failed
[2026-05-10 00:33:36.065] 4975,72,98,0.0
[2026-05-10 00:33:36.177] [GetTemp--2147478764]:i2c write failed
[2026-05-10 00:33:36.177] 4976,72,98,0.0
[2026-05-10 00:33:36.273] [GetTemp--2147478764]:i2c write failed
[2026-05-10 00:33:36.273] 4977,72,98,0.0
[2026-05-10 00:33:36.369] [GetTemp--2147478764]:i2c write failed
[2026-05-10 00:33:36.369] 4978,72,98,0.0
[2026-05-10 00:33:36.465] [GetTemp--2147478764]:i2c write failed
[2026-05-10 00:33:36.465] 4979,72,98,0.0
[2026-05-10 00:33:36.783] [GetTemp--2147478764]:i2c write failed
[2026-05-10 00:33:36.784] 4980,72,98,0.0
[2026-05-10 00:33:36.847] HR=82 SpO2=98 (raw:83/99 valid:1/1 sqi:1)
[2026-05-10 00:33:36.873] [GetTemp--2147478764]:i2c write failed
[2026-05-10 00:33:36.876] 4981,72,98,0.0
[2026-05-10 00:33:36.986] [GetTemp--2147478764]:i2c write failed
[2026-05-10 00:33:36.987] 4982,72,98,0.0
[2026-05-10 00:33:37.073] [GetTemp--2147478764]:i2c write failed
[2026-05-10 00:33:37.076] 4983,72,98,0.0
[2026-05-10 00:33:37.185] [GetTemp--2147478764]:i2c write failed
[2026-05-10 00:33:37.185] 4984,72,98,0.0
[2026-05-10 00:33:37.487] [GetTemp--2147478764]:i2c write failed
[2026-05-10 00:33:37.487] 4985,72,98,0.0
[2026-05-10 00:33:37.584] [GetTemp--2147478764]:i2c write failed
[2026-05-10 00:33:37.586] 4986,72,98,0.0
[2026-05-10 00:33:37.690] [GetTemp--2147478764]:i2c write failed
[2026-05-10 00:33:37.691] 4987,72,98,0.0
[2026-05-10 00:33:37.784] [GetTemp--2147478764]:i2c write failed
[2026-05-10 00:33:37.785] 4988,72,98,0.0
[2026-05-10 00:33:37.876] HR=83 SpO2=99 (raw:83/99 valid:1/1 sqi:1)
[2026-05-10 00:33:37.883] [GetTemp--2147478764]:i2c write failed
[2026-05-10 00:33:37.886] 4989,73,99,0.0
[2026-05-10 00:33:38.197] [GetTemp--2147478764]:i2c write failed
[2026-05-10 00:33:38.197] 4990,73,99,0.0
[2026-05-10 00:33:38.308] [GetTemp--2147478764]:i2c write failed
[2026-05-10 00:33:38.308] 4991,73,99,0.0
[2026-05-10 00:33:38.404] [GetTemp--2147478764]:i2c write failed
[2026-05-10 00:33:38.404] 4992,73,99,0.0
[2026-05-10 00:33:38.499] [GetTemp--2147478764]:i2c write failed
[2026-05-10 00:33:38.499] 4993,73,99,0.0
[2026-05-10 00:33:38.594] [GetTemp--2147478764]:i2c write failed
[2026-05-10 00:33:38.610] 4994,73,99,0.0
[2026-05-10 00:33:38.908] [GetTemp--2147478764]:i2c write failed
[2026-05-10 00:33:38.908] 4995,73,99,0.0
[2026-05-10 00:33:38.978] HR=83 SpO2=98 (raw:93/97 valid:1/1 sqi:1)
[2026-05-10 00:33:38.994] [GetTemp--2147478764]:i2c write failed
[2026-05-10 00:33:38.994] 4996,73,98,0.0
[2026-05-10 00:33:39.105] [GetTemp--2147478764]:i2c write failed
[2026-05-10 00:33:39.105] 4997,73,98,0.0
[2026-05-10 00:33:39.216] [GetTemp--2147478764]:i2c write failed
[2026-05-10 00:33:39.216] 4998,73,98,0.0
[2026-05-10 00:33:39.312] [GetTemp--2147478764]:i2c write failed
[2026-05-10 00:33:39.312] 4999,73,98,0.0
[2026-05-10 00:33:39.614] [GetTemp--2147478764]:i2c write failed
[2026-05-10 00:33:39.614] 5000,73,98,0.0
[2026-05-10 00:33:39.724] [GetTemp--2147478764]:i2c write failed
[2026-05-10 00:33:39.724] 5001,73,98,0.0
[2026-05-10 00:33:39.817] [GetTemp--2147478764]:i2c write failed
[2026-05-10 00:33:39.818] 5002,73,98,0.0
[2026-05-10 00:33:39.925] [GetTemp--2147478764]:i2c write failed
[2026-05-10 00:33:39.926] 5003,73,98,0.0
[2026-05-10 00:33:40.029] [GetTemp--2147478764]:i2c write failed
[2026-05-10 00:33:40.029] 5004,73,98,0.0
[2026-05-10 00:33:40.253] HR=83 SpO2=98 (raw:101/97 valid:1/1 sqi:1)
[2026-05-10 00:33:40.332] [GetTemp--2147478764]:i2c write failed
[2026-05-10 00:33:40.332] 5005,73,98,0.0
[2026-05-10 00:33:40.428] [GetTemp--2147478764]:i2c write failed
[2026-05-10 00:33:40.428] 5006,73,98,0.0
[2026-05-10 00:33:40.523] [GetTemp--2147478764]:i2c write failed
[2026-05-10 00:33:40.524] 5007,73,98,0.0
[2026-05-10 00:33:40.634] [GetTemp--2147478764]:i2c write failed
[2026-05-10 00:33:40.634] 5008,73,98,0.0
[2026-05-10 00:33:40.729] [GetTemp--2147478764]:i2c write failed
[2026-05-10 00:33:40.729] 5009,73,98,0.0
[2026-05-10 00:33:41.034] [GetTemp--2147478764]:i2c write failed
[2026-05-10 00:33:41.050] 5010,73,98,0.0
[2026-05-10 00:33:41.146] [GetTemp--2147478764]:i2c write failed
[2026-05-10 00:33:41.147] 5011,73,98,0.0
[2026-05-10 00:33:41.241] [GetTemp--2147478764]:i2c write failed
[2026-05-10 00:33:41.242] 5012,73,98,0.0
[2026-05-10 00:33:41.261] HR=93 SpO2=97 (raw:100/97 valid:1/1 sqi:1)
[2026-05-10 00:33:41.336] [GetTemp--2147478764]:i2c write failed
[2026-05-10 00:33:41.336] 5013,83,97,0.0
[2026-05-10 00:33:41.448] [GetTemp--2147478764]:i2c write failed
[2026-05-10 00:33:41.448] 5014,83,97,0.0
[2026-05-10 00:33:41.749] [GetTemp--2147478764]:i2c write failed
[2026-05-10 00:33:41.749] 5015,83,97,0.0
[2026-05-10 00:33:41.843] [GetTemp--2147478764]:i2c write failed
[2026-05-10 00:33:41.847] 5016,83,97,0.0
[2026-05-10 00:33:41.943] [GetTemp--2147478764]:i2c write failed
[2026-05-10 00:33:41.943] 5017,83,97,0.0
[2026-05-10 00:33:42.055] [GetTemp--2147478764]:i2c write failed
[2026-05-10 00:33:42.055] 5018,83,97,0.0
[2026-05-10 00:33:42.150] [GetTemp--2147478764]:i2c write failed
[2026-05-10 00:33:42.152] 5019,83,97,0.0
[2026-05-10 00:33:42.374] HR=98 SpO2=97 (raw:101/97 valid:1/1 sqi:1)
[2026-05-10 00:33:42.454] [GetTemp--2147478764]:i2c write failed
[2026-05-10 00:33:42.454] 5020,88,97,0.0
[2026-05-10 00:33:42.566] [GetTemp--2147478764]:i2c write failed
[2026-05-10 00:33:42.567] 5021,88,97,0.0
[2026-05-10 00:33:42.661] [GetTemp--2147478764]:i2c write failed
[2026-05-10 00:33:42.661] 5022,88,97,0.0
[2026-05-10 00:33:42.756] [GetTemp--2147478764]:i2c write failed
[2026-05-10 00:33:42.756] 5023,88,97,0.0
[2026-05-10 00:33:42.866] [GetTemp--2147478764]:i2c write failed
[2026-05-10 00:33:42.866] 5024,88,97,0.0
[2026-05-10 00:33:43.173] [GetTemp--2147478764]:i2c write failed
[2026-05-10 00:33:43.173] 5025,88,97,0.0
[2026-05-10 00:33:43.269] [GetTemp--2147478764]:i2c write failed
[2026-05-10 00:33:43.269] 5026,88,97,0.0
[2026-05-10 00:33:43.365] [GetTemp--2147478764]:i2c write failed
[2026-05-10 00:33:43.368] 5027,88,97,0.0
[2026-05-10 00:33:43.385] HR=98 SpO2=97 (raw:101/97 valid:1/1 sqi:1)
[2026-05-10 00:33:43.476] [GetTemp--2147478764]:i2c write failed
[2026-05-10 00:33:43.476] 5028,88,97,0.0
[2026-05-10 00:33:43.572] [GetTemp--2147478764]:i2c write failed
[2026-05-10 00:33:43.572] 5029,88,97,0.0
[2026-05-10 00:33:43.888] [GetTemp--2147478764]:i2c write failed
[2026-05-10 00:33:43.888] 5030,88,97,0.0
[2026-05-10 00:33:43.973] [GetTemp--2147478764]:i2c write failed
[2026-05-10 00:33:43.976] 5031,88,97,0.0
[2026-05-10 00:33:44.084] [GetTemp--2147478764]:i2c write failed
[2026-05-10 00:33:44.084] 5032,88,97,0.0
[2026-05-10 00:33:44.180] [GetTemp--2147478764]:i2c write failed
[2026-05-10 00:33:44.180] 5033,88,97,0.0
[2026-05-10 00:33:44.275] [GetTemp--2147478764]:i2c write failed
[2026-05-10 00:33:44.275] 5034,88,97,0.0
[2026-05-10 00:33:44.595] [GetTemp--2147478764]:i2c write failed
[2026-05-10 00:33:44.595] 5035,88,97,0.0
[2026-05-10 00:33:44.658] HR=98 SpO2=97 (raw:96/98 valid:1/1 sqi:1)
[2026-05-10 00:33:44.680] [GetTemp--2147478764]:i2c write failed
[2026-05-10 00:33:44.680] 5036,88,97,0.0
[2026-05-10 00:33:44.800] [GetTemp--2147478764]:i2c write failed
[2026-05-10 00:33:44.801] 5037,88,97,0.0
[2026-05-10 00:33:44.895] [GetTemp--2147478764]:i2c write failed
[2026-05-10 00:33:44.895] 5038,88,97,0.0
[2026-05-10 00:33:44.989] [GetTemp--2147478764]:i2c write failed
[2026-05-10 00:33:44.990] 5039,88,97,0.0
[2026-05-10 00:33:45.297] [GetTemp--2147478764]:i2c write failed
[2026-05-10 00:33:45.300] 5040,88,97,0.0
[2026-05-10 00:33:45.408] [GetTemp--2147478764]:i2c write failed
[2026-05-10 00:33:45.408] 5041,88,97,0.0
[2026-05-10 00:33:45.503] [GetTemp--2147478764]:i2c write failed
[2026-05-10 00:33:45.503] 5042,88,97,0.0
[2026-05-10 00:33:45.599] [GetTemp--2147478764]:i2c write failed
[2026-05-10 00:33:45.599] 5043,88,97,0.0
[2026-05-10 00:33:45.679] HR=98 SpO2=97 (raw:72/97 valid:1/1 sqi:1)
[2026-05-10 00:33:45.693] [GetTemp--2147478764]:i2c write failed
[2026-05-10 00:33:45.697] 5044,88,97,0.0
[2026-05-10 00:33:46.009] [GetTemp--2147478764]:i2c write failed
[2026-05-10 00:33:46.010] 5045,88,97,0.0
[2026-05-10 00:33:46.112] [GetTemp--2147478764]:i2c write failed
[2026-05-10 00:33:46.112] 5046,88,97,0.0
[2026-05-10 00:33:46.207] [GetTemp--2147478764]:i2c write failed
[2026-05-10 00:33:46.207] 5047,88,97,0.0
[2026-05-10 00:33:46.317] [GetTemp--2147478764]:i2c write failed
[2026-05-10 00:33:46.317] 5048,88,97,0.0
[2026-05-10 00:33:46.413] [GetTemp--2147478764]:i2c write failed
[2026-05-10 00:33:46.413] 5049,88,97,0.0
[2026-05-10 00:33:46.715] [GetTemp--2147478764]:i2c write failed
[2026-05-10 00:33:46.718] 5050,88,97,0.0
[2026-05-10 00:33:46.793] HR=96 SpO2=97 (raw:70/97 valid:1/1 sqi:1)
[2026-05-10 00:33:46.813] [GetTemp--2147478764]:i2c write failed
[2026-05-10 00:33:46.817] 5051,86,97,0.0
[2026-05-10 00:33:46.918] [GetTemp--2147478764]:i2c write failed
[2026-05-10 00:33:46.918] 5052,86,97,0.0
[2026-05-10 00:33:47.027] [GetTemp--2147478764]:i2c write failed
[2026-05-10 00:33:47.027] 5053,86,97,0.0
[2026-05-10 00:33:47.123] [GetTemp--2147478764]:i2c write failed
[2026-05-10 00:33:47.123] 5054,86,97,0.0
[2026-05-10 00:33:47.425] [GetTemp--2147478764]:i2c write failed
[2026-05-10 00:33:47.427] 5055,86,97,0.0
[2026-05-10 00:33:47.536] [GetTemp--2147478764]:i2c write failed
[2026-05-10 00:33:47.536] 5056,86,97,0.0
[2026-05-10 00:33:47.631] [GetTemp--2147478764]:i2c write failed
[2026-05-10 00:33:47.631] 5057,86,97,0.0
[2026-05-10 00:33:47.726] [GetTemp--2147478764]:i2c write failed
[2026-05-10 00:33:47.728] 5058,86,97,0.0
[2026-05-10 00:33:47.819] HR=83 SpO2=97 (raw:70/97 valid:1/1 sqi:1)
[2026-05-10 00:33:47.835] [GetTemp--2147478764]:i2c write failed
[2026-05-10 00:33:47.835] 5059,73,97,0.0
[2026-05-10 00:33:48.143] [GetTemp--2147478764]:i2c write failed
[2026-05-10 00:33:48.145] 5060,73,97,0.0
[2026-05-10 00:33:48.238] [GetTemp--2147478764]:i2c write failed
[2026-05-10 00:33:48.238] 5061,73,97,0.0
[2026-05-10 00:33:48.334] [GetTemp--2147478764]:i2c write failed
[2026-05-10 00:33:48.334] 5062,73,97,0.0
[2026-05-10 00:33:48.445] [GetTemp--2147478764]:i2c write failed
[2026-05-10 00:33:48.445] 5063,73,97,0.0
[2026-05-10 00:33:48.541] [GetTemp--2147478764]:i2c write failed
[2026-05-10 00:33:48.541] 5064,73,97,0.0
[2026-05-10 00:33:48.857] [GetTemp--2147478764]:i2c write failed
[2026-05-10 00:33:48.857] 5065,73,97,0.0
[2026-05-10 00:33:48.952] [GetTemp--2147478764]:i2c write failed
[2026-05-10 00:33:48.953] 5066,73,97,0.0
[2026-05-10 00:33:49.054] [GetTemp--2147478764]:i2c write failed
[2026-05-10 00:33:49.055] 5067,73,97,0.0
[2026-05-10 00:33:49.070] HR=83 SpO2=97 (raw:69/98 valid:1/1 sqi:1)
[2026-05-10 00:33:49.149] [GetTemp--2147478764]:i2c write failed
[2026-05-10 00:33:49.149] 5068,73,97,0.0
[2026-05-10 00:33:49.244] [GetTemp--2147478764]:i2c write failed
[2026-05-10 00:33:49.244] 5069,73,97,0.0
[2026-05-10 00:33:49.562] [GetTemp--2147478764]:i2c write failed
[2026-05-10 00:33:49.562] 5070,73,97,0.0
[2026-05-10 00:33:49.658] [GetTemp--2147478764]:i2c write failed
[2026-05-10 00:33:49.659] 5071,73,97,0.0
[2026-05-10 00:33:49.767] [GetTemp--2147478764]:i2c write failed
[2026-05-10 00:33:49.767] 5072,73,97,0.0
[2026-05-10 00:33:49.860] [GetTemp--2147478764]:i2c write failed
[2026-05-10 00:33:49.860] 5073,73,97,0.0
[2026-05-10 00:33:49.963] [GetTemp--2147478764]:i2c write failed
[2026-05-10 00:33:49.963] 5074,73,97,0.0
[2026-05-10 00:33:50.186] HR=81 SpO2=97 (raw:75/97 valid:1/1 sqi:1)
[2026-05-10 00:33:50.266] [GetTemp--2147478764]:i2c write failed
[2026-05-10 00:33:50.266] 5075,71,97,0.0
[2026-05-10 00:33:50.377] [GetTemp--2147478764]:i2c write failed
[2026-05-10 00:33:50.377] 5076,71,97,0.0
[2026-05-10 00:33:50.473] [GetTemp--2147478764]:i2c write failed
[2026-05-10 00:33:50.473] 5077,71,97,0.0
[2026-05-10 00:33:50.568] [GetTemp--2147478764]:i2c write failed
[2026-05-10 00:33:50.568] 5078,71,97,0.0
[2026-05-10 00:33:50.679] [GetTemp--2147478764]:i2c write failed
[2026-05-10 00:33:50.679] 5079,71,97,0.0
[2026-05-10 00:33:50.977] [GetTemp--2147478764]:i2c write failed
[2026-05-10 00:33:50.977] 5080,71,97,0.0
[2026-05-10 00:33:51.076] [GetTemp--2147478764]:i2c write failed
[2026-05-10 00:33:51.076] 5081,71,97,0.0
[2026-05-10 00:33:51.188] [GetTemp--2147478764]:i2c write failed
[2026-05-10 00:33:51.188] 5082,71,97,0.0
[2026-05-10 00:33:51.204] HR=76 SpO2=97 (raw:76/99 valid:1/1 sqi:1)
[2026-05-10 00:33:51.284] [GetTemp--2147478764]:i2c write failed
[2026-05-10 00:33:51.284] 5083,66,97,0.0
[2026-05-10 00:33:51.379] [GetTemp--2147478764]:i2c write failed
[2026-05-10 00:33:51.379] 5084,66,97,0.0
[2026-05-10 00:33:51.698] [GetTemp--2147478764]:i2c write failed
[2026-05-10 00:33:51.699] 5085,66,97,0.0
[2026-05-10 00:33:51.792] [GetTemp--2147478764]:i2c write failed
[2026-05-10 00:33:51.793] 5086,66,97,0.0
[2026-05-10 00:33:51.886] [GetTemp--2147478764]:i2c write failed
[2026-05-10 00:33:51.887] 5087,66,97,0.0
[2026-05-10 00:33:51.998] [GetTemp--2147478764]:i2c write failed
[2026-05-10 00:33:51.998] 5088,66,97,0.0
[2026-05-10 00:33:52.098] [GetTemp--2147478764]:i2c write failed
[2026-05-10 00:33:52.098] 5089,66,97,0.0
[2026-05-10 00:33:52.321] HR=76 SpO2=98 (raw:80/98 valid:1/1 sqi:1)
[2026-05-10 00:33:52.400] [GetTemp--2147478764]:i2c write failed
[2026-05-10 00:33:52.400] 5090,66,98,0.0
[2026-05-10 00:33:52.496] [GetTemp--2147478764]:i2c write failed
[2026-05-10 00:33:52.496] 5091,66,98,0.0
[2026-05-10 00:33:52.607] [GetTemp--2147478764]:i2c write failed
[2026-05-10 00:33:52.607] 5092,66,98,0.0
[2026-05-10 00:33:52.702] [GetTemp--2147478764]:i2c write failed
[2026-05-10 00:33:52.702] 5093,66,98,0.0
[2026-05-10 00:33:52.795] [GetTemp--2147478764]:i2c write failed
[2026-05-10 00:33:52.811] 5094,66,98,0.0
[2026-05-10 00:33:53.111] [GetTemp--2147478764]:i2c write failed
[2026-05-10 00:33:53.111] 5095,66,98,0.0
[2026-05-10 00:33:53.208] [GetTemp--2147478764]:i2c write failed
[2026-05-10 00:33:53.208] 5096,66,98,0.0
[2026-05-10 00:33:53.319] [GetTemp--2147478764]:i2c write failed
[2026-05-10 00:33:53.319] 5097,66,98,0.0
[2026-05-10 00:33:53.414] [GetTemp--2147478764]:i2c write failed
[2026-05-10 00:33:53.414] 5098,66,98,0.0
[2026-05-10 00:33:53.494] HR=76 SpO2=98 (raw:80/97 valid:1/1 sqi:1)
[2026-05-10 00:33:53.509] [GetTemp--2147478764]:i2c write failed
[2026-05-10 00:33:53.509] 5099,66,98,0.0
[2026-05-10 00:33:53.824] [GetTemp--2147478764]:i2c write failed
[2026-05-10 00:33:53.824] 5100,66,98,0.0
[2026-05-10 00:33:53.917] [GetTemp--2147478764]:i2c write failed
[2026-05-10 00:33:53.918] 5101,66,98,0.0
[2026-05-10 00:33:54.021] [GetTemp--2147478764]:i2c write failed
[2026-05-10 00:33:54.021] 5102,66,98,0.0
[2026-05-10 00:33:54.116] [GetTemp--2147478764]:i2c write failed
[2026-05-10 00:33:54.116] 5103,66,98,0.0
[2026-05-10 00:33:54.227] [GetTemp--2147478764]:i2c write failed
[2026-05-10 00:33:54.228] 5104,66,98,0.0
[2026-05-10 00:33:54.530] [GetTemp--2147478764]:i2c write failed
[2026-05-10 00:33:54.530] 5105,66,98,0.0
[2026-05-10 00:33:54.594] HR=80 SpO2=97 (raw:80/97 valid:1/1 sqi:1)
[2026-05-10 00:33:54.609] [GetTemp--2147478764]:i2c write failed
[2026-05-10 00:33:54.625] 5106,70,97,0.0
[2026-05-10 00:33:54.735] [GetTemp--2147478764]:i2c write failed
[2026-05-10 00:33:54.735] 5107,70,97,0.0
[2026-05-10 00:33:54.827] [GetTemp--2147478764]:i2c write failed
[2026-05-10 00:33:54.828] 5108,70,97,0.0
[2026-05-10 00:33:54.936] [GetTemp--2147478764]:i2c write failed
[2026-05-10 00:33:54.937] 5109,70,97,0.0
[2026-05-10 00:33:55.249] [GetTemp--2147478764]:i2c write failed
[2026-05-10 00:33:55.249] 5110,70,97,0.0
[2026-05-10 00:33:55.344] [GetTemp--2147478764]:i2c write failed
[2026-05-10 00:33:55.344] 5111,70,97,0.0
[2026-05-10 00:33:55.440] [GetTemp--2147478764]:i2c write failed
[2026-05-10 00:33:55.440] 5112,70,97,0.0
[2026-05-10 00:33:55.535] [GetTemp--2147478764]:i2c write failed
[2026-05-10 00:33:55.535] 5113,70,97,0.0
[2026-05-10 00:33:55.630] HR=80 SpO2=97 (raw:78/97 valid:1/1 sqi:1)
[2026-05-10 00:33:55.646] [GetTemp--2147478764]:i2c write failed
[2026-05-10 00:33:55.646] 5114,70,97,0.0
[2026-05-10 00:33:55.958] [GetTemp--2147478764]:i2c write failed
[2026-05-10 00:33:55.959] 5115,70,97,0.0
[2026-05-10 00:33:56.047] [GetTemp--2147478764]:i2c write failed
[2026-05-10 00:33:56.047] 5116,70,97,0.0
[2026-05-10 00:33:56.159] [GetTemp--2147478764]:i2c write failed
[2026-05-10 00:33:56.159] 5117,70,97,0.0
[2026-05-10 00:33:56.254] [GetTemp--2147478764]:i2c write failed
[2026-05-10 00:33:56.256] 5118,70,97,0.0
[2026-05-10 00:33:56.348] [GetTemp--2147478764]:i2c write failed
[2026-05-10 00:33:56.348] 5119,70,97,0.0
[2026-05-10 00:33:56.665] [GetTemp--2147478764]:i2c write failed
[2026-05-10 00:33:56.665] 5120,70,97,0.0
[2026-05-10 00:33:56.728] HR=80 SpO2=97 (raw:77/97 valid:1/1 sqi:1)
[2026-05-10 00:33:56.753] [GetTemp--2147478764]:i2c write failed
[2026-05-10 00:33:56.756] 5121,70,97,0.0
[2026-05-10 00:33:56.868] [GetTemp--2147478764]:i2c write failed
[2026-05-10 00:33:56.868] 5122,70,97,0.0
[2026-05-10 00:33:56.954] [GetTemp--2147478764]:i2c write failed
[2026-05-10 00:33:56.970] 5123,70,97,0.0
[2026-05-10 00:33:57.065] [GetTemp--2147478764]:i2c write failed
[2026-05-10 00:33:57.065] 5124,70,97,0.0
[2026-05-10 00:33:57.370] [GetTemp--2147478764]:i2c write failed
[2026-05-10 00:33:57.370] 5125,70,97,0.0
[2026-05-10 00:33:57.465] [GetTemp--2147478764]:i2c write failed
[2026-05-10 00:33:57.481] 5126,70,97,0.0
[2026-05-10 00:33:57.577] [GetTemp--2147478764]:i2c write failed
[2026-05-10 00:33:57.577] 5127,70,97,0.0
[2026-05-10 00:33:57.672] [GetTemp--2147478764]:i2c write failed
[2026-05-10 00:33:57.672] 5128,70,97,0.0
[2026-05-10 00:33:57.768] [GetTemp--2147478764]:i2c write failed
[2026-05-10 00:33:57.768] 5129,70,97,0.0
[2026-05-10 00:33:58.003] HR=78 SpO2=97 (raw:77/98 valid:1/1 sqi:1)
[2026-05-10 00:33:58.081] [GetTemp--2147478764]:i2c write failed
[2026-05-10 00:33:58.081] 5130,68,97,0.0
[2026-05-10 00:33:58.180] [GetTemp--2147478764]:i2c write failed
[2026-05-10 00:33:58.181] 5131,68,97,0.0
[2026-05-10 00:33:58.275] [GetTemp--2147478764]:i2c write failed
[2026-05-10 00:33:58.275] 5132,68,97,0.0
[2026-05-10 00:33:58.387] [GetTemp--2147478764]:i2c write failed
[2026-05-10 00:33:58.387] 5133,68,97,0.0
[2026-05-10 00:33:58.483] [GetTemp--2147478764]:i2c write failed
[2026-05-10 00:33:58.484] 5134,68,97,0.0
[2026-05-10 00:33:58.785] [GetTemp--2147478764]:i2c write failed
[2026-05-10 00:33:58.800] 5135,68,97,0.0
[2026-05-10 00:33:58.894] [GetTemp--2147478764]:i2c write failed
[2026-05-10 00:33:58.894] 5136,68,97,0.0
[2026-05-10 00:33:58.989] [GetTemp--2147478764]:i2c write failed
[2026-05-10 00:33:58.989] 5137,68,97,0.0
[2026-05-10 00:33:59.013] HR=78 SpO2=97 (raw:85/98 valid:1/1 sqi:1)
[2026-05-10 00:33:59.099] [GetTemp--2147478764]:i2c write failed
[2026-05-10 00:33:59.100] 5138,68,97,0.0
[2026-05-10 00:33:59.186] [GetTemp--2147478764]:i2c write failed
[2026-05-10 00:33:59.187] 5139,68,97,0.0
[2026-05-10 00:33:59.503] [GetTemp--2147478764]:i2c write failed
[2026-05-10 00:33:59.503] 5140,68,97,0.0
[2026-05-10 00:33:59.598] [GetTemp--2147478764]:i2c write failed
[2026-05-10 00:33:59.598] 5141,68,97,0.0
[2026-05-10 00:33:59.709] [GetTemp--2147478764]:i2c write failed
[2026-05-10 00:33:59.709] 5142,68,97,0.0
[2026-05-10 00:33:59.802] [GetTemp--2147478764]:i2c write failed
[2026-05-10 00:33:59.802] 5143,68,97,0.0
[2026-05-10 00:33:59.897] [GetTemp--2147478764]:i2c write failed
[2026-05-10 00:33:59.897] 5144,68,97,0.0
[2026-05-10 00:34:00.125] HR=78 SpO2=97 (raw:85/97 valid:1/1 sqi:1)
[2026-05-10 00:34:00.204] [GetTemp--2147478764]:i2c write failed
[2026-05-10 00:34:00.220] 5145,68,97,0.0
[2026-05-10 00:34:00.315] [GetTemp--2147478764]:i2c write failed
[2026-05-10 00:34:00.315] 5146,68,97,0.0
[2026-05-10 00:34:00.411] [GetTemp--2147478764]:i2c write failed
[2026-05-10 00:34:00.411] 5147,68,97,0.0
[2026-05-10 00:34:00.507] [GetTemp--2147478764]:i2c write failed
[2026-05-10 00:34:00.507] 5148,68,97,0.0
[2026-05-10 00:34:00.618] [GetTemp--2147478764]:i2c write failed
[2026-05-10 00:34:00.618] 5149,68,97,0.0
[2026-05-10 00:34:00.917] [GetTemp--2147478764]:i2c write failed
[2026-05-10 00:34:00.917] 5150,68,97,0.0
[2026-05-10 00:34:01.026] [GetTemp--2147478764]:i2c write failed
[2026-05-10 00:34:01.026] 5151,68,97,0.0
[2026-05-10 00:34:01.122] [GetTemp--2147478764]:i2c write failed
[2026-05-10 00:34:01.122] 5152,68,97,0.0
[2026-05-10 00:34:01.145] HR=85 SpO2=98 (raw:88/98 valid:1/1 sqi:1)
[2026-05-10 00:34:01.225] [GetTemp--2147478764]:i2c write failed
[2026-05-10 00:34:01.225] 5153,75,98,0.0
[2026-05-10 00:34:01.320] [GetTemp--2147478764]:i2c write failed
[2026-05-10 00:34:01.320] 5154,75,98,0.0
[2026-05-10 00:34:01.624] [GetTemp--2147478764]:i2c write failed
[2026-05-10 00:34:01.627] 5155,75,98,0.0
[2026-05-10 00:34:01.736] [GetTemp--2147478764]:i2c write failed
[2026-05-10 00:34:01.736] 5156,75,98,0.0
[2026-05-10 00:34:01.830] [GetTemp--2147478764]:i2c write failed
[2026-05-10 00:34:01.831] 5157,75,98,0.0
[2026-05-10 00:34:01.924] [GetTemp--2147478764]:i2c write failed
[2026-05-10 00:34:01.926] 5158,75,98,0.0
[2026-05-10 00:34:02.035] [GetTemp--2147478764]:i2c write failed
[2026-05-10 00:34:02.036] 5159,75,98,0.0
[2026-05-10 00:34:02.343] [GetTemp--2147478764]:i2c write failed
[2026-05-10 00:34:02.343] 5160,75,98,0.0
[2026-05-10 00:34:02.407] HR=85 SpO2=98 (raw:85/97 valid:1/1 sqi:1)
[2026-05-10 00:34:02.439] [GetTemp--2147478764]:i2c write failed
[2026-05-10 00:34:02.440] 5161,75,98,0.0
[2026-05-10 00:34:02.535] [GetTemp--2147478764]:i2c write failed
[2026-05-10 00:34:02.537] 5162,75,98,0.0
[2026-05-10 00:34:02.646] [GetTemp--2147478764]:i2c write failed
[2026-05-10 00:34:02.646] 5163,75,98,0.0
[2026-05-10 00:34:02.742] [GetTemp--2147478764]:i2c write failed
[2026-05-10 00:34:02.742] 5164,75,98,0.0
[2026-05-10 00:34:03.056] [GetTemp--2147478764]:i2c write failed
[2026-05-10 00:34:03.056] 5165,75,98,0.0
[2026-05-10 00:34:03.158] [GetTemp--2147478764]:i2c write failed
[2026-05-10 00:34:03.158] 5166,75,98,0.0
[2026-05-10 00:34:03.254] [GetTemp--2147478764]:i2c write failed
[2026-05-10 00:34:03.254] 5167,75,98,0.0
[2026-05-10 00:34:03.350] [GetTemp--2147478764]:i2c write failed
[2026-05-10 00:34:03.352] 5168,75,98,0.0
[2026-05-10 00:34:03.429] HR=85 SpO2=97 (raw:85/97 valid:1/1 sqi:1)
[2026-05-10 00:34:03.445] [GetTemp--2147478764]:i2c write failed
[2026-05-10 00:34:03.447] 5169,75,97,0.0
[2026-05-10 00:34:03.763] [GetTemp--2147478764]:i2c write failed
[2026-05-10 00:34:03.764] 5170,75,97,0.0
[2026-05-10 00:34:03.858] [GetTemp--2147478764]:i2c write failed
[2026-05-10 00:34:03.858] 5171,75,97,0.0
[2026-05-10 00:34:03.966] [GetTemp--2147478764]:i2c write failed
[2026-05-10 00:34:03.966] 5172,75,97,0.0
[2026-05-10 00:34:04.063] [GetTemp--2147478764]:i2c write failed
[2026-05-10 00:34:04.063] 5173,75,97,0.0
[2026-05-10 00:34:04.158] [GetTemp--2147478764]:i2c write failed
[2026-05-10 00:34:04.158] 5174,75,97,0.0
[2026-05-10 00:34:04.477] [GetTemp--2147478764]:i2c write failed
[2026-05-10 00:34:04.477] 5175,75,97,0.0
[2026-05-10 00:34:04.541] HR=85 SpO2=97 (raw:86/97 valid:1/1 sqi:1)
[2026-05-10 00:34:04.557] [GetTemp--2147478764]:i2c write failed
[2026-05-10 00:34:04.566] 5176,75,97,0.0
[2026-05-10 00:34:04.669] [GetTemp--2147478764]:i2c write failed
[2026-05-10 00:34:04.669] 5177,75,97,0.0
[2026-05-10 00:34:04.764] [GetTemp--2147478764]:i2c write failed
[2026-05-10 00:34:04.766] 5178,75,97,0.0
[2026-05-10 00:34:04.876] [GetTemp--2147478764]:i2c write failed
[2026-05-10 00:34:04.876] 5179,75,97,0.0
[2026-05-10 00:34:05.182] [GetTemp--2147478764]:i2c write failed
[2026-05-10 00:34:05.182] 5180,75,97,0.0
[2026-05-10 00:34:05.278] [GetTemp--2147478764]:i2c write failed
[2026-05-10 00:34:05.278] 5181,75,97,0.0
[2026-05-10 00:34:05.389] [GetTemp--2147478764]:i2c write failed
[2026-05-10 00:34:05.389] 5182,75,97,0.0
[2026-05-10 00:34:05.484] [GetTemp--2147478764]:i2c write failed
[2026-05-10 00:34:05.484] 5183,75,97,0.0
[2026-05-10 00:34:05.562] HR=85 SpO2=97 (raw:85/97 valid:1/1 sqi:1)
[2026-05-10 00:34:05.578] [GetTemp--2147478764]:i2c write failed
[2026-05-10 00:34:05.578] 5184,75,97,0.0
[2026-05-10 00:34:05.894] [GetTemp--2147478764]:i2c write failed
[2026-05-10 00:34:05.894] 5185,75,97,0.0
[2026-05-10 00:34:05.989] [GetTemp--2147478764]:i2c write failed
[2026-05-10 00:34:05.989] 5186,75,97,0.0
[2026-05-10 00:34:06.106] [GetTemp--2147478764]:i2c write failed
[2026-05-10 00:34:06.106] 5187,75,97,0.0
[2026-05-10 00:34:06.200] [GetTemp--2147478764]:i2c write failed
[2026-05-10 00:34:06.200] 5188,75,97,0.0
[2026-05-10 00:34:06.296] [GetTemp--2147478764]:i2c write failed
[2026-05-10 00:34:06.298] 5189,75,97,0.0
[2026-05-10 00:34:06.599] [GetTemp--2147478764]:i2c write failed
[2026-05-10 00:34:06.600] 5190,75,97,0.0
[2026-05-10 00:34:06.694] [GetTemp--2147478764]:i2c write failed
[2026-05-10 00:34:06.710] 5191,75,97,0.0
[2026-05-10 00:34:06.806] [GetTemp--2147478764]:i2c write failed
[2026-05-10 00:34:06.806] 5192,75,97,0.0
[2026-05-10 00:34:06.823] HR=85 SpO2=97 (raw:84/97 valid:1/1 sqi:1)
[2026-05-10 00:34:06.900] [GetTemp--2147478764]:i2c write failed
[2026-05-10 00:34:06.901] 5193,75,97,0.0
[2026-05-10 00:34:06.994] [GetTemp--2147478764]:i2c write failed
[2026-05-10 00:34:07.010] 5194,75,97,0.0
[2026-05-10 00:34:07.314] [GetTemp--2147478764]:i2c write failed
[2026-05-10 00:34:07.314] 5195,75,97,0.0
[2026-05-10 00:34:07.409] [GetTemp--2147478764]:i2c write failed
[2026-05-10 00:34:07.409] 5196,75,97,0.0
[2026-05-10 00:34:07.504] [GetTemp--2147478764]:i2c write failed
[2026-05-10 00:34:07.504] 5197,75,97,0.0
[2026-05-10 00:34:07.615] [GetTemp--2147478764]:i2c write failed
[2026-05-10 00:34:07.615] 5198,75,97,0.0
[2026-05-10 00:34:07.710] [GetTemp--2147478764]:i2c write failed
[2026-05-10 00:34:07.710] 5199,75,97,0.0
[2026-05-10 00:34:07.945] HR=85 SpO2=97 (raw:84/97 valid:1/1 sqi:1)
[2026-05-10 00:34:08.023] [GetTemp--2147478764]:i2c write failed
[2026-05-10 00:34:08.023] 5200,75,97,0.0
[2026-05-10 00:34:08.126] [GetTemp--2147478764]:i2c write failed
[2026-05-10 00:34:08.126] 5201,75,97,0.0
[2026-05-10 00:34:08.222] [GetTemp--2147478764]:i2c write failed
[2026-05-10 00:34:08.222] 5202,75,97,0.0
[2026-05-10 00:34:08.318] [GetTemp--2147478764]:i2c write failed
[2026-05-10 00:34:08.318] 5203,75,97,0.0
[2026-05-10 00:34:08.430] [GetTemp--2147478764]:i2c write failed
[2026-05-10 00:34:08.430] 5204,75,97,0.0
[2026-05-10 00:34:08.733] [GetTemp--2147478764]:i2c write failed
[2026-05-10 00:34:08.733] 5205,75,97,0.0
[2026-05-10 00:34:08.827] [GetTemp--2147478764]:i2c write failed
[2026-05-10 00:34:08.827] 5206,75,97,0.0
[2026-05-10 00:34:08.937] [GetTemp--2147478764]:i2c write failed
[2026-05-10 00:34:08.937] 5207,75,97,0.0
[2026-05-10 00:34:08.955] HR=84 SpO2=97 (raw:84/97 valid:1/1 sqi:1)
[2026-05-10 00:34:09.030] [GetTemp--2147478764]:i2c write failed
[2026-05-10 00:34:09.031] 5208,74,97,0.0
[2026-05-10 00:34:09.133] [GetTemp--2147478764]:i2c write failed
[2026-05-10 00:34:09.133] 5209,74,97,0.0
[2026-05-10 00:34:09.436] [GetTemp--2147478764]:i2c write failed
[2026-05-10 00:34:09.437] 5210,74,97,0.0
[2026-05-10 00:34:09.549] [GetTemp--2147478764]:i2c write failed
[2026-05-10 00:34:09.549] 5211,74,97,0.0
[2026-05-10 00:34:09.644] [GetTemp--2147478764]:i2c write failed
[2026-05-10 00:34:09.644] 5212,74,97,0.0
[2026-05-10 00:34:09.739] [GetTemp--2147478764]:i2c write failed
[2026-05-10 00:34:09.739] 5213,74,97,0.0
[2026-05-10 00:34:09.834] [GetTemp--2147478764]:i2c write failed
[2026-05-10 00:34:09.837] 5214,74,97,0.0
[2026-05-10 00:34:10.069] HR=84 SpO2=97 (raw:84/97 valid:1/1 sqi:1)
[2026-05-10 00:34:10.156] [GetTemp--2147478764]:i2c write failed
[2026-05-10 00:34:10.156] 5215,74,97,0.0
[2026-05-10 00:34:10.252] [GetTemp--2147478764]:i2c write failed
[2026-05-10 00:34:10.252] 5216,74,97,0.0
[2026-05-10 00:34:10.348] [GetTemp--2147478764]:i2c write failed
[2026-05-10 00:34:10.348] 5217,74,97,0.0
[2026-05-10 00:34:10.459] [GetTemp--2147478764]:i2c write failed
[2026-05-10 00:34:10.461] 5218,74,97,0.0
[2026-05-10 00:34:10.554] [GetTemp--2147478764]:i2c write failed
[2026-05-10 00:34:10.554] 5219,74,97,0.0
[2026-05-10 00:34:10.858] [GetTemp--2147478764]:i2c write failed
[2026-05-10 00:34:10.858] 5220,74,97,0.0
[2026-05-10 00:34:10.966] [GetTemp--2147478764]:i2c write failed
[2026-05-10 00:34:10.967] 5221,74,97,0.0
[2026-05-10 00:34:11.069] [GetTemp--2147478764]:i2c write failed
[2026-05-10 00:34:11.069] 5222,74,97,0.0
[2026-05-10 00:34:11.164] [GetTemp--2147478764]:i2c write failed
[2026-05-10 00:34:11.164] 5223,74,97,0.0
[2026-05-10 00:34:11.244] HR=84 SpO2=97 (raw:83/97 valid:1/1 sqi:1)
[2026-05-10 00:34:11.260] [GetTemp--2147478764]:i2c write failed
[2026-05-10 00:34:11.260] 5224,74,97,0.0
[2026-05-10 00:34:11.579] [GetTemp--2147478764]:i2c write failed
[2026-05-10 00:34:11.580] 5225,74,97,0.0
[2026-05-10 00:34:11.675] [GetTemp--2147478764]:i2c write failed
[2026-05-10 00:34:11.676] 5226,74,97,0.0
[2026-05-10 00:34:11.769] [GetTemp--2147478764]:i2c write failed
[2026-05-10 00:34:11.769] 5227,74,97,0.0
[2026-05-10 00:34:11.879] [GetTemp--2147478764]:i2c write failed
[2026-05-10 00:34:11.880] 5228,74,97,0.0
[2026-05-10 00:34:11.974] [GetTemp--2147478764]:i2c write failed
[2026-05-10 00:34:11.974] 5229,74,97,0.0
[2026-05-10 00:34:12.281] [GetTemp--2147478764]:i2c write failed
[2026-05-10 00:34:12.281] 5230,74,97,0.0
[2026-05-10 00:34:12.345] HR=84 SpO2=97 (raw:83/97 valid:1/1 sqi:1)
[2026-05-10 00:34:12.361] [GetTemp--2147478764]:i2c write failed
[2026-05-10 00:34:12.377] 5231,74,97,0.0
[2026-05-10 00:34:12.488] [GetTemp--2147478764]:i2c write failed
[2026-05-10 00:34:12.488] 5232,74,97,0.0
[2026-05-10 00:34:12.584] [GetTemp--2147478764]:i2c write failed
[2026-05-10 00:34:12.584] 5233,74,97,0.0
[2026-05-10 00:34:12.679] [GetTemp--2147478764]:i2c write failed
[2026-05-10 00:34:12.679] 5234,74,97,0.0
[2026-05-10 00:34:12.992] [GetTemp--2147478764]:i2c write failed
[2026-05-10 00:34:12.992] 5235,74,97,0.0
[2026-05-10 00:34:13.094] [GetTemp--2147478764]:i2c write failed
[2026-05-10 00:34:13.094] 5236,74,97,0.0
[2026-05-10 00:34:13.190] [GetTemp--2147478764]:i2c write failed
[2026-05-10 00:34:13.190] 5237,74,97,0.0
[2026-05-10 00:34:13.285] [GetTemp--2147478764]:i2c write failed
[2026-05-10 00:34:13.287] 5238,74,97,0.0
[2026-05-10 00:34:13.379] HR=83 SpO2=97 (raw:83/97 valid:1/1 sqi:1)
[2026-05-10 00:34:13.395] [GetTemp--2147478764]:i2c write failed
[2026-05-10 00:34:13.395] 5239,73,97,0.0
[2026-05-10 00:34:13.698] [GetTemp--2147478764]:i2c write failed
[2026-05-10 00:34:13.699] 5240,73,97,0.0
[2026-05-10 00:34:13.808] [GetTemp--2147478764]:i2c write failed
[2026-05-10 00:34:13.809] 5241,73,97,0.0
[2026-05-10 00:34:13.902] [GetTemp--2147478764]:i2c write failed
[2026-05-10 00:34:13.902] 5242,73,97,0.0
[2026-05-10 00:34:14.003] [GetTemp--2147478764]:i2c write failed
[2026-05-10 00:34:14.003] 5243,73,97,0.0
[2026-05-10 00:34:14.099] [GetTemp--2147478764]:i2c write failed
[2026-05-10 00:34:14.099] 5244,73,97,0.0
[2026-05-10 00:34:14.417] [GetTemp--2147478764]:i2c write failed
[2026-05-10 00:34:14.417] 5245,73,97,0.0
[2026-05-10 00:34:14.481] HR=83 SpO2=97 (raw:86/97 valid:1/1 sqi:1)
[2026-05-10 00:34:14.503] [GetTemp--2147478764]:i2c write failed
[2026-05-10 00:34:14.506] 5246,73,97,0.0
[2026-05-10 00:34:14.607] [GetTemp--2147478764]:i2c write failed
[2026-05-10 00:34:14.607] 5247,73,97,0.0
[2026-05-10 00:34:14.719] [GetTemp--2147478764]:i2c write failed
[2026-05-10 00:34:14.720] 5248,73,97,0.0
[2026-05-10 00:34:14.813] [GetTemp--2147478764]:i2c write failed
[2026-05-10 00:34:14.814] 5249,73,97,0.0
[2026-05-10 00:34:15.119] [GetTemp--2147478764]:i2c write failed
[2026-05-10 00:34:15.119] 5250,73,97,0.0
[2026-05-10 00:34:15.215] [GetTemp--2147478764]:i2c write failed
[2026-05-10 00:34:15.215] 5251,73,97,0.0
[2026-05-10 00:34:15.327] [GetTemp--2147478764]:i2c write failed
[2026-05-10 00:34:15.327] 5252,73,97,0.0
[2026-05-10 00:34:15.422] [GetTemp--2147478764]:i2c write failed
[2026-05-10 00:34:15.422] 5253,73,97,0.0
[2026-05-10 00:34:15.518] [GetTemp--2147478764]:i2c write failed
[2026-05-10 00:34:15.518] 5254,73,97,0.0
[2026-05-10 00:34:15.758] HR=83 SpO2=97 (raw:86/97 valid:1/1 sqi:1)
[2026-05-10 00:34:15.837] [GetTemp--2147478764]:i2c write failed
[2026-05-10 00:34:15.838] 5255,73,97,0.0
[2026-05-10 00:34:15.931] [GetTemp--2147478764]:i2c write failed
[2026-05-10 00:34:15.931] 5256,73,97,0.0
[2026-05-10 00:34:16.025] [GetTemp--2147478764]:i2c write failed
[2026-05-10 00:34:16.027] 5257,73,97,0.0
[2026-05-10 00:34:16.126] [GetTemp--2147478764]:i2c write failed
[2026-05-10 00:34:16.128] 5258,73,97,0.0
[2026-05-10 00:34:16.237] [GetTemp--2147478764]:i2c write failed
[2026-05-10 00:34:16.237] 5259,73,97,0.0
[2026-05-10 00:34:16.540] [GetTemp--2147478764]:i2c write failed
[2026-05-10 00:34:16.542] 5260,73,97,0.0
[2026-05-10 00:34:16.636] [GetTemp--2147478764]:i2c write failed
[2026-05-10 00:34:16.638] 5261,73,97,0.0
[2026-05-10 00:34:16.745] [GetTemp--2147478764]:i2c write failed
[2026-05-10 00:34:16.745] 5262,73,97,0.0
[2026-05-10 00:34:16.763] HR=83 SpO2=97 (raw:83/97 valid:1/1 sqi:1)
[2026-05-10 00:34:16.841] [GetTemp--2147478764]:i2c write failed
[2026-05-10 00:34:16.841] 5263,73,97,0.0
[2026-05-10 00:34:16.936] [GetTemp--2147478764]:i2c write failed
[2026-05-10 00:34:16.938] 5264,73,97,0.0
[2026-05-10 00:34:17.259] [GetTemp--2147478764]:i2c write failed
[2026-05-10 00:34:17.259] 5265,73,97,0.0
[2026-05-10 00:34:17.354] [GetTemp--2147478764]:i2c write failed
[2026-05-10 00:34:17.354] 5266,73,97,0.0
[2026-05-10 00:34:17.450] [GetTemp--2147478764]:i2c write failed
[2026-05-10 00:34:17.450] 5267,73,97,0.0
[2026-05-10 00:34:17.544] [GetTemp--2147478764]:i2c write failed
[2026-05-10 00:34:17.560] 5268,73,97,0.0
[2026-05-10 00:34:17.656] [GetTemp--2147478764]:i2c write failed
[2026-05-10 00:34:17.656] 5269,73,97,0.0
[2026-05-10 00:34:17.876] HR=83 SpO2=97 (raw:83/97 valid:1/1 sqi:1)
[2026-05-10 00:34:17.955] [GetTemp--2147478764]:i2c write failed
[2026-05-10 00:34:17.971] 5270,73,97,0.0
[2026-05-10 00:34:18.078] [GetTemp--2147478764]:i2c write failed
[2026-05-10 00:34:18.078] 5271,73,97,0.0
[2026-05-10 00:34:18.157] [GetTemp--2147478764]:i2c write failed
[2026-05-10 00:34:18.157] 5272,73,97,0.0
[2026-05-10 00:34:18.269] [GetTemp--2147478764]:i2c write failed
[2026-05-10 00:34:18.269] 5273,73,97,0.0
[2026-05-10 00:34:18.364] [GetTemp--2147478764]:i2c write failed
[2026-05-10 00:34:18.364] 5274,73,97,0.0
[2026-05-10 00:34:18.667] [GetTemp--2147478764]:i2c write failed
[2026-05-10 00:34:18.667] 5275,73,97,0.0
[2026-05-10 00:34:18.778] [GetTemp--2147478764]:i2c write failed
[2026-05-10 00:34:18.779] 5276,73,97,0.0
[2026-05-10 00:34:18.872] [GetTemp--2147478764]:i2c write failed
[2026-05-10 00:34:18.872] 5277,73,97,0.0
[2026-05-10 00:34:18.896] HR=83 SpO2=97 (raw:80/97 valid:1/1 sqi:1)
[2026-05-10 00:34:18.966] [GetTemp--2147478764]:i2c write failed
[2026-05-10 00:34:18.967] 5278,73,97,0.0
[2026-05-10 00:34:19.067] [GetTemp--2147478764]:i2c write failed
[2026-05-10 00:34:19.067] 5279,73,97,0.0
[2026-05-10 00:34:19.387] [GetTemp--2147478764]:i2c write failed
[2026-05-10 00:34:19.387] 5280,73,97,0.0
[2026-05-10 00:34:19.483] [GetTemp--2147478764]:i2c write failed
[2026-05-10 00:34:19.483] 5281,73,97,0.0
[2026-05-10 00:34:19.579] [GetTemp--2147478764]:i2c write failed
[2026-05-10 00:34:19.579] 5282,73,97,0.0
[2026-05-10 00:34:19.674] [GetTemp--2147478764]:i2c write failed
[2026-05-10 00:34:19.674] 5283,73,97,0.0
[2026-05-10 00:34:19.784] [GetTemp--2147478764]:i2c write failed
[2026-05-10 00:34:19.785] 5284,73,97,0.0
[2026-05-10 00:34:20.089] [GetTemp--2147478764]:i2c write failed
[2026-05-10 00:34:20.089] 5285,73,97,0.0
[2026-05-10 00:34:20.153] HR=83 SpO2=97 (raw:80/97 valid:1/1 sqi:1)
[2026-05-10 00:34:20.183] [GetTemp--2147478764]:i2c write failed
[2026-05-10 00:34:20.187] 5286,73,97,0.0
[2026-05-10 00:34:20.297] [GetTemp--2147478764]:i2c write failed
[2026-05-10 00:34:20.297] 5287,73,97,0.0
[2026-05-10 00:34:20.392] [GetTemp--2147478764]:i2c write failed
[2026-05-10 00:34:20.393] 5288,73,97,0.0
[2026-05-10 00:34:20.488] [GetTemp--2147478764]:i2c write failed
[2026-05-10 00:34:20.489] 5289,73,97,0.0
[2026-05-10 00:34:20.804] [GetTemp--2147478764]:i2c write failed
[2026-05-10 00:34:20.804] 5290,73,97,0.0
[2026-05-10 00:34:20.899] [GetTemp--2147478764]:i2c write failed
[2026-05-10 00:34:20.899] 5291,73,97,0.0
[2026-05-10 00:34:21.008] [GetTemp--2147478764]:i2c write failed
[2026-05-10 00:34:21.008] 5292,73,97,0.0
[2026-05-10 00:34:21.096] [GetTemp--2147478764]:i2c write failed
[2026-05-10 00:34:21.098] 5293,73,97,0.0
[2026-05-10 00:34:21.193] HR=80 SpO2=97 (raw:80/97 valid:1/1 sqi:1)
[2026-05-10 00:34:21.193] [GetTemp--2147478764]:i2c write failed
[2026-05-10 00:34:21.208] 5294,70,97,0.0
[2026-05-10 00:34:21.510] [GetTemp--2147478764]:i2c write failed
[2026-05-10 00:34:21.510] 5295,70,97,0.0
[2026-05-10 00:34:21.604] [GetTemp--2147478764]:i2c write failed
[2026-05-10 00:34:21.604] 5296,70,97,0.0
[2026-05-10 00:34:21.715] [GetTemp--2147478764]:i2c write failed
[2026-05-10 00:34:21.715] 5297,70,97,0.0
[2026-05-10 00:34:21.810] [GetTemp--2147478764]:i2c write failed
[2026-05-10 00:34:21.810] 5298,70,97,0.0
[2026-05-10 00:34:21.918] [GetTemp--2147478764]:i2c write failed
[2026-05-10 00:34:21.919] 5299,70,97,0.0
[2026-05-10 00:34:22.227] [GetTemp--2147478764]:i2c write failed
[2026-05-10 00:34:22.227] 5300,70,97,0.0
[2026-05-10 00:34:22.290] HR=80 SpO2=97 (raw:78/98 valid:1/1 sqi:1)
[2026-05-10 00:34:22.314] [GetTemp--2147478764]:i2c write failed
[2026-05-10 00:34:22.317] 5301,70,97,0.0
[2026-05-10 00:34:22.418] [GetTemp--2147478764]:i2c write failed
[2026-05-10 00:34:22.418] 5302,70,97,0.0
[2026-05-10 00:34:22.529] [GetTemp--2147478764]:i2c write failed
[2026-05-10 00:34:22.529] 5303,70,97,0.0
[2026-05-10 00:34:22.625] [GetTemp--2147478764]:i2c write failed
[2026-05-10 00:34:22.625] 5304,70,97,0.0
[2026-05-10 00:34:22.925] [GetTemp--2147478764]:i2c write failed
[2026-05-10 00:34:22.940] 5305,70,97,0.0
[2026-05-10 00:34:23.034] [GetTemp--2147478764]:i2c write failed
[2026-05-10 00:34:23.035] 5306,70,97,0.0
[2026-05-10 00:34:23.138] [GetTemp--2147478764]:i2c write failed
[2026-05-10 00:34:23.138] 5307,70,97,0.0
[2026-05-10 00:34:23.233] [GetTemp--2147478764]:i2c write failed
[2026-05-10 00:34:23.236] 5308,70,97,0.0
[2026-05-10 00:34:23.313] HR=80 SpO2=97 (raw:85/97 valid:1/1 sqi:1)
[2026-05-10 00:34:23.329] [GetTemp--2147478764]:i2c write failed
[2026-05-10 00:34:23.329] 5309,70,97,0.0
[2026-05-10 00:34:23.646] [GetTemp--2147478764]:i2c write failed
[2026-05-10 00:34:23.646] 5310,70,97,0.0
[2026-05-10 00:34:23.740] [GetTemp--2147478764]:i2c write failed
[2026-05-10 00:34:23.740] 5311,70,97,0.0
[2026-05-10 00:34:23.835] [GetTemp--2147478764]:i2c write failed
[2026-05-10 00:34:23.837] 5312,70,97,0.0
[2026-05-10 00:34:23.946] [GetTemp--2147478764]:i2c write failed
[2026-05-10 00:34:23.947] 5313,70,97,0.0
[2026-05-10 00:34:24.045] [GetTemp--2147478764]:i2c write failed
[2026-05-10 00:34:24.045] 5314,70,97,0.0
[2026-05-10 00:34:24.348] [GetTemp--2147478764]:i2c write failed
[2026-05-10 00:34:24.348] 5315,70,97,0.0
[2026-05-10 00:34:24.444] [GetTemp--2147478764]:i2c write failed
[2026-05-10 00:34:24.460] 5316,70,97,0.0
[2026-05-10 00:34:24.556] [GetTemp--2147478764]:i2c write failed
[2026-05-10 00:34:24.556] 5317,70,97,0.0
[2026-05-10 00:34:24.572] HR=80 SpO2=97 (raw:84/97 valid:1/1 sqi:1)
[2026-05-10 00:34:24.651] [GetTemp--2147478764]:i2c write failed
[2026-05-10 00:34:24.651] 5318,70,97,0.0
[2026-05-10 00:34:24.746] [GetTemp--2147478764]:i2c write failed
[2026-05-10 00:34:24.748] 5319,70,97,0.0
[2026-05-10 00:34:25.058] [GetTemp--2147478764]:i2c write failed
[2026-05-10 00:34:25.059] 5320,70,97,0.0
[2026-05-10 00:34:25.157] [GetTemp--2147478764]:i2c write failed
[2026-05-10 00:34:25.157] 5321,70,97,0.0
[2026-05-10 00:34:25.269] [GetTemp--2147478764]:i2c write failed
[2026-05-10 00:34:25.269] 5322,70,97,0.0
[2026-05-10 00:34:25.364] [GetTemp--2147478764]:i2c write failed
[2026-05-10 00:34:25.364] 5323,70,97,0.0
[2026-05-10 00:34:25.460] [GetTemp--2147478764]:i2c write failed
[2026-05-10 00:34:25.460] 5324,70,97,0.0
[2026-05-10 00:34:25.684] HR=84 SpO2=97 (raw:85/97 valid:1/1 sqi:1)
[2026-05-10 00:34:25.779] [GetTemp--2147478764]:i2c write failed
[2026-05-10 00:34:25.780] 5325,74,97,0.0
[2026-05-10 00:34:25.873] [GetTemp--2147478764]:i2c write failed
[2026-05-10 00:34:25.873] 5326,74,97,0.0
[2026-05-10 00:34:25.967] [GetTemp--2147478764]:i2c write failed
[2026-05-10 00:34:25.967] 5327,74,97,0.0
[2026-05-10 00:34:26.068] [GetTemp--2147478764]:i2c write failed
[2026-05-10 00:34:26.068] 5328,74,97,0.0
[2026-05-10 00:34:26.180] [GetTemp--2147478764]:i2c write failed
[2026-05-10 00:34:26.180] 5329,74,97,0.0
[2026-05-10 00:34:26.483] [GetTemp--2147478764]:i2c write failed
[2026-05-10 00:34:26.483] 5330,74,97,0.0
[2026-05-10 00:34:26.579] [GetTemp--2147478764]:i2c write failed
[2026-05-10 00:34:26.579] 5331,74,97,0.0
[2026-05-10 00:34:26.674] [GetTemp--2147478764]:i2c write failed
[2026-05-10 00:34:26.690] 5332,74,97,0.0
[2026-05-10 00:34:26.690] HR=85 SpO2=97 (raw:85/97 valid:1/1 sqi:1)
[2026-05-10 00:34:26.785] [GetTemp--2147478764]:i2c write failed
[2026-05-10 00:34:26.786] 5333,75,97,0.0
[2026-05-10 00:34:26.878] [GetTemp--2147478764]:i2c write failed
[2026-05-10 00:34:26.878] 5334,75,97,0.0
[2026-05-10 00:34:27.187] [GetTemp--2147478764]:i2c write failed
[2026-05-10 00:34:27.187] 5335,75,97,0.0
[2026-05-10 00:34:27.298] [GetTemp--2147478764]:i2c write failed
[2026-05-10 00:34:27.299] 5336,75,97,0.0
[2026-05-10 00:34:27.394] [GetTemp--2147478764]:i2c write failed
[2026-05-10 00:34:27.394] 5337,75,97,0.0
[2026-05-10 00:34:27.490] [GetTemp--2147478764]:i2c write failed
[2026-05-10 00:34:27.490] 5338,75,97,0.0
[2026-05-10 00:34:27.601] [GetTemp--2147478764]:i2c write failed
[2026-05-10 00:34:27.601] 5339,75,97,0.0
[2026-05-10 00:34:27.823] HR=85 SpO2=97 (raw:86/98 valid:1/1 sqi:1)
[2026-05-10 00:34:27.901] [GetTemp--2147478764]:i2c write failed
[2026-05-10 00:34:27.902] 5340,75,97,0.0
[2026-05-10 00:34:27.995] [GetTemp--2147478764]:i2c write failed
[2026-05-10 00:34:27.997] 5341,75,97,0.0
[2026-05-10 00:34:28.100] [GetTemp--2147478764]:i2c write failed
[2026-05-10 00:34:28.100] 5342,75,97,0.0
[2026-05-10 00:34:28.194] [GetTemp--2147478764]:i2c write failed
[2026-05-10 00:34:28.194] 5343,75,97,0.0
[2026-05-10 00:34:28.305] [GetTemp--2147478764]:i2c write failed
[2026-05-10 00:34:28.305] 5344,75,97,0.0
[2026-05-10 00:34:28.610] [GetTemp--2147478764]:i2c write failed
[2026-05-10 00:34:28.610] 5345,75,97,0.0
[2026-05-10 00:34:28.705] [GetTemp--2147478764]:i2c write failed
[2026-05-10 00:34:28.705] 5346,75,97,0.0
[2026-05-10 00:34:28.813] [GetTemp--2147478764]:i2c write failed
[2026-05-10 00:34:28.814] 5347,75,97,0.0
[2026-05-10 00:34:28.907] [GetTemp--2147478764]:i2c write failed
[2026-05-10 00:34:28.907] 5348,75,97,0.0
[2026-05-10 00:34:29.000] HR=85 SpO2=97 (raw:89/97 valid:1/1 sqi:1)
[2026-05-10 00:34:29.004] [GetTemp--2147478764]:i2c write failed
[2026-05-10 00:34:29.007] 5349,75,97,0.0
[2026-05-10 00:34:29.327] [GetTemp--2147478764]:i2c write failed
[2026-05-10 00:34:29.327] 5350,75,97,0.0
[2026-05-10 00:34:29.423] [GetTemp--2147478764]:i2c write failed
[2026-05-10 00:34:29.423] 5351,75,97,0.0
[2026-05-10 00:34:29.518] [GetTemp--2147478764]:i2c write failed
[2026-05-10 00:34:29.520] 5352,75,97,0.0
[2026-05-10 00:34:29.629] [GetTemp--2147478764]:i2c write failed
[2026-05-10 00:34:29.629] 5353,75,97,0.0
[2026-05-10 00:34:29.723] [GetTemp--2147478764]:i2c write failed
[2026-05-10 00:34:29.724] 5354,75,97,0.0
[2026-05-10 00:34:30.028] [GetTemp--2147478764]:i2c write failed
[2026-05-10 00:34:30.028] 5355,75,97,0.0
[2026-05-10 00:34:30.092] HR=86 SpO2=97 (raw:86/98 valid:1/1 sqi:1)
[2026-05-10 00:34:30.123] [GetTemp--2147478764]:i2c write failed
[2026-05-10 00:34:30.127] 5356,76,97,0.0
[2026-05-10 00:34:30.235] [GetTemp--2147478764]:i2c write failed
[2026-05-10 00:34:30.235] 5357,76,97,0.0
[2026-05-10 00:34:30.330] [GetTemp--2147478764]:i2c write failed
[2026-05-10 00:34:30.330] 5358,76,97,0.0
[2026-05-10 00:34:30.426] [GetTemp--2147478764]:i2c write failed
[2026-05-10 00:34:30.428] 5359,76,97,0.0
[2026-05-10 00:34:30.744] [GetTemp--2147478764]:i2c write failed
[2026-05-10 00:34:30.744] 5360,76,97,0.0
[2026-05-10 00:34:30.838] [GetTemp--2147478764]:i2c write failed
[2026-05-10 00:34:30.838] 5361,76,97,0.0
[2026-05-10 00:34:30.946] [GetTemp--2147478764]:i2c write failed
[2026-05-10 00:34:30.946] 5362,76,97,0.0
[2026-05-10 00:34:31.039] [GetTemp--2147478764]:i2c write failed
[2026-05-10 00:34:31.039] 5363,76,97,0.0
[2026-05-10 00:34:31.123] HR=86 SpO2=97 (raw:85/97 valid:1/1 sqi:1)
[2026-05-10 00:34:31.132] [GetTemp--2147478764]:i2c write failed
[2026-05-10 00:34:31.136] 5364,76,97,0.0
[2026-05-10 00:34:31.458] [GetTemp--2147478764]:i2c write failed
[2026-05-10 00:34:31.458] 5365,76,97,0.0
[2026-05-10 00:34:31.554] [GetTemp--2147478764]:i2c write failed
[2026-05-10 00:34:31.554] 5366,76,97,0.0
[2026-05-10 00:34:31.649] [GetTemp--2147478764]:i2c write failed
[2026-05-10 00:34:31.649] 5367,76,97,0.0
[2026-05-10 00:34:31.745] [GetTemp--2147478764]:i2c write failed
[2026-05-10 00:34:31.760] 5368,76,97,0.0
[2026-05-10 00:34:31.854] [GetTemp--2147478764]:i2c write failed
[2026-05-10 00:34:31.855] 5369,76,97,0.0
[2026-05-10 00:34:32.160] [GetTemp--2147478764]:i2c write failed
[2026-05-10 00:34:32.160] 5370,76,97,0.0
[2026-05-10 00:34:32.222] HR=86 SpO2=97 (raw:81/97 valid:1/1 sqi:1)
[2026-05-10 00:34:32.253] [GetTemp--2147478764]:i2c write failed
[2026-05-10 00:34:32.257] 5371,76,97,0.0
[2026-05-10 00:34:32.365] [GetTemp--2147478764]:i2c write failed
[2026-05-10 00:34:32.365] 5372,76,97,0.0
[2026-05-10 00:34:32.461] [GetTemp--2147478764]:i2c write failed
[2026-05-10 00:34:32.461] 5373,76,97,0.0
[2026-05-10 00:34:32.557] [GetTemp--2147478764]:i2c write failed
[2026-05-10 00:34:32.557] 5374,76,97,0.0
[2026-05-10 00:34:32.827] ReadLicenseData(), failed to get licdata string
[2026-05-10 00:34:32.828] VerifyLicense(), cannot read license data files
[2026-05-10 00:34:32.828] license_task_main() verify license invalid, reboot after 49 mins
[2026-05-10 00:34:32.874] [GetTemp--2147478764]:i2c write failed
[2026-05-10 00:34:32.874] 5375,76,97,0.0
[2026-05-10 00:34:32.967] [GetTemp--2147478764]:i2c write failed
[2026-05-10 00:34:32.967] 5376,76,97,0.0
[2026-05-10 00:34:33.085] [GetTemp--2147478764]:i2c write failed
[2026-05-10 00:34:33.085] 5377,76,97,0.0
[2026-05-10 00:34:33.165] [GetTemp--2147478764]:i2c write failed
[2026-05-10 00:34:33.180] 5378,76,97,0.0
[2026-05-10 00:34:33.276] [GetTemp--2147478764]:i2c write failed
[2026-05-10 00:34:33.276] 5379,76,97,0.0
[2026-05-10 00:34:33.499] HR=85 SpO2=97 (raw:80/97 valid:1/1 sqi:1)
[2026-05-10 00:34:33.579] [GetTemp--2147478764]:i2c write failed
[2026-05-10 00:34:33.579] 5380,75,97,0.0
[2026-05-10 00:34:33.675] [GetTemp--2147478764]:i2c write failed
[2026-05-10 00:34:33.677] 5381,75,97,0.0
[2026-05-10 00:34:33.784] [GetTemp--2147478764]:i2c write failed
[2026-05-10 00:34:33.784] 5382,75,97,0.0
[2026-05-10 00:34:33.879] [GetTemp--2147478764]:i2c write failed
[2026-05-10 00:34:33.879] 5383,75,97,0.0
[2026-05-10 00:34:33.995] [GetTemp--2147478764]:i2c write failed
[2026-05-10 00:34:33.995] 5384,75,97,0.0
[2026-05-10 00:34:34.296] [GetTemp--2147478764]:i2c write failed
[2026-05-10 00:34:34.296] 5385,75,97,0.0
[2026-05-10 00:34:34.393] [GetTemp--2147478764]:i2c write failed
[2026-05-10 00:34:34.393] 5386,75,97,0.0
[2026-05-10 00:34:34.487] [GetTemp--2147478764]:i2c write failed
[2026-05-10 00:34:34.487] 5387,75,97,0.0
[2026-05-10 00:34:34.503] HR=82 SpO2=97 (raw:82/98 valid:1/1 sqi:1)
[2026-05-10 00:34:34.599] [GetTemp--2147478764]:i2c write failed
[2026-05-10 00:34:34.599] 5388,72,97,0.0
[2026-05-10 00:34:34.696] [GetTemp--2147478764]:i2c write failed
[2026-05-10 00:34:34.697] 5389,72,97,0.0
[2026-05-10 00:34:35.002] [GetTemp--2147478764]:i2c write failed
[2026-05-10 00:34:35.002] 5390,72,97,0.0
[2026-05-10 00:34:35.098] [GetTemp--2147478764]:i2c write failed
[2026-05-10 00:34:35.100] 5391,72,97,0.0
[2026-05-10 00:34:35.209] [GetTemp--2147478764]:i2c write failed
[2026-05-10 00:34:35.209] 5392,72,97,0.0
[2026-05-10 00:34:35.305] [GetTemp--2147478764]:i2c write failed
[2026-05-10 00:34:35.305] 5393,72,97,0.0
[2026-05-10 00:34:35.401] [GetTemp--2147478764]:i2c write failed
[2026-05-10 00:34:35.401] 5394,72,97,0.0
[2026-05-10 00:34:35.625] HR=82 SpO2=97 (raw:84/99 valid:1/1 sqi:1)
[2026-05-10 00:34:35.705] [GetTemp--2147478764]:i2c write failed
[2026-05-10 00:34:35.721] 5395,72,97,0.0
[2026-05-10 00:34:35.814] [GetTemp--2147478764]:i2c write failed
[2026-05-10 00:34:35.815] 5396,72,97,0.0
[2026-05-10 00:34:35.908] [GetTemp--2147478764]:i2c write failed
[2026-05-10 00:34:35.908] 5397,72,97,0.0
[2026-05-10 00:34:36.018] [GetTemp--2147478764]:i2c write failed
[2026-05-10 00:34:36.018] 5398,72,97,0.0
[2026-05-10 00:34:36.106] [GetTemp--2147478764]:i2c write failed
[2026-05-10 00:34:36.108] 5399,72,97,0.0
[2026-05-10 00:34:36.425] [GetTemp--2147478764]:i2c write failed
[2026-05-10 00:34:36.425] 5400,72,97,0.0
[2026-05-10 00:34:36.521] [GetTemp--2147478764]:i2c write failed
[2026-05-10 00:34:36.521] 5401,72,97,0.0
[2026-05-10 00:34:36.617] [GetTemp--2147478764]:i2c write failed
[2026-05-10 00:34:36.617] 5402,72,97,0.0
[2026-05-10 00:34:36.633] HR=82 SpO2=98 (raw:83/98 valid:1/1 sqi:1)
[2026-05-10 00:34:36.728] [GetTemp--2147478764]:i2c write failed
[2026-05-10 00:34:36.728] 5403,72,98,0.0
[2026-05-10 00:34:36.822] [GetTemp--2147478764]:i2c write failed
[2026-05-10 00:34:36.823] 5404,72,98,0.0
[2026-05-10 00:34:37.128] [GetTemp--2147478764]:i2c write failed
[2026-05-10 00:34:37.128] 5405,72,98,0.0
[2026-05-10 00:34:37.240] [GetTemp--2147478764]:i2c write failed
[2026-05-10 00:34:37.241] 5406,72,98,0.0
[2026-05-10 00:34:37.336] [GetTemp--2147478764]:i2c write failed
[2026-05-10 00:34:37.336] 5407,72,98,0.0
[2026-05-10 00:34:37.431] [GetTemp--2147478764]:i2c write failed
[2026-05-10 00:34:37.431] 5408,72,98,0.0
[2026-05-10 00:34:37.526] [GetTemp--2147478764]:i2c write failed
[2026-05-10 00:34:37.526] 5409,72,98,0.0
[2026-05-10 00:34:37.842] [GetTemp--2147478764]:i2c write failed
[2026-05-10 00:34:37.842] 5410,72,98,0.0
[2026-05-10 00:34:37.904] HR=83 SpO2=98 (raw:84/97 valid:1/1 sqi:1)
[2026-05-10 00:34:37.935] [GetTemp--2147478764]:i2c write failed
[2026-05-10 00:34:37.938] 5411,73,98,0.0
[2026-05-10 00:34:38.038] [GetTemp--2147478764]:i2c write failed
[2026-05-10 00:34:38.038] 5412,73,98,0.0
[2026-05-10 00:34:38.149] [GetTemp--2147478764]:i2c write failed
[2026-05-10 00:34:38.149] 5413,73,98,0.0
[2026-05-10 00:34:38.245] [GetTemp--2147478764]:i2c write failed
[2026-05-10 00:34:38.245] 5414,73,98,0.0
[2026-05-10 00:34:38.548] [GetTemp--2147478764]:i2c write failed
[2026-05-10 00:34:38.548] 5415,73,98,0.0
[2026-05-10 00:34:38.660] [GetTemp--2147478764]:i2c write failed
[2026-05-10 00:34:38.660] 5416,73,98,0.0
[2026-05-10 00:34:38.754] [GetTemp--2147478764]:i2c write failed
[2026-05-10 00:34:38.756] 5417,73,98,0.0
[2026-05-10 00:34:38.848] [GetTemp--2147478764]:i2c write failed
[2026-05-10 00:34:38.848] 5418,73,98,0.0
[2026-05-10 00:34:38.942] HR=84 SpO2=98 (raw:85/97 valid:1/1 sqi:1)
[2026-05-10 00:34:38.956] [GetTemp--2147478764]:i2c write failed
[2026-05-10 00:34:38.956] 5419,74,98,0.0
[2026-05-10 00:34:39.267] [GetTemp--2147478764]:i2c write failed
[2026-05-10 00:34:39.267] 5420,74,98,0.0
[2026-05-10 00:34:39.363] [GetTemp--2147478764]:i2c write failed
[2026-05-10 00:34:39.363] 5421,74,98,0.0
[2026-05-10 00:34:39.459] [GetTemp--2147478764]:i2c write failed
[2026-05-10 00:34:39.459] 5422,74,98,0.0
[2026-05-10 00:34:39.554] [GetTemp--2147478764]:i2c write failed
[2026-05-10 00:34:39.570] 5423,74,98,0.0
[2026-05-10 00:34:39.666] [GetTemp--2147478764]:i2c write failed
[2026-05-10 00:34:39.666] 5424,74,98,0.0
[2026-05-10 00:34:39.978] [GetTemp--2147478764]:i2c write failed
[2026-05-10 00:34:39.978] 5425,74,98,0.0
[2026-05-10 00:34:40.044] HR=84 SpO2=98 (raw:84/98 valid:1/1 sqi:1)
[2026-05-10 00:34:40.060] [GetTemp--2147478764]:i2c write failed
[2026-05-10 00:34:40.067] 5426,74,98,0.0
[2026-05-10 00:34:40.171] [GetTemp--2147478764]:i2c write failed
[2026-05-10 00:34:40.172] 5427,74,98,0.0
[2026-05-10 00:34:40.267] [GetTemp--2147478764]:i2c write failed
[2026-05-10 00:34:40.267] 5428,74,98,0.0
[2026-05-10 00:34:40.379] [GetTemp--2147478764]:i2c write failed
[2026-05-10 00:34:40.379] 5429,74,98,0.0
[2026-05-10 00:34:40.682] [GetTemp--2147478764]:i2c write failed
[2026-05-10 00:34:40.682] 5430,74,98,0.0
[2026-05-10 00:34:40.776] [GetTemp--2147478764]:i2c write failed
[2026-05-10 00:34:40.777] 5431,74,98,0.0
[2026-05-10 00:34:40.883] [GetTemp--2147478764]:i2c write failed
[2026-05-10 00:34:40.883] 5432,74,98,0.0
[2026-05-10 00:34:40.976] [GetTemp--2147478764]:i2c write failed
[2026-05-10 00:34:40.978] 5433,74,98,0.0
[2026-05-10 00:34:41.075] HR=84 SpO2=98 (raw:85/98 valid:1/1 sqi:1)
[2026-05-10 00:34:41.075] [GetTemp--2147478764]:i2c write failed
[2026-05-10 00:34:41.075] 5434,74,98,0.0
[2026-05-10 00:34:41.393] [GetTemp--2147478764]:i2c write failed
[2026-05-10 00:34:41.395] 5435,74,98,0.0
[2026-05-10 00:34:41.487] [GetTemp--2147478764]:i2c write failed
[2026-05-10 00:34:41.487] 5436,74,98,0.0
[2026-05-10 00:34:41.598] [GetTemp--2147478764]:i2c write failed
[2026-05-10 00:34:41.598] 5437,74,98,0.0
[2026-05-10 00:34:41.693] [GetTemp--2147478764]:i2c write failed
[2026-05-10 00:34:41.694] 5438,74,98,0.0
[2026-05-10 00:34:41.786] [GetTemp--2147478764]:i2c write failed
[2026-05-10 00:34:41.787] 5439,74,98,0.0
[2026-05-10 00:34:42.109] [GetTemp--2147478764]:i2c write failed
[2026-05-10 00:34:42.109] 5440,74,98,0.0
[2026-05-10 00:34:42.204] [GetTemp--2147478764]:i2c write failed
[2026-05-10 00:34:42.205] 5441,74,98,0.0
[2026-05-10 00:34:42.301] [GetTemp--2147478764]:i2c write failed
[2026-05-10 00:34:42.301] 5442,74,98,0.0
[2026-05-10 00:34:42.317] HR=85 SpO2=98 (raw:86/98 valid:1/1 sqi:1)
[2026-05-10 00:34:42.396] [GetTemp--2147478764]:i2c write failed
[2026-05-10 00:34:42.399] 5443,75,98,0.0
[2026-05-10 00:34:42.507] [GetTemp--2147478764]:i2c write failed
[2026-05-10 00:34:42.507] 5444,75,98,0.0
[2026-05-10 00:34:42.809] [GetTemp--2147478764]:i2c write failed
[2026-05-10 00:34:42.809] 5445,75,98,0.0
[2026-05-10 00:34:42.919] [GetTemp--2147478764]:i2c write failed
[2026-05-10 00:34:42.919] 5446,75,98,0.0
[2026-05-10 00:34:43.012] [GetTemp--2147478764]:i2c write failed
[2026-05-10 00:34:43.012] 5447,75,98,0.0
[2026-05-10 00:34:43.105] [GetTemp--2147478764]:i2c write failed
[2026-05-10 00:34:43.108] 5448,75,98,0.0
[2026-05-10 00:34:43.209] [GetTemp--2147478764]:i2c write failed
[2026-05-10 00:34:43.209] 5449,75,98,0.0
[2026-05-10 00:34:43.449] HR=85 SpO2=98 (raw:89/98 valid:1/1 sqi:1)
[2026-05-10 00:34:43.529] [GetTemp--2147478764]:i2c write failed
[2026-05-10 00:34:43.529] 5450,75,98,0.0
[2026-05-10 00:34:43.625] [GetTemp--2147478764]:i2c write failed
[2026-05-10 00:34:43.625] 5451,75,98,0.0
[2026-05-10 00:34:43.721] [GetTemp--2147478764]:i2c write failed
[2026-05-10 00:34:43.721] 5452,75,98,0.0
[2026-05-10 00:34:43.829] [GetTemp--2147478764]:i2c write failed
[2026-05-10 00:34:43.829] 5453,75,98,0.0
[2026-05-10 00:34:43.923] [GetTemp--2147478764]:i2c write failed
[2026-05-10 00:34:43.923] 5454,75,98,0.0
[2026-05-10 00:34:44.239] [GetTemp--2147478764]:i2c write failed
[2026-05-10 00:34:44.240] 5455,75,98,0.0
[2026-05-10 00:34:44.333] [GetTemp--2147478764]:i2c write failed
[2026-05-10 00:34:44.333] 5456,75,98,0.0
[2026-05-10 00:34:44.428] [GetTemp--2147478764]:i2c write failed
[2026-05-10 00:34:44.428] 5457,75,98,0.0
[2026-05-10 00:34:44.456] HR=86 SpO2=98 (raw:90/98 valid:1/1 sqi:1)
[2026-05-10 00:34:44.540] [GetTemp--2147478764]:i2c write failed
[2026-05-10 00:34:44.540] 5458,76,98,0.0
[2026-05-10 00:34:44.634] [GetTemp--2147478764]:i2c write failed
[2026-05-10 00:34:44.634] 5459,76,98,0.0
[2026-05-10 00:34:44.948] [GetTemp--2147478764]:i2c write failed
[2026-05-10 00:34:44.949] 5460,76,98,0.0
[2026-05-10 00:34:45.041] [GetTemp--2147478764]:i2c write failed
[2026-05-10 00:34:45.042] 5461,76,98,0.0
[2026-05-10 00:34:45.146] [GetTemp--2147478764]:i2c write failed
[2026-05-10 00:34:45.146] 5462,76,98,0.0
[2026-05-10 00:34:45.241] [GetTemp--2147478764]:i2c write failed
[2026-05-10 00:34:45.241] 5463,76,98,0.0
[2026-05-10 00:34:45.337] [GetTemp--2147478764]:i2c write failed
[2026-05-10 00:34:45.337] 5464,76,98,0.0
[2026-05-10 00:34:45.576] HR=89 SpO2=98 (raw:90/98 valid:1/1 sqi:1)
[2026-05-10 00:34:45.655] [GetTemp--2147478764]:i2c write failed
[2026-05-10 00:34:45.655] 5465,79,98,0.0
[2026-05-10 00:34:45.750] [GetTemp--2147478764]:i2c write failed
[2026-05-10 00:34:45.750] 5466,79,98,0.0
[2026-05-10 00:34:45.845] [GetTemp--2147478764]:i2c write failed
[2026-05-10 00:34:45.861] 5467,79,98,0.0
[2026-05-10 00:34:45.955] [GetTemp--2147478764]:i2c write failed
[2026-05-10 00:34:45.955] 5468,79,98,0.0
[2026-05-10 00:34:46.049] [GetTemp--2147478764]:i2c write failed
[2026-05-10 00:34:46.050] 5469,79,98,0.0
[2026-05-10 00:34:46.358] [GetTemp--2147478764]:i2c write failed
[2026-05-10 00:34:46.358] 5470,79,98,0.0
[2026-05-10 00:34:46.469] [GetTemp--2147478764]:i2c write failed
[2026-05-10 00:34:46.469] 5471,79,98,0.0
[2026-05-10 00:34:46.565] [GetTemp--2147478764]:i2c write failed
[2026-05-10 00:34:46.565] 5472,79,98,0.0
[2026-05-10 00:34:46.660] [GetTemp--2147478764]:i2c write failed
[2026-05-10 00:34:46.660] 5473,79,98,0.0
[2026-05-10 00:34:46.755] HR=90 SpO2=98 (raw:92/98 valid:1/1 sqi:1)
[2026-05-10 00:34:46.755] [GetTemp--2147478764]:i2c write failed
[2026-05-10 00:34:46.755] 5474,80,98,0.0
[2026-05-10 00:34:47.069] [GetTemp--2147478764]:i2c write failed
[2026-05-10 00:34:47.070] 5475,80,98,0.0
[2026-05-10 00:34:47.171] [GetTemp--2147478764]:i2c write failed
[2026-05-10 00:34:47.171] 5476,80,98,0.0
[2026-05-10 00:34:47.267] [GetTemp--2147478764]:i2c write failed
[2026-05-10 00:34:47.267] 5477,80,98,0.0
[2026-05-10 00:34:47.379] [GetTemp--2147478764]:i2c write failed
[2026-05-10 00:34:47.381] 5478,80,98,0.0
[2026-05-10 00:34:47.476] [GetTemp--2147478764]:i2c write failed
[2026-05-10 00:34:47.476] 5479,80,98,0.0
[2026-05-10 00:34:47.777] [GetTemp--2147478764]:i2c write failed
[2026-05-10 00:34:47.778] 5480,80,98,0.0
[2026-05-10 00:34:47.854] HR=90 SpO2=98 (raw:90/98 valid:1/1 sqi:1)
[2026-05-10 00:34:47.873] [GetTemp--2147478764]:i2c write failed
[2026-05-10 00:34:47.877] 5481,80,98,0.0
[2026-05-10 00:34:47.978] [GetTemp--2147478764]:i2c write failed
[2026-05-10 00:34:47.978] 5482,80,98,0.0
[2026-05-10 00:34:48.081] [GetTemp--2147478764]:i2c write failed
[2026-05-10 00:34:48.081] 5483,80,98,0.0
[2026-05-10 00:34:48.176] [GetTemp--2147478764]:i2c write failed
[2026-05-10 00:34:48.176] 5484,80,98,0.0
[2026-05-10 00:34:48.496] [GetTemp--2147478764]:i2c write failed
[2026-05-10 00:34:48.496] 5485,80,98,0.0
[2026-05-10 00:34:48.592] [GetTemp--2147478764]:i2c write failed
[2026-05-10 00:34:48.592] 5486,80,98,0.0
[2026-05-10 00:34:48.685] [GetTemp--2147478764]:i2c write failed
[2026-05-10 00:34:48.702] 5487,80,98,0.0
[2026-05-10 00:34:48.795] [GetTemp--2147478764]:i2c write failed
[2026-05-10 00:34:48.796] 5488,80,98,0.0
[2026-05-10 00:34:48.874] HR=90 SpO2=98 (raw:90/98 valid:1/1 sqi:1)
[2026-05-10 00:34:48.890] [GetTemp--2147478764]:i2c write failed
[2026-05-10 00:34:48.890] 5489,80,98,0.0
[2026-05-10 00:34:49.205] [GetTemp--2147478764]:i2c write failed
[2026-05-10 00:34:49.205] 5490,80,98,0.0
[2026-05-10 00:34:49.300] [GetTemp--2147478764]:i2c write failed
[2026-05-10 00:34:49.300] 5491,80,98,0.0
[2026-05-10 00:34:49.396] [GetTemp--2147478764]:i2c write failed
[2026-05-10 00:34:49.399] 5492,80,98,0.0
[2026-05-10 00:34:49.508] [GetTemp--2147478764]:i2c write failed
[2026-05-10 00:34:49.508] 5493,80,98,0.0
[2026-05-10 00:34:49.604] [GetTemp--2147478764]:i2c write failed
[2026-05-10 00:34:49.604] 5494,80,98,0.0
[2026-05-10 00:34:49.918] [GetTemp--2147478764]:i2c write failed
[2026-05-10 00:34:49.919] 5495,80,98,0.0
[2026-05-10 00:34:49.988] HR=90 SpO2=98 (raw:90/98 valid:1/1 sqi:1)
[2026-05-10 00:34:50.020] [GetTemp--2147478764]:i2c write failed
[2026-05-10 00:34:50.020] 5496,80,98,0.0
[2026-05-10 00:34:50.115] [GetTemp--2147478764]:i2c write failed
[2026-05-10 00:34:50.117] 5497,80,98,0.0
[2026-05-10 00:34:50.209] [GetTemp--2147478764]:i2c write failed
[2026-05-10 00:34:50.209] 5498,80,98,0.0
[2026-05-10 00:34:50.305] [GetTemp--2147478764]:i2c write failed
[2026-05-10 00:34:50.308] 5499,80,98,0.0
[2026-05-10 00:34:50.626] [GetTemp--2147478764]:i2c write failed
[2026-05-10 00:34:50.626] 5500,80,98,0.0
[2026-05-10 00:34:50.721] [GetTemp--2147478764]:i2c write failed
[2026-05-10 00:34:50.721] 5501,80,98,0.0
[2026-05-10 00:34:50.815] [GetTemp--2147478764]:i2c write failed
[2026-05-10 00:34:50.818] 5502,80,98,0.0
[2026-05-10 00:34:50.925] [GetTemp--2147478764]:i2c write failed
[2026-05-10 00:34:50.925] 5503,80,98,0.0
[2026-05-10 00:34:51.018] [GetTemp--2147478764]:i2c write failed
[2026-05-10 00:34:51.020] 5504,80,98,0.0
[2026-05-10 00:34:51.258] HR=90 SpO2=98 (raw:84/98 valid:1/1 sqi:1)
[2026-05-10 00:34:51.337] [GetTemp--2147478764]:i2c write failed
[2026-05-10 00:34:51.337] 5505,80,98,0.0
[2026-05-10 00:34:51.433] [GetTemp--2147478764]:i2c write failed
[2026-05-10 00:34:51.433] 5506,80,98,0.0
[2026-05-10 00:34:51.529] [GetTemp--2147478764]:i2c write failed
[2026-05-10 00:34:51.529] 5507,80,98,0.0
[2026-05-10 00:34:51.624] [GetTemp--2147478764]:i2c write failed
[2026-05-10 00:34:51.624] 5508,80,98,0.0
[2026-05-10 00:34:51.736] [GetTemp--2147478764]:i2c write failed
[2026-05-10 00:34:51.737] 5509,80,98,0.0
[2026-05-10 00:34:52.041] [GetTemp--2147478764]:i2c write failed
[2026-05-10 00:34:52.041] 5510,80,98,0.0
[2026-05-10 00:34:52.137] [GetTemp--2147478764]:i2c write failed
[2026-05-10 00:34:52.139] 5511,80,98,0.0
[2026-05-10 00:34:52.248] [GetTemp--2147478764]:i2c write failed
[2026-05-10 00:34:52.248] 5512,80,98,0.0
[2026-05-10 00:34:52.267] HR=90 SpO2=98 (raw:80/100 valid:1/1 sqi:1)
[2026-05-10 00:34:52.344] [GetTemp--2147478764]:i2c write failed
[2026-05-10 00:34:52.344] 5513,80,98,0.0
[2026-05-10 00:34:52.441] [GetTemp--2147478764]:i2c write failed
[2026-05-10 00:34:52.441] 5514,80,98,0.0
[2026-05-10 00:34:52.759] [GetTemp--2147478764]:i2c write failed
[2026-05-10 00:34:52.760] 5515,80,98,0.0
[2026-05-10 00:34:52.853] [GetTemp--2147478764]:i2c write failed
[2026-05-10 00:34:52.853] 5516,80,98,0.0
[2026-05-10 00:34:52.946] [GetTemp--2147478764]:i2c write failed
[2026-05-10 00:34:52.948] 5517,80,98,0.0
[2026-05-10 00:34:53.048] [GetTemp--2147478764]:i2c write failed
[2026-05-10 00:34:53.048] 5518,80,98,0.0
[2026-05-10 00:34:53.159] [GetTemp--2147478764]:i2c write failed
[2026-05-10 00:34:53.159] 5519,80,98,0.0
[2026-05-10 00:34:53.382] HR=84 SpO2=98 (raw:78/97 valid:1/1 sqi:1)
[2026-05-10 00:34:53.462] [GetTemp--2147478764]:i2c write failed
[2026-05-10 00:34:53.464] 5520,74,98,0.0
[2026-05-10 00:34:53.558] [GetTemp--2147478764]:i2c write failed
[2026-05-10 00:34:53.559] 5521,74,98,0.0
[2026-05-10 00:34:53.669] [GetTemp--2147478764]:i2c write failed
[2026-05-10 00:34:53.669] 5522,74,98,0.0
[2026-05-10 00:34:53.763] [GetTemp--2147478764]:i2c write failed
[2026-05-10 00:34:53.764] 5523,74,98,0.0
[2026-05-10 00:34:53.857] [GetTemp--2147478764]:i2c write failed
[2026-05-10 00:34:53.857] 5524,74,98,0.0
[2026-05-10 00:34:54.175] [GetTemp--2147478764]:i2c write failed
[2026-05-10 00:34:54.175] 5525,74,98,0.0
[2026-05-10 00:34:54.271] [GetTemp--2147478764]:i2c write failed
[2026-05-10 00:34:54.271] 5526,74,98,0.0
[2026-05-10 00:34:54.366] [GetTemp--2147478764]:i2c write failed
[2026-05-10 00:34:54.366] 5527,74,98,0.0
[2026-05-10 00:34:54.387] HR=80 SpO2=98 (raw:80/97 valid:1/1 sqi:1)
[2026-05-10 00:34:54.478] [GetTemp--2147478764]:i2c write failed
[2026-05-10 00:34:54.480] 5528,70,98,0.0
[2026-05-10 00:34:54.574] [GetTemp--2147478764]:i2c write failed
[2026-05-10 00:34:54.574] 5529,70,98,0.0
[2026-05-10 00:34:54.890] [GetTemp--2147478764]:i2c write failed
[2026-05-10 00:34:54.890] 5530,70,98,0.0
[2026-05-10 00:34:54.983] [GetTemp--2147478764]:i2c write failed
[2026-05-10 00:34:54.983] 5531,70,98,0.0
[2026-05-10 00:34:55.086] [GetTemp--2147478764]:i2c write failed
[2026-05-10 00:34:55.086] 5532,70,98,0.0
[2026-05-10 00:34:55.182] [GetTemp--2147478764]:i2c write failed
[2026-05-10 00:34:55.183] 5533,70,98,0.0
[2026-05-10 00:34:55.277] [GetTemp--2147478764]:i2c write failed
[2026-05-10 00:34:55.280] 5534,70,98,0.0
[2026-05-10 00:34:55.595] [GetTemp--2147478764]:i2c write failed
[2026-05-10 00:34:55.595] 5535,70,98,0.0
[2026-05-10 00:34:55.659] HR=80 SpO2=97 (raw:80/97 valid:1/1 sqi:1)
[2026-05-10 00:34:55.685] [GetTemp--2147478764]:i2c write failed
[2026-05-10 00:34:55.688] 5536,70,97,0.0
[2026-05-10 00:34:55.799] [GetTemp--2147478764]:i2c write failed
[2026-05-10 00:34:55.799] 5537,70,97,0.0
[2026-05-10 00:34:55.892] [GetTemp--2147478764]:i2c write failed
[2026-05-10 00:34:55.893] 5538,70,97,0.0
[2026-05-10 00:34:56.002] [GetTemp--2147478764]:i2c write failed
[2026-05-10 00:34:56.002] 5539,70,97,0.0
[2026-05-10 00:34:56.304] [GetTemp--2147478764]:i2c write failed
[2026-05-10 00:34:56.304] 5540,70,97,0.0
[2026-05-10 00:34:56.400] [GetTemp--2147478764]:i2c write failed
[2026-05-10 00:34:56.401] 5541,70,97,0.0
[2026-05-10 00:34:56.496] [GetTemp--2147478764]:i2c write failed
[2026-05-10 00:34:56.499] 5542,70,97,0.0
[2026-05-10 00:34:56.607] [GetTemp--2147478764]:i2c write failed
[2026-05-10 00:34:56.607] 5543,70,97,0.0
[2026-05-10 00:34:56.686] HR=80 SpO2=97 (raw:84/97 valid:1/1 sqi:1)
[2026-05-10 00:34:56.698] [GetTemp--2147478764]:i2c write failed
[2026-05-10 00:34:56.698] 5544,70,97,0.0
[2026-05-10 00:34:57.007] [GetTemp--2147478764]:i2c write failed
[2026-05-10 00:34:57.007] 5545,70,97,0.0
[2026-05-10 00:34:57.120] [GetTemp--2147478764]:i2c write failed
[2026-05-10 00:34:57.122] 5546,70,97,0.0
[2026-05-10 00:34:57.214] [GetTemp--2147478764]:i2c write failed
[2026-05-10 00:34:57.214] 5547,70,97,0.0
[2026-05-10 00:34:57.310] [GetTemp--2147478764]:i2c write failed
[2026-05-10 00:34:57.310] 5548,70,97,0.0
[2026-05-10 00:34:57.406] [GetTemp--2147478764]:i2c write failed
[2026-05-10 00:34:57.406] 5549,70,97,0.0
[2026-05-10 00:34:57.726] [GetTemp--2147478764]:i2c write failed
[2026-05-10 00:34:57.727] 5550,70,97,0.0
[2026-05-10 00:34:57.789] HR=80 SpO2=97 (raw:85/98 valid:1/1 sqi:1)
[2026-05-10 00:34:57.815] [GetTemp--2147478764]:i2c write failed
[2026-05-10 00:34:57.818] 5551,70,97,0.0
[2026-05-10 00:34:57.930] [GetTemp--2147478764]:i2c write failed
[2026-05-10 00:34:57.932] 5552,70,97,0.0
[2026-05-10 00:34:58.023] [GetTemp--2147478764]:i2c write failed
[2026-05-10 00:34:58.024] 5553,70,97,0.0
[2026-05-10 00:34:58.126] [GetTemp--2147478764]:i2c write failed
[2026-05-10 00:34:58.128] 5554,70,97,0.0
[2026-05-10 00:34:58.427] [GetTemp--2147478764]:i2c write failed
[2026-05-10 00:34:58.428] 5555,70,97,0.0
[2026-05-10 00:34:58.538] [GetTemp--2147478764]:i2c write failed
[2026-05-10 00:34:58.538] 5556,70,97,0.0
[2026-05-10 00:34:58.634] [GetTemp--2147478764]:i2c write failed
[2026-05-10 00:34:58.636] 5557,70,97,0.0
[2026-05-10 00:34:58.728] [GetTemp--2147478764]:i2c write failed
[2026-05-10 00:34:58.729] 5558,70,97,0.0
[2026-05-10 00:34:58.822] HR=84 SpO2=97 (raw:85/98 valid:1/1 sqi:1)
[2026-05-10 00:34:58.824] [GetTemp--2147478764]:i2c write failed
[2026-05-10 00:34:58.828] 5559,74,97,0.0
[2026-05-10 00:34:59.144] [GetTemp--2147478764]:i2c write failed
[2026-05-10 00:34:59.144] 5560,74,97,0.0
[2026-05-10 00:34:59.239] [GetTemp--2147478764]:i2c write failed
[2026-05-10 00:34:59.239] 5561,74,97,0.0
[2026-05-10 00:34:59.351] [GetTemp--2147478764]:i2c write failed
[2026-05-10 00:34:59.351] 5562,74,97,0.0
[2026-05-10 00:34:59.446] [GetTemp--2147478764]:i2c write failed
[2026-05-10 00:34:59.446] 5563,74,97,0.0
[2026-05-10 00:34:59.543] [GetTemp--2147478764]:i2c write failed
[2026-05-10 00:34:59.543] 5564,74,97,0.0
[2026-05-10 00:34:59.859] [GetTemp--2147478764]:i2c write failed
[2026-05-10 00:34:59.860] 5565,74,97,0.0
[2026-05-10 00:34:59.953] [GetTemp--2147478764]:i2c write failed
[2026-05-10 00:34:59.953] 5566,74,97,0.0
[2026-05-10 00:35:00.051] [GetTemp--2147478764]:i2c write failed
[2026-05-10 00:35:00.051] 5567,74,97,0.0
[2026-05-10 00:35:00.073] HR=85 SpO2=98 (raw:86/98 valid:1/1 sqi:1)
[2026-05-10 00:35:00.147] [GetTemp--2147478764]:i2c write failed
[2026-05-10 00:35:00.149] 5568,75,98,0.0
[2026-05-10 00:35:00.259] [GetTemp--2147478764]:i2c write failed
[2026-05-10 00:35:00.259] 5569,75,98,0.0
[2026-05-10 00:35:00.561] [GetTemp--2147478764]:i2c write failed
[2026-05-10 00:35:00.561] 5570,75,98,0.0
[2026-05-10 00:35:00.658] [GetTemp--2147478764]:i2c write failed
[2026-05-10 00:35:00.658] 5571,75,98,0.0
[2026-05-10 00:35:00.768] [GetTemp--2147478764]:i2c write failed
[2026-05-10 00:35:00.769] 5572,75,98,0.0
[2026-05-10 00:35:00.862] [GetTemp--2147478764]:i2c write failed
[2026-05-10 00:35:00.863] 5573,75,98,0.0
[2026-05-10 00:35:00.970] [GetTemp--2147478764]:i2c write failed
[2026-05-10 00:35:00.971] 5574,75,98,0.0
[2026-05-10 00:35:01.201] HR=85 SpO2=98 (raw:85/99 valid:1/1 sqi:1)
[2026-05-10 00:35:01.265] [GetTemp--2147478764]:i2c write failed
[2026-05-10 00:35:01.281] 5575,75,98,0.0
[2026-05-10 00:35:01.376] [GetTemp--2147478764]:i2c write failed
[2026-05-10 00:35:01.376] 5576,75,98,0.0
[2026-05-10 00:35:01.471] [GetTemp--2147478764]:i2c write failed
[2026-05-10 00:35:01.471] 5577,75,98,0.0
[2026-05-10 00:35:01.566] [GetTemp--2147478764]:i2c write failed
[2026-05-10 00:35:01.566] 5578,75,98,0.0
[2026-05-10 00:35:01.678] [GetTemp--2147478764]:i2c write failed
[2026-05-10 00:35:01.679] 5579,75,98,0.0
[2026-05-10 00:35:01.978] [GetTemp--2147478764]:i2c write failed
[2026-05-10 00:35:01.979] 5580,75,98,0.0
[2026-05-10 00:35:02.079] [GetTemp--2147478764]:i2c write failed
[2026-05-10 00:35:02.079] 5581,75,98,0.0
[2026-05-10 00:35:02.190] [GetTemp--2147478764]:i2c write failed
[2026-05-10 00:35:02.190] 5582,75,98,0.0
[2026-05-10 00:35:02.199] HR=85 SpO2=98 (raw:86/99 valid:1/1 sqi:1)
[2026-05-10 00:35:02.285] [GetTemp--2147478764]:i2c write failed
[2026-05-10 00:35:02.285] 5583,75,98,0.0
[2026-05-10 00:35:02.380] [GetTemp--2147478764]:i2c write failed
[2026-05-10 00:35:02.380] 5584,75,98,0.0
[2026-05-10 00:35:02.698] [GetTemp--2147478764]:i2c write failed
[2026-05-10 00:35:02.698] 5585,75,98,0.0
[2026-05-10 00:35:02.792] [GetTemp--2147478764]:i2c write failed
[2026-05-10 00:35:02.793] 5586,75,98,0.0
[2026-05-10 00:35:02.885] [GetTemp--2147478764]:i2c write failed
[2026-05-10 00:35:02.901] 5587,75,98,0.0
[2026-05-10 00:35:02.996] [GetTemp--2147478764]:i2c write failed
[2026-05-10 00:35:02.998] 5588,75,98,0.0
[2026-05-10 00:35:03.097] [GetTemp--2147478764]:i2c write failed
[2026-05-10 00:35:03.097] 5589,75,98,0.0
[2026-05-10 00:35:03.320] HR=86 SpO2=98 (raw:86/97 valid:1/1 sqi:1)
[2026-05-10 00:35:03.400] [GetTemp--2147478764]:i2c write failed
[2026-05-10 00:35:03.400] 5590,76,98,0.0
[2026-05-10 00:35:03.496] [GetTemp--2147478764]:i2c write failed
[2026-05-10 00:35:03.496] 5591,76,98,0.0
[2026-05-10 00:35:03.607] [GetTemp--2147478764]:i2c write failed
[2026-05-10 00:35:03.608] 5592,76,98,0.0
[2026-05-10 00:35:03.704] [GetTemp--2147478764]:i2c write failed
[2026-05-10 00:35:03.705] 5593,76,98,0.0
[2026-05-10 00:35:03.797] [GetTemp--2147478764]:i2c write failed
[2026-05-10 00:35:03.800] 5594,76,98,0.0
[2026-05-10 00:35:04.111] [GetTemp--2147478764]:i2c write failed
[2026-05-10 00:35:04.111] 5595,76,98,0.0
[2026-05-10 00:35:04.206] [GetTemp--2147478764]:i2c write failed
[2026-05-10 00:35:04.206] 5596,76,98,0.0
[2026-05-10 00:35:04.319] [GetTemp--2147478764]:i2c write failed
[2026-05-10 00:35:04.319] 5597,76,98,0.0
[2026-05-10 00:35:04.414] [GetTemp--2147478764]:i2c write failed
[2026-05-10 00:35:04.414] 5598,76,98,0.0
[2026-05-10 00:35:04.494] HR=86 SpO2=98 (raw:96/98 valid:1/1 sqi:1)
[2026-05-10 00:35:04.510] [GetTemp--2147478764]:i2c write failed
[2026-05-10 00:35:04.510] 5599,76,98,0.0
[2026-05-10 00:35:04.827] [GetTemp--2147478764]:i2c write failed
[2026-05-10 00:35:04.828] 5600,76,98,0.0
[2026-05-10 00:35:04.920] [GetTemp--2147478764]:i2c write failed
[2026-05-10 00:35:04.921] 5601,76,98,0.0
[2026-05-10 00:35:05.029] [GetTemp--2147478764]:i2c write failed
[2026-05-10 00:35:05.030] 5602,76,98,0.0
[2026-05-10 00:35:05.117] [GetTemp--2147478764]:i2c write failed
[2026-05-10 00:35:05.117] 5603,76,98,0.0
[2026-05-10 00:35:05.229] [GetTemp--2147478764]:i2c write failed
[2026-05-10 00:35:05.229] 5604,76,98,0.0
[2026-05-10 00:35:05.532] [GetTemp--2147478764]:i2c write failed
[2026-05-10 00:35:05.533] 5605,76,98,0.0
[2026-05-10 00:35:05.595] HR=86 SpO2=98 (raw:95/98 valid:1/1 sqi:1)
[2026-05-10 00:35:05.627] [GetTemp--2147478764]:i2c write failed
[2026-05-10 00:35:05.627] 5606,76,98,0.0
[2026-05-10 00:35:05.738] [GetTemp--2147478764]:i2c write failed
[2026-05-10 00:35:05.739] 5607,76,98,0.0
[2026-05-10 00:35:05.833] [GetTemp--2147478764]:i2c write failed
[2026-05-10 00:35:05.833] 5608,76,98,0.0
[2026-05-10 00:35:05.928] [GetTemp--2147478764]:i2c write failed
[2026-05-10 00:35:05.929] 5609,76,98,0.0
[2026-05-10 00:35:06.251] [GetTemp--2147478764]:i2c write failed
[2026-05-10 00:35:06.251] 5610,76,98,0.0
[2026-05-10 00:35:06.347] [GetTemp--2147478764]:i2c write failed
[2026-05-10 00:35:06.349] 5611,76,98,0.0
[2026-05-10 00:35:06.443] [GetTemp--2147478764]:i2c write failed
[2026-05-10 00:35:06.443] 5612,76,98,0.0
[2026-05-10 00:35:06.538] [GetTemp--2147478764]:i2c write failed
[2026-05-10 00:35:06.538] 5613,76,98,0.0
[2026-05-10 00:35:06.634] HR=95 SpO2=98 (raw:95/98 valid:1/1 sqi:1)
[2026-05-10 00:35:06.638] [GetTemp--2147478764]:i2c write failed
[2026-05-10 00:35:06.638] 5614,85,98,0.0
[2026-05-10 00:35:06.948] [GetTemp--2147478764]:i2c write failed
[2026-05-10 00:35:06.949] 5615,85,98,0.0
[2026-05-10 00:35:07.053] [GetTemp--2147478764]:i2c write failed
[2026-05-10 00:35:07.053] 5616,85,98,0.0
[2026-05-10 00:35:07.148] [GetTemp--2147478764]:i2c write failed
[2026-05-10 00:35:07.148] 5617,85,98,0.0
[2026-05-10 00:35:07.245] [GetTemp--2147478764]:i2c write failed
[2026-05-10 00:35:07.245] 5618,85,98,0.0
[2026-05-10 00:35:07.356] [GetTemp--2147478764]:i2c write failed
[2026-05-10 00:35:07.356] 5619,85,98,0.0
[2026-05-10 00:35:07.660] [GetTemp--2147478764]:i2c write failed
[2026-05-10 00:35:07.661] 5620,85,98,0.0
[2026-05-10 00:35:07.738] HR=95 SpO2=98 (raw:86/99 valid:1/1 sqi:1)
[2026-05-10 00:35:07.754] [GetTemp--2147478764]:i2c write failed
[2026-05-10 00:35:07.758] 5621,85,98,0.0
[2026-05-10 00:35:07.863] [GetTemp--2147478764]:i2c write failed
[2026-05-10 00:35:07.864] 5622,85,98,0.0
[2026-05-10 00:35:07.955] [GetTemp--2147478764]:i2c write failed
[2026-05-10 00:35:07.980] 5623,85,98,0.0
[2026-05-10 00:35:08.060] [GetTemp--2147478764]:i2c write failed
[2026-05-10 00:35:08.060] 5624,85,98,0.0
[2026-05-10 00:35:08.377] [GetTemp--2147478764]:i2c write failed
[2026-05-10 00:35:08.377] 5625,85,98,0.0
[2026-05-10 00:35:08.472] [GetTemp--2147478764]:i2c write failed
[2026-05-10 00:35:08.472] 5626,85,98,0.0
[2026-05-10 00:35:08.567] [GetTemp--2147478764]:i2c write failed
[2026-05-10 00:35:08.567] 5627,85,98,0.0
[2026-05-10 00:35:08.678] [GetTemp--2147478764]:i2c write failed
[2026-05-10 00:35:08.680] 5628,85,98,0.0
[2026-05-10 00:35:08.772] [GetTemp--2147478764]:i2c write failed
[2026-05-10 00:35:08.773] 5629,85,98,0.0
[2026-05-10 00:35:09.016] HR=95 SpO2=98 (raw:88/99 valid:1/1 sqi:1)
[2026-05-10 00:35:09.080] [GetTemp--2147478764]:i2c write failed
[2026-05-10 00:35:09.082] 5630,85,98,0.0
[2026-05-10 00:35:09.176] [GetTemp--2147478764]:i2c write failed
[2026-05-10 00:35:09.176] 5631,85,98,0.0
[2026-05-10 00:35:09.288] [GetTemp--2147478764]:i2c write failed
[2026-05-10 00:35:09.288] 5632,85,98,0.0
[2026-05-10 00:35:09.384] [GetTemp--2147478764]:i2c write failed
[2026-05-10 00:35:09.384] 5633,85,98,0.0
[2026-05-10 00:35:09.480] [GetTemp--2147478764]:i2c write failed
[2026-05-10 00:35:09.480] 5634,85,98,0.0
[2026-05-10 00:35:09.797] [GetTemp--2147478764]:i2c write failed
[2026-05-10 00:35:09.797] 5635,85,98,0.0
[2026-05-10 00:35:09.891] [GetTemp--2147478764]:i2c write failed
[2026-05-10 00:35:09.891] 5636,85,98,0.0
[2026-05-10 00:35:10.000] [GetTemp--2147478764]:i2c write failed
[2026-05-10 00:35:10.001] 5637,85,98,0.0
[2026-05-10 00:35:10.017] HR=88 SpO2=99 (raw:88/99 valid:1/1 sqi:1)
[2026-05-10 00:35:10.087] [GetTemp--2147478764]:i2c write failed
[2026-05-10 00:35:10.088] 5638,78,99,0.0
[2026-05-10 00:35:10.200] [GetTemp--2147478764]:i2c write failed
[2026-05-10 00:35:10.201] 5639,78,99,0.0
[2026-05-10 00:35:10.502] [GetTemp--2147478764]:i2c write failed
[2026-05-10 00:35:10.502] 5640,78,99,0.0
[2026-05-10 00:35:10.598] [GetTemp--2147478764]:i2c write failed
[2026-05-10 00:35:10.598] 5641,78,99,0.0
[2026-05-10 00:35:10.710] [GetTemp--2147478764]:i2c write failed
[2026-05-10 00:35:10.714] 5642,78,99,0.0
[2026-05-10 00:35:10.805] [GetTemp--2147478764]:i2c write failed
[2026-05-10 00:35:10.806] 5643,78,99,0.0
[2026-05-10 00:35:10.899] [GetTemp--2147478764]:i2c write failed
[2026-05-10 00:35:10.899] 5644,78,99,0.0
[2026-05-10 00:35:11.127] HR=88 SpO2=99 (raw:89/98 valid:1/1 sqi:1)
[2026-05-10 00:35:11.207] [GetTemp--2147478764]:i2c write failed
[2026-05-10 00:35:11.207] 5645,78,99,0.0
[2026-05-10 00:35:11.317] [GetTemp--2147478764]:i2c write failed
[2026-05-10 00:35:11.317] 5646,78,99,0.0
[2026-05-10 00:35:11.413] [GetTemp--2147478764]:i2c write failed
[2026-05-10 00:35:11.413] 5647,78,99,0.0
[2026-05-10 00:35:11.508] [GetTemp--2147478764]:i2c write failed
[2026-05-10 00:35:11.509] 5648,78,99,0.0
[2026-05-10 00:35:11.620] [GetTemp--2147478764]:i2c write failed
[2026-05-10 00:35:11.621] 5649,78,99,0.0
[2026-05-10 00:35:11.920] [GetTemp--2147478764]:i2c write failed
[2026-05-10 00:35:11.921] 5650,78,99,0.0
[2026-05-10 00:35:12.029] [GetTemp--2147478764]:i2c write failed
[2026-05-10 00:35:12.031] 5651,78,99,0.0
[2026-05-10 00:35:12.125] [GetTemp--2147478764]:i2c write failed
[2026-05-10 00:35:12.125] 5652,78,99,0.0
[2026-05-10 00:35:12.131] HR=88 SpO2=99 (raw:83/97 valid:1/1 sqi:1)
[2026-05-10 00:35:12.221] [GetTemp--2147478764]:i2c write failed
[2026-05-10 00:35:12.222] 5653,78,99,0.0
[2026-05-10 00:35:12.316] [GetTemp--2147478764]:i2c write failed
[2026-05-10 00:35:12.316] 5654,78,99,0.0
[2026-05-10 00:35:12.633] [GetTemp--2147478764]:i2c write failed
[2026-05-10 00:35:12.635] 5655,78,99,0.0
[2026-05-10 00:35:12.726] [GetTemp--2147478764]:i2c write failed
[2026-05-10 00:35:12.729] 5656,78,99,0.0
[2026-05-10 00:35:12.836] [GetTemp--2147478764]:i2c write failed
[2026-05-10 00:35:12.837] 5657,78,99,0.0
[2026-05-10 00:35:12.931] [GetTemp--2147478764]:i2c write failed
[2026-05-10 00:35:12.932] 5658,78,99,0.0
[2026-05-10 00:35:13.033] [GetTemp--2147478764]:i2c write failed
[2026-05-10 00:35:13.034] 5659,78,99,0.0
[2026-05-10 00:35:13.351] [GetTemp--2147478764]:i2c write failed
[2026-05-10 00:35:13.352] 5660,78,99,0.0
[2026-05-10 00:35:13.414] HR=88 SpO2=98 (raw:83/97 valid:1/1 sqi:1)
[2026-05-10 00:35:13.435] [GetTemp--2147478764]:i2c write failed
[2026-05-10 00:35:13.435] 5661,78,98,0.0
[2026-05-10 00:35:13.542] [GetTemp--2147478764]:i2c write failed
[2026-05-10 00:35:13.542] 5662,78,98,0.0
[2026-05-10 00:35:13.638] [GetTemp--2147478764]:i2c write failed
[2026-05-10 00:35:13.639] 5663,78,98,0.0
[2026-05-10 00:35:13.749] [GetTemp--2147478764]:i2c write failed
[2026-05-10 00:35:13.750] 5664,78,98,0.0
[2026-05-10 00:35:14.054] [GetTemp--2147478764]:i2c write failed
[2026-05-10 00:35:14.054] 5665,78,98,0.0
[2026-05-10 00:35:14.150] [GetTemp--2147478764]:i2c write failed
[2026-05-10 00:35:14.150] 5666,78,98,0.0
[2026-05-10 00:35:14.245] [GetTemp--2147478764]:i2c write failed
[2026-05-10 00:35:14.245] 5667,78,98,0.0
[2026-05-10 00:35:14.357] [GetTemp--2147478764]:i2c write failed
[2026-05-10 00:35:14.357] 5668,78,98,0.0
[2026-05-10 00:35:14.437] HR=83 SpO2=98 (raw:83/98 valid:1/1 sqi:1)
[2026-05-10 00:35:14.438] [GetTemp--2147478764]:i2c write failed
[2026-05-10 00:35:14.438] 5669,73,98,0.0
[2026-05-10 00:35:14.769] [GetTemp--2147478764]:i2c write failed
[2026-05-10 00:35:14.770] 5670,73,98,0.0
[2026-05-10 00:35:14.862] [GetTemp--2147478764]:i2c write failed
[2026-05-10 00:35:14.862] 5671,73,98,0.0
[2026-05-10 00:35:14.957] [GetTemp--2147478764]:i2c write failed
[2026-05-10 00:35:14.958] 5672,73,98,0.0
[2026-05-10 00:35:15.060] [GetTemp--2147478764]:i2c write failed
[2026-05-10 00:35:15.060] 5673,73,98,0.0
[2026-05-10 00:35:15.156] [GetTemp--2147478764]:i2c write failed
[2026-05-10 00:35:15.156] 5674,73,98,0.0
[2026-05-10 00:35:15.475] [GetTemp--2147478764]:i2c write failed
[2026-05-10 00:35:15.475] 5675,73,98,0.0
[2026-05-10 00:35:15.539] HR=83 SpO2=97 (raw:84/97 valid:1/1 sqi:1)
[2026-05-10 00:35:15.564] [GetTemp--2147478764]:i2c write failed
[2026-05-10 00:35:15.564] 5676,73,97,0.0
[2026-05-10 00:35:15.666] [GetTemp--2147478764]:i2c write failed
[2026-05-10 00:35:15.666] 5677,73,97,0.0
[2026-05-10 00:35:15.778] [GetTemp--2147478764]:i2c write failed
[2026-05-10 00:35:15.780] 5678,73,97,0.0
[2026-05-10 00:35:15.872] [GetTemp--2147478764]:i2c write failed
[2026-05-10 00:35:15.873] 5679,73,97,0.0
[2026-05-10 00:35:16.180] [GetTemp--2147478764]:i2c write failed
[2026-05-10 00:35:16.180] 5680,73,97,0.0
[2026-05-10 00:35:16.275] [GetTemp--2147478764]:i2c write failed
[2026-05-10 00:35:16.275] 5681,73,97,0.0
[2026-05-10 00:35:16.387] [GetTemp--2147478764]:i2c write failed
[2026-05-10 00:35:16.388] 5682,73,97,0.0
[2026-05-10 00:35:16.483] [GetTemp--2147478764]:i2c write failed
[2026-05-10 00:35:16.483] 5683,73,97,0.0
[2026-05-10 00:35:16.579] HR=83 SpO2=97 (raw:83/97 valid:1/1 sqi:1)
[2026-05-10 00:35:16.579] [GetTemp--2147478764]:i2c write failed
[2026-05-10 00:35:16.581] 5684,73,97,0.0
[2026-05-10 00:35:16.892] [GetTemp--2147478764]:i2c write failed
[2026-05-10 00:35:16.892] 5685,73,97,0.0
[2026-05-10 00:35:16.987] [GetTemp--2147478764]:i2c write failed
[2026-05-10 00:35:16.989] 5686,73,97,0.0
[2026-05-10 00:35:17.090] [GetTemp--2147478764]:i2c write failed
[2026-05-10 00:35:17.090] 5687,73,97,0.0
[2026-05-10 00:35:17.186] [GetTemp--2147478764]:i2c write failed
[2026-05-10 00:35:17.186] 5688,73,97,0.0
[2026-05-10 00:35:17.297] [GetTemp--2147478764]:i2c write failed
[2026-05-10 00:35:17.297] 5689,73,97,0.0
[2026-05-10 00:35:17.601] [GetTemp--2147478764]:i2c write failed
[2026-05-10 00:35:17.601] 5690,73,97,0.0
[2026-05-10 00:35:17.695] [GetTemp--2147478764]:i2c write failed
[2026-05-10 00:35:17.701] 5691,73,97,0.0
[2026-05-10 00:35:17.805] [GetTemp--2147478764]:i2c write failed
[2026-05-10 00:35:17.805] 5692,73,97,0.0
[2026-05-10 00:35:17.826] HR=83 SpO2=97 (raw:82/98 valid:1/1 sqi:1)
[2026-05-10 00:35:17.899] [GetTemp--2147478764]:i2c write failed
[2026-05-10 00:35:17.900] 5693,73,97,0.0
[2026-05-10 00:35:18.000] [GetTemp--2147478764]:i2c write failed
[2026-05-10 00:35:18.000] 5694,73,97,0.0
[2026-05-10 00:35:18.320] [GetTemp--2147478764]:i2c write failed
[2026-05-10 00:35:18.320] 5695,73,97,0.0
[2026-05-10 00:35:18.417] [GetTemp--2147478764]:i2c write failed
[2026-05-10 00:35:18.417] 5696,73,97,0.0
[2026-05-10 00:35:18.512] [GetTemp--2147478764]:i2c write failed
[2026-05-10 00:35:18.513] 5697,73,97,0.0
[2026-05-10 00:35:18.608] [GetTemp--2147478764]:i2c write failed
[2026-05-10 00:35:18.608] 5698,73,97,0.0
[2026-05-10 00:35:18.720] [GetTemp--2147478764]:i2c write failed
[2026-05-10 00:35:18.722] 5699,73,97,0.0
[2026-05-10 00:35:18.938] HR=83 SpO2=98 (raw:82/98 valid:1/1 sqi:1)
[2026-05-10 00:35:19.024] [GetTemp--2147478764]:i2c write failed
[2026-05-10 00:35:19.024] 5700,73,98,0.0
[2026-05-10 00:35:19.120] [GetTemp--2147478764]:i2c write failed
[2026-05-10 00:35:19.120] 5701,73,98,0.0
[2026-05-10 00:35:19.216] [GetTemp--2147478764]:i2c write failed
[2026-05-10 00:35:19.219] 5702,73,98,0.0
[2026-05-10 00:35:19.328] [GetTemp--2147478764]:i2c write failed
[2026-05-10 00:35:19.328] 5703,73,98,0.0
[2026-05-10 00:35:19.424] [GetTemp--2147478764]:i2c write failed
[2026-05-10 00:35:19.426] 5704,73,98,0.0
[2026-05-10 00:35:19.725] [GetTemp--2147478764]:i2c write failed
[2026-05-10 00:35:19.741] 5705,73,98,0.0
[2026-05-10 00:35:19.836] [GetTemp--2147478764]:i2c write failed
[2026-05-10 00:35:19.836] 5706,73,98,0.0
[2026-05-10 00:35:19.929] [GetTemp--2147478764]:i2c write failed
[2026-05-10 00:35:19.931] 5707,73,98,0.0
[2026-05-10 00:35:19.948] HR=82 SpO2=98 (raw:81/98 valid:1/1 sqi:1)
[2026-05-10 00:35:20.033] [GetTemp--2147478764]:i2c write failed
[2026-05-10 00:35:20.033] 5708,72,98,0.0
[2026-05-10 00:35:20.127] [GetTemp--2147478764]:i2c write failed
[2026-05-10 00:35:20.127] 5709,72,98,0.0
[2026-05-10 00:35:20.445] [GetTemp--2147478764]:i2c write failed
[2026-05-10 00:35:20.445] 5710,72,98,0.0
[2026-05-10 00:35:20.540] [GetTemp--2147478764]:i2c write failed
[2026-05-10 00:35:20.543] 5711,72,98,0.0
[2026-05-10 00:35:20.636] [GetTemp--2147478764]:i2c write failed
[2026-05-10 00:35:20.636] 5712,72,98,0.0
[2026-05-10 00:35:20.746] [GetTemp--2147478764]:i2c write failed
[2026-05-10 00:35:20.747] 5713,72,98,0.0
[2026-05-10 00:35:20.840] [GetTemp--2147478764]:i2c write failed
[2026-05-10 00:35:20.841] 5714,72,98,0.0
[2026-05-10 00:35:21.068] HR=82 SpO2=98 (raw:81/98 valid:1/1 sqi:1)
[2026-05-10 00:35:21.147] [GetTemp--2147478764]:i2c write failed
[2026-05-10 00:35:21.147] 5715,72,98,0.0
[2026-05-10 00:35:21.259] [GetTemp--2147478764]:i2c write failed
[2026-05-10 00:35:21.261] 5716,72,98,0.0
[2026-05-10 00:35:21.355] [GetTemp--2147478764]:i2c write failed
[2026-05-10 00:35:21.355] 5717,72,98,0.0
[2026-05-10 00:35:21.451] [GetTemp--2147478764]:i2c write failed
[2026-05-10 00:35:21.451] 5718,72,98,0.0
[2026-05-10 00:35:21.547] [GetTemp--2147478764]:i2c write failed
[2026-05-10 00:35:21.549] 5719,72,98,0.0
[2026-05-10 00:35:21.861] [GetTemp--2147478764]:i2c write failed
[2026-05-10 00:35:21.861] 5720,72,98,0.0
[2026-05-10 00:35:21.978] [GetTemp--2147478764]:i2c write failed
[2026-05-10 00:35:21.978] 5721,72,98,0.0
[2026-05-10 00:35:22.058] [GetTemp--2147478764]:i2c write failed
[2026-05-10 00:35:22.073] 5722,72,98,0.0
[2026-05-10 00:35:22.170] [GetTemp--2147478764]:i2c write failed
[2026-05-10 00:35:22.170] 5723,72,98,0.0
[2026-05-10 00:35:22.249] HR=82 SpO2=98 (raw:83/98 valid:1/1 sqi:1)
[2026-05-10 00:35:22.265] [GetTemp--2147478764]:i2c write failed
[2026-05-10 00:35:22.265] 5724,72,98,0.0
[2026-05-10 00:35:22.568] [GetTemp--2147478764]:i2c write failed
[2026-05-10 00:35:22.570] 5725,72,98,0.0
[2026-05-10 00:35:22.678] [GetTemp--2147478764]:i2c write failed
[2026-05-10 00:35:22.679] 5726,72,98,0.0
[2026-05-10 00:35:22.774] [GetTemp--2147478764]:i2c write failed
[2026-05-10 00:35:22.775] 5727,72,98,0.0
[2026-05-10 00:35:22.868] [GetTemp--2147478764]:i2c write failed
[2026-05-10 00:35:22.884] 5728,72,98,0.0
[2026-05-10 00:35:22.977] [GetTemp--2147478764]:i2c write failed
[2026-05-10 00:35:22.977] 5729,72,98,0.0
[2026-05-10 00:35:23.285] [GetTemp--2147478764]:i2c write failed
[2026-05-10 00:35:23.285] 5730,72,98,0.0
[2026-05-10 00:35:23.349] HR=82 SpO2=98 (raw:82/98 valid:1/1 sqi:1)
[2026-05-10 00:35:23.364] [GetTemp--2147478764]:i2c write failed
[2026-05-10 00:35:23.376] 5731,72,98,0.0
[2026-05-10 00:35:23.475] [GetTemp--2147478764]:i2c write failed
[2026-05-10 00:35:23.479] 5732,72,98,0.0
[2026-05-10 00:35:23.587] [GetTemp--2147478764]:i2c write failed
[2026-05-10 00:35:23.587] 5733,72,98,0.0
[2026-05-10 00:35:23.682] [GetTemp--2147478764]:i2c write failed
[2026-05-10 00:35:23.682] 5734,72,98,0.0
[2026-05-10 00:35:23.994] [GetTemp--2147478764]:i2c write failed
[2026-05-10 00:35:23.994] 5735,72,98,0.0
[2026-05-10 00:35:24.098] [GetTemp--2147478764]:i2c write failed
[2026-05-10 00:35:24.098] 5736,72,98,0.0
[2026-05-10 00:35:24.194] [GetTemp--2147478764]:i2c write failed
[2026-05-10 00:35:24.194] 5737,72,98,0.0
[2026-05-10 00:35:24.289] [GetTemp--2147478764]:i2c write failed
[2026-05-10 00:35:24.291] 5738,72,98,0.0
[2026-05-10 00:35:24.384] HR=82 SpO2=98 (raw:82/98 valid:1/1 sqi:1)
[2026-05-10 00:35:24.385] [GetTemp--2147478764]:i2c write failed
[2026-05-10 00:35:24.389] 5739,72,98,0.0
[2026-05-10 00:35:24.703] [GetTemp--2147478764]:i2c write failed
[2026-05-10 00:35:24.704] 5740,72,98,0.0
[2026-05-10 00:35:24.810] [GetTemp--2147478764]:i2c write failed
[2026-05-10 00:35:24.810] 5741,72,98,0.0
[2026-05-10 00:35:24.904] [GetTemp--2147478764]:i2c write failed
[2026-05-10 00:35:24.905] 5742,72,98,0.0
[2026-05-10 00:35:24.998] [GetTemp--2147478764]:i2c write failed
[2026-05-10 00:35:25.000] 5743,72,98,0.0
[2026-05-10 00:35:25.110] [GetTemp--2147478764]:i2c write failed
[2026-05-10 00:35:25.110] 5744,72,98,0.0
[2026-05-10 00:35:25.413] [GetTemp--2147478764]:i2c write failed
[2026-05-10 00:35:25.413] 5745,72,98,0.0
[2026-05-10 00:35:25.476] HR=82 SpO2=98 (raw:82/98 valid:1/1 sqi:1)
[2026-05-10 00:35:25.508] [GetTemp--2147478764]:i2c write failed
[2026-05-10 00:35:25.509] 5746,72,98,0.0
[2026-05-10 00:35:25.620] [GetTemp--2147478764]:i2c write failed
[2026-05-10 00:35:25.620] 5747,72,98,0.0
[2026-05-10 00:35:25.714] [GetTemp--2147478764]:i2c write failed
[2026-05-10 00:35:25.714] 5748,72,98,0.0
[2026-05-10 00:35:25.807] [GetTemp--2147478764]:i2c write failed
[2026-05-10 00:35:25.807] 5749,72,98,0.0
[2026-05-10 00:35:26.131] [GetTemp--2147478764]:i2c write failed
[2026-05-10 00:35:26.131] 5750,72,98,0.0
[2026-05-10 00:35:26.227] [GetTemp--2147478764]:i2c write failed
[2026-05-10 00:35:26.227] 5751,72,98,0.0
[2026-05-10 00:35:26.323] [GetTemp--2147478764]:i2c write failed
[2026-05-10 00:35:26.325] 5752,72,98,0.0
[2026-05-10 00:35:26.418] [GetTemp--2147478764]:i2c write failed
[2026-05-10 00:35:26.420] 5753,72,98,0.0
[2026-05-10 00:35:26.530] [GetTemp--2147478764]:i2c write failed
[2026-05-10 00:35:26.530] 5754,72,98,0.0
[2026-05-10 00:35:26.750] HR=82 SpO2=98 (raw:82/98 valid:1/1 sqi:1)
[2026-05-10 00:35:26.829] [GetTemp--2147478764]:i2c write failed
[2026-05-10 00:35:26.829] 5755,72,98,0.0
[2026-05-10 00:35:26.937] [GetTemp--2147478764]:i2c write failed
[2026-05-10 00:35:26.937] 5756,72,98,0.0
[2026-05-10 00:35:27.026] [GetTemp--2147478764]:i2c write failed
[2026-05-10 00:35:27.042] 5757,72,98,0.0
[2026-05-10 00:35:27.138] [GetTemp--2147478764]:i2c write failed
[2026-05-10 00:35:27.138] 5758,72,98,0.0
[2026-05-10 00:35:27.233] [GetTemp--2147478764]:i2c write failed
[2026-05-10 00:35:27.233] 5759,72,98,0.0
[2026-05-10 00:35:27.536] [GetTemp--2147478764]:i2c write failed
[2026-05-10 00:35:27.538] 5760,72,98,0.0
[2026-05-10 00:35:27.648] [GetTemp--2147478764]:i2c write failed
[2026-05-10 00:35:27.648] 5761,72,98,0.0
[2026-05-10 00:35:27.741] [GetTemp--2147478764]:i2c write failed
[2026-05-10 00:35:27.742] 5762,72,98,0.0
[2026-05-10 00:35:27.757] HR=82 SpO2=98 (raw:82/97 valid:1/1 sqi:1)
[2026-05-10 00:35:27.851] [GetTemp--2147478764]:i2c write failed
[2026-05-10 00:35:27.851] 5763,72,98,0.0
[2026-05-10 00:35:27.943] [GetTemp--2147478764]:i2c write failed
[2026-05-10 00:35:27.944] 5764,72,98,0.0
[2026-05-10 00:35:28.255] [GetTemp--2147478764]:i2c write failed
[2026-05-10 00:35:28.255] 5765,72,98,0.0
[2026-05-10 00:35:28.351] [GetTemp--2147478764]:i2c write failed
[2026-05-10 00:35:28.351] 5766,72,98,0.0
[2026-05-10 00:35:28.446] [GetTemp--2147478764]:i2c write failed
[2026-05-10 00:35:28.448] 5767,72,98,0.0
[2026-05-10 00:35:28.557] [GetTemp--2147478764]:i2c write failed
[2026-05-10 00:35:28.557] 5768,72,98,0.0
[2026-05-10 00:35:28.653] [GetTemp--2147478764]:i2c write failed
[2026-05-10 00:35:28.653] 5769,72,98,0.0
[2026-05-10 00:35:28.888] HR=82 SpO2=98 (raw:84/97 valid:1/1 sqi:1)
[2026-05-10 00:35:28.966] [GetTemp--2147478764]:i2c write failed
[2026-05-10 00:35:28.966] 5770,72,98,0.0
[2026-05-10 00:35:29.070] [GetTemp--2147478764]:i2c write failed
[2026-05-10 00:35:29.071] 5771,72,98,0.0
[2026-05-10 00:35:29.166] [GetTemp--2147478764]:i2c write failed
[2026-05-10 00:35:29.166] 5772,72,98,0.0
[2026-05-10 00:35:29.262] [GetTemp--2147478764]:i2c write failed
[2026-05-10 00:35:29.262] 5773,72,98,0.0
[2026-05-10 00:35:29.357] [GetTemp--2147478764]:i2c write failed
[2026-05-10 00:35:29.357] 5774,72,98,0.0
[2026-05-10 00:35:29.676] [GetTemp--2147478764]:i2c write failed
[2026-05-10 00:35:29.676] 5775,72,98,0.0
[2026-05-10 00:35:29.771] [GetTemp--2147478764]:i2c write failed
[2026-05-10 00:35:29.772] 5776,72,98,0.0
[2026-05-10 00:35:29.879] [GetTemp--2147478764]:i2c write failed
[2026-05-10 00:35:29.879] 5777,72,98,0.0
[2026-05-10 00:35:29.894] HR=82 SpO2=98 (raw:84/98 valid:1/1 sqi:1)
[2026-05-10 00:35:29.971] [GetTemp--2147478764]:i2c write failed
[2026-05-10 00:35:29.972] 5778,72,98,0.0
[2026-05-10 00:35:30.075] [GetTemp--2147478764]:i2c write failed
[2026-05-10 00:35:30.075] 5779,72,98,0.0
[2026-05-10 00:35:30.378] [GetTemp--2147478764]:i2c write failed
[2026-05-10 00:35:30.379] 5780,72,98,0.0
[2026-05-10 00:35:30.489] [GetTemp--2147478764]:i2c write failed
[2026-05-10 00:35:30.489] 5781,72,98,0.0
[2026-05-10 00:35:30.584] [GetTemp--2147478764]:i2c write failed
[2026-05-10 00:35:30.584] 5782,72,98,0.0
[2026-05-10 00:35:30.680] [GetTemp--2147478764]:i2c write failed
[2026-05-10 00:35:30.680] 5783,72,98,0.0
[2026-05-10 00:35:30.776] [GetTemp--2147478764]:i2c write failed
[2026-05-10 00:35:30.778] 5784,72,98,0.0
[2026-05-10 00:35:31.097] [GetTemp--2147478764]:i2c write failed
[2026-05-10 00:35:31.097] 5785,72,98,0.0
[2026-05-10 00:35:31.161] HR=84 SpO2=98 (raw:85/98 valid:1/1 sqi:1)
[2026-05-10 00:35:31.185] [GetTemp--2147478764]:i2c write failed
[2026-05-10 00:35:31.185] 5786,74,98,0.0
[2026-05-10 00:35:31.287] [GetTemp--2147478764]:i2c write failed
[2026-05-10 00:35:31.287] 5787,74,98,0.0
[2026-05-10 00:35:31.397] [GetTemp--2147478764]:i2c write failed
[2026-05-10 00:35:31.397] 5788,74,98,0.0
[2026-05-10 00:35:31.493] [GetTemp--2147478764]:i2c write failed
[2026-05-10 00:35:31.493] 5789,74,98,0.0
[2026-05-10 00:35:31.810] [GetTemp--2147478764]:i2c write failed
[2026-05-10 00:35:31.810] 5790,74,98,0.0
[2026-05-10 00:35:31.904] [GetTemp--2147478764]:i2c write failed
[2026-05-10 00:35:31.904] 5791,74,98,0.0
[2026-05-10 00:35:31.998] [GetTemp--2147478764]:i2c write failed
[2026-05-10 00:35:32.000] 5792,74,98,0.0
[2026-05-10 00:35:32.100] [GetTemp--2147478764]:i2c write failed
[2026-05-10 00:35:32.100] 5793,74,98,0.0
[2026-05-10 00:35:32.196] HR=84 SpO2=97 (raw:84/97 valid:1/1 sqi:1)
[2026-05-10 00:35:32.198] [GetTemp--2147478764]:i2c write failed
[2026-05-10 00:35:32.200] 5794,74,97,0.0
[2026-05-10 00:35:32.517] [GetTemp--2147478764]:i2c write failed
[2026-05-10 00:35:32.517] 5795,74,97,0.0
[2026-05-10 00:35:32.613] [GetTemp--2147478764]:i2c write failed
[2026-05-10 00:35:32.613] 5796,74,97,0.0
[2026-05-10 00:35:32.708] [GetTemp--2147478764]:i2c write failed
[2026-05-10 00:35:32.709] 5797,74,97,0.0
[2026-05-10 00:35:32.818] [GetTemp--2147478764]:i2c write failed
[2026-05-10 00:35:32.819] 5798,74,97,0.0
[2026-05-10 00:35:32.912] [GetTemp--2147478764]:i2c write failed
[2026-05-10 00:35:32.912] 5799,74,97,0.0
[2026-05-10 00:35:33.222] [GetTemp--2147478764]:i2c write failed
[2026-05-10 00:35:33.222] 5800,74,97,0.0
[2026-05-10 00:35:33.285] HR=84 SpO2=98 (raw:83/98 valid:1/1 sqi:1)
[2026-05-10 00:35:33.314] [GetTemp--2147478764]:i2c write failed
[2026-05-10 00:35:33.318] 5801,74,98,0.0
[2026-05-10 00:35:33.427] [GetTemp--2147478764]:i2c write failed
[2026-05-10 00:35:33.427] 5802,74,98,0.0
[2026-05-10 00:35:33.523] [GetTemp--2147478764]:i2c write failed
[2026-05-10 00:35:33.523] 5803,74,98,0.0
[2026-05-10 00:35:33.618] [GetTemp--2147478764]:i2c write failed
[2026-05-10 00:35:33.634] 5804,74,98,0.0
[2026-05-10 00:35:33.933] [GetTemp--2147478764]:i2c write failed
[2026-05-10 00:35:33.933] 5805,74,98,0.0
[2026-05-10 00:35:34.041] [GetTemp--2147478764]:i2c write failed
[2026-05-10 00:35:34.041] 5806,74,98,0.0
[2026-05-10 00:35:34.139] [GetTemp--2147478764]:i2c write failed
[2026-05-10 00:35:34.139] 5807,74,98,0.0
[2026-05-10 00:35:34.236] [GetTemp--2147478764]:i2c write failed
[2026-05-10 00:35:34.236] 5808,74,98,0.0
[2026-05-10 00:35:34.316] HR=84 SpO2=98 (raw:81/97 valid:1/1 sqi:1)
[2026-05-10 00:35:34.325] [GetTemp--2147478764]:i2c write failed
[2026-05-10 00:35:34.328] 5809,74,98,0.0
[2026-05-10 00:35:34.650] [GetTemp--2147478764]:i2c write failed
[2026-05-10 00:35:34.651] 5810,74,98,0.0
[2026-05-10 00:35:34.746] [GetTemp--2147478764]:i2c write failed
[2026-05-10 00:35:34.746] 5811,74,98,0.0
[2026-05-10 00:35:34.839] [GetTemp--2147478764]:i2c write failed
[2026-05-10 00:35:34.839] 5812,74,98,0.0
[2026-05-10 00:35:34.948] [GetTemp--2147478764]:i2c write failed
[2026-05-10 00:35:34.948] 5813,74,98,0.0
[2026-05-10 00:35:35.042] [GetTemp--2147478764]:i2c write failed
[2026-05-10 00:35:35.042] 5814,74,98,0.0
[2026-05-10 00:35:35.353] [GetTemp--2147478764]:i2c write failed
[2026-05-10 00:35:35.353] 5815,74,98,0.0
[2026-05-10 00:35:35.449] [GetTemp--2147478764]:i2c write failed
[2026-05-10 00:35:35.449] 5816,74,98,0.0
[2026-05-10 00:35:35.560] [GetTemp--2147478764]:i2c write failed
[2026-05-10 00:35:35.562] 5817,74,98,0.0
[2026-05-10 00:35:35.578] HR=83 SpO2=97 (raw:80/97 valid:1/1 sqi:1)
[2026-05-10 00:35:35.656] [GetTemp--2147478764]:i2c write failed
[2026-05-10 00:35:35.658] 5818,73,97,0.0
[2026-05-10 00:35:35.752] [GetTemp--2147478764]:i2c write failed
[2026-05-10 00:35:35.752] 5819,73,97,0.0
[2026-05-10 00:35:36.075] [GetTemp--2147478764]:i2c write failed
[2026-05-10 00:35:36.076] 5820,73,97,0.0
[2026-05-10 00:35:36.170] [GetTemp--2147478764]:i2c write failed
[2026-05-10 00:35:36.170] 5821,73,97,0.0
[2026-05-10 00:35:36.266] [GetTemp--2147478764]:i2c write failed
[2026-05-10 00:35:36.268] 5822,73,97,0.0
[2026-05-10 00:35:36.361] [GetTemp--2147478764]:i2c write failed
[2026-05-10 00:35:36.361] 5823,73,97,0.0
[2026-05-10 00:35:36.457] [GetTemp--2147478764]:i2c write failed
[2026-05-10 00:35:36.459] 5824,73,97,0.0
[2026-05-10 00:35:36.697] HR=82 SpO2=97 (raw:82/97 valid:1/1 sqi:1)
[2026-05-10 00:35:36.776] [GetTemp--2147478764]:i2c write failed
[2026-05-10 00:35:36.776] 5825,72,97,0.0
[2026-05-10 00:35:36.870] [GetTemp--2147478764]:i2c write failed
[2026-05-10 00:35:36.870] 5826,72,97,0.0
[2026-05-10 00:35:36.980] [GetTemp--2147478764]:i2c write failed
[2026-05-10 00:35:36.981] 5827,72,97,0.0
[2026-05-10 00:35:37.076] [GetTemp--2147478764]:i2c write failed
[2026-05-10 00:35:37.076] 5828,72,97,0.0
[2026-05-10 00:35:37.172] [GetTemp--2147478764]:i2c write failed
[2026-05-10 00:35:37.173] 5829,72,97,0.0
[2026-05-10 00:35:37.489] [GetTemp--2147478764]:i2c write failed
[2026-05-10 00:35:37.491] 5830,72,97,0.0
[2026-05-10 00:35:37.584] [GetTemp--2147478764]:i2c write failed
[2026-05-10 00:35:37.586] 5831,72,97,0.0
[2026-05-10 00:35:37.680] [GetTemp--2147478764]:i2c write failed
[2026-05-10 00:35:37.681] 5832,72,97,0.0
[2026-05-10 00:35:37.695] HR=82 SpO2=97 (raw:85/98 valid:1/1 sqi:1)
[2026-05-10 00:35:37.788] [GetTemp--2147478764]:i2c write failed
[2026-05-10 00:35:37.788] 5833,72,97,0.0
[2026-05-10 00:35:37.882] [GetTemp--2147478764]:i2c write failed
[2026-05-10 00:35:37.882] 5834,72,97,0.0
[2026-05-10 00:35:38.190] [GetTemp--2147478764]:i2c write failed
[2026-05-10 00:35:38.190] 5835,72,97,0.0
[2026-05-10 00:35:38.286] [GetTemp--2147478764]:i2c write failed
[2026-05-10 00:35:38.286] 5836,72,97,0.0
[2026-05-10 00:35:38.398] [GetTemp--2147478764]:i2c write failed
[2026-05-10 00:35:38.399] 5837,72,97,0.0
[2026-05-10 00:35:38.493] [GetTemp--2147478764]:i2c write failed
[2026-05-10 00:35:38.493] 5838,72,97,0.0
[2026-05-10 00:35:38.589] [GetTemp--2147478764]:i2c write failed
[2026-05-10 00:35:38.589] 5839,72,97,0.0
[2026-05-10 00:35:38.826] HR=82 SpO2=97 (raw:86/98 valid:1/1 sqi:1)
[2026-05-10 00:35:38.903] [GetTemp--2147478764]:i2c write failed
[2026-05-10 00:35:38.903] 5840,72,97,0.0
[2026-05-10 00:35:38.997] [GetTemp--2147478764]:i2c write failed
[2026-05-10 00:35:39.000] 5841,72,97,0.0
[2026-05-10 00:35:39.101] [GetTemp--2147478764]:i2c write failed
[2026-05-10 00:35:39.101] 5842,72,97,0.0
[2026-05-10 00:35:39.196] [GetTemp--2147478764]:i2c write failed
[2026-05-10 00:35:39.211] 5843,72,97,0.0
[2026-05-10 00:35:39.307] [GetTemp--2147478764]:i2c write failed
[2026-05-10 00:35:39.307] 5844,72,97,0.0
[2026-05-10 00:35:39.609] [GetTemp--2147478764]:i2c write failed
[2026-05-10 00:35:39.609] 5845,72,97,0.0
[2026-05-10 00:35:39.719] [GetTemp--2147478764]:i2c write failed
[2026-05-10 00:35:39.719] 5846,72,97,0.0
[2026-05-10 00:35:39.813] [GetTemp--2147478764]:i2c write failed
[2026-05-10 00:35:39.813] 5847,72,97,0.0
[2026-05-10 00:35:39.907] [GetTemp--2147478764]:i2c write failed
[2026-05-10 00:35:39.908] 5848,72,97,0.0
[2026-05-10 00:35:40.001] HR=85 SpO2=97 (raw:86/97 valid:1/1 sqi:1)
[2026-05-10 00:35:40.017] [GetTemp--2147478764]:i2c write failed
[2026-05-10 00:35:40.017] 5849,75,97,0.0
[2026-05-10 00:35:40.326] [GetTemp--2147478764]:i2c write failed
[2026-05-10 00:35:40.326] 5850,75,97,0.0
[2026-05-10 00:35:40.422] [GetTemp--2147478764]:i2c write failed
[2026-05-10 00:35:40.422] 5851,75,97,0.0
[2026-05-10 00:35:40.517] [GetTemp--2147478764]:i2c write failed
[2026-05-10 00:35:40.517] 5852,75,97,0.0
[2026-05-10 00:35:40.629] [GetTemp--2147478764]:i2c write failed
[2026-05-10 00:35:40.629] 5853,75,97,0.0
[2026-05-10 00:35:40.722] [GetTemp--2147478764]:i2c write failed
[2026-05-10 00:35:40.723] 5854,75,97,0.0
[2026-05-10 00:35:41.030] [GetTemp--2147478764]:i2c write failed
[2026-05-10 00:35:41.030] 5855,75,97,0.0
[2026-05-10 00:35:41.109] HR=86 SpO2=97 (raw:88/97 valid:1/1 sqi:1)
[2026-05-10 00:35:41.125] [GetTemp--2147478764]:i2c write failed
[2026-05-10 00:35:41.129] 5856,76,97,0.0
[2026-05-10 00:35:41.237] [GetTemp--2147478764]:i2c write failed
[2026-05-10 00:35:41.237] 5857,76,97,0.0
[2026-05-10 00:35:41.331] [GetTemp--2147478764]:i2c write failed
[2026-05-10 00:35:41.331] 5858,76,97,0.0
[2026-05-10 00:35:41.427] [GetTemp--2147478764]:i2c write failed
[2026-05-10 00:35:41.429] 5859,76,97,0.0
[2026-05-10 00:35:41.746] [GetTemp--2147478764]:i2c write failed
[2026-05-10 00:35:41.747] 5860,76,97,0.0
[2026-05-10 00:35:41.841] [GetTemp--2147478764]:i2c write failed
[2026-05-10 00:35:41.841] 5861,76,97,0.0
[2026-05-10 00:35:41.949] [GetTemp--2147478764]:i2c write failed
[2026-05-10 00:35:41.950] 5862,76,97,0.0
[2026-05-10 00:35:42.051] [GetTemp--2147478764]:i2c write failed
[2026-05-10 00:35:42.051] 5863,76,97,0.0
[2026-05-10 00:35:42.130] HR=86 SpO2=97 (raw:85/97 valid:1/1 sqi:1)
[2026-05-10 00:35:42.146] [GetTemp--2147478764]:i2c write failed
[2026-05-10 00:35:42.146] 5864,76,97,0.0
[2026-05-10 00:35:42.448] [GetTemp--2147478764]:i2c write failed
[2026-05-10 00:35:42.448] 5865,76,97,0.0
[2026-05-10 00:35:42.559] [GetTemp--2147478764]:i2c write failed
[2026-05-10 00:35:42.559] 5866,76,97,0.0
[2026-05-10 00:35:42.623] ReadLicenseData(), failed to get licdata string
[2026-05-10 00:35:42.623] VerifyLicense(), cannot read license data files
[2026-05-10 00:35:42.625] license_task_main() verify license invalid, reboot after 48 mins
[2026-05-10 00:35:42.641] [GetTemp--2147478764]:i2c write failed
[2026-05-10 00:35:42.641] 5867,76,97,0.0
[2026-05-10 00:35:42.749] [GetTemp--2147478764]:i2c write failed
[2026-05-10 00:35:42.750] 5868,76,97,0.0
[2026-05-10 00:35:42.858] [GetTemp--2147478764]:i2c write failed
[2026-05-10 00:35:42.859] 5869,76,97,0.0
[2026-05-10 00:35:43.167] [GetTemp--2147478764]:i2c write failed
[2026-05-10 00:35:43.167] 5870,76,97,0.0
[2026-05-10 00:35:43.230] HR=86 SpO2=97 (raw:84/97 valid:1/1 sqi:1)
[2026-05-10 00:35:43.255] [GetTemp--2147478764]:i2c write failed
[2026-05-10 00:35:43.258] 5871,76,97,0.0
[2026-05-10 00:35:43.359] [GetTemp--2147478764]:i2c write failed
[2026-05-10 00:35:43.359] 5872,76,97,0.0
[2026-05-10 00:35:43.470] [GetTemp--2147478764]:i2c write failed
[2026-05-10 00:35:43.470] 5873,76,97,0.0
[2026-05-10 00:35:43.567] [GetTemp--2147478764]:i2c write failed
[2026-05-10 00:35:43.567] 5874,76,97,0.0
[2026-05-10 00:35:43.866] [GetTemp--2147478764]:i2c write failed
[2026-05-10 00:35:43.881] 5875,76,97,0.0
[2026-05-10 00:35:43.976] [GetTemp--2147478764]:i2c write failed
[2026-05-10 00:35:43.977] 5876,76,97,0.0
[2026-05-10 00:35:44.078] [GetTemp--2147478764]:i2c write failed
[2026-05-10 00:35:44.078] 5877,76,97,0.0
[2026-05-10 00:35:44.174] [GetTemp--2147478764]:i2c write failed
[2026-05-10 00:35:44.174] 5878,76,97,0.0
[2026-05-10 00:35:44.269] [GetTemp--2147478764]:i2c write failed
[2026-05-10 00:35:44.269] 5879,76,97,0.0
[2026-05-10 00:35:44.508] HR=85 SpO2=97 (raw:82/97 valid:1/1 sqi:1)
[2026-05-10 00:35:44.588] [GetTemp--2147478764]:i2c write failed
[2026-05-10 00:35:44.588] 5880,75,97,0.0
[2026-05-10 00:35:44.684] [GetTemp--2147478764]:i2c write failed
[2026-05-10 00:35:44.684] 5881,75,97,0.0
[2026-05-10 00:35:44.779] [GetTemp--2147478764]:i2c write failed
[2026-05-10 00:35:44.779] 5882,75,97,0.0
[2026-05-10 00:35:44.887] [GetTemp--2147478764]:i2c write failed
[2026-05-10 00:35:44.887] 5883,75,97,0.0
[2026-05-10 00:35:44.980] [GetTemp--2147478764]:i2c write failed
[2026-05-10 00:35:44.981] 5884,75,97,0.0
[2026-05-10 00:35:45.294] [GetTemp--2147478764]:i2c write failed
[2026-05-10 00:35:45.294] 5885,75,97,0.0
[2026-05-10 00:35:45.389] [GetTemp--2147478764]:i2c write failed
[2026-05-10 00:35:45.389] 5886,75,97,0.0
[2026-05-10 00:35:45.500] [GetTemp--2147478764]:i2c write failed
[2026-05-10 00:35:45.500] 5887,75,97,0.0
[2026-05-10 00:35:45.516] HR=84 SpO2=97 (raw:80/98 valid:1/1 sqi:1)
[2026-05-10 00:35:45.595] [GetTemp--2147478764]:i2c write failed
[2026-05-10 00:35:45.595] 5888,74,97,0.0
[2026-05-10 00:35:45.691] [GetTemp--2147478764]:i2c write failed
[2026-05-10 00:35:45.691] 5889,74,97,0.0
[2026-05-10 00:35:46.005] [GetTemp--2147478764]:i2c write failed
[2026-05-10 00:35:46.005] 5890,74,97,0.0
[2026-05-10 00:35:46.107] [GetTemp--2147478764]:i2c write failed
[2026-05-10 00:35:46.107] 5891,74,97,0.0
[2026-05-10 00:35:46.201] [GetTemp--2147478764]:i2c write failed
[2026-05-10 00:35:46.201] 5892,74,97,0.0
[2026-05-10 00:35:46.297] [GetTemp--2147478764]:i2c write failed
[2026-05-10 00:35:46.313] 5893,74,97,0.0
[2026-05-10 00:35:46.409] [GetTemp--2147478764]:i2c write failed
[2026-05-10 00:35:46.409] 5894,74,97,0.0
[2026-05-10 00:35:46.632] HR=82 SpO2=97 (raw:77/98 valid:1/1 sqi:1)
[2026-05-10 00:35:46.711] [GetTemp--2147478764]:i2c write failed
[2026-05-10 00:35:46.712] 5895,72,97,0.0
[2026-05-10 00:35:46.807] [GetTemp--2147478764]:i2c write failed
[2026-05-10 00:35:46.809] 5896,72,97,0.0
[2026-05-10 00:35:46.916] [GetTemp--2147478764]:i2c write failed
[2026-05-10 00:35:46.916] 5897,72,97,0.0
[2026-05-10 00:35:47.009] [GetTemp--2147478764]:i2c write failed
[2026-05-10 00:35:47.009] 5898,72,97,0.0
[2026-05-10 00:35:47.111] [GetTemp--2147478764]:i2c write failed
[2026-05-10 00:35:47.111] 5899,72,97,0.0
[2026-05-10 00:35:47.431] [GetTemp--2147478764]:i2c write failed
[2026-05-10 00:35:47.433] 5900,72,97,0.0
[2026-05-10 00:35:47.527] [GetTemp--2147478764]:i2c write failed
[2026-05-10 00:35:47.529] 5901,72,97,0.0
[2026-05-10 00:35:47.622] [GetTemp--2147478764]:i2c write failed
[2026-05-10 00:35:47.622] 5902,72,97,0.0
[2026-05-10 00:35:47.638] HR=80 SpO2=98 (raw:77/98 valid:1/1 sqi:1)
[2026-05-10 00:35:47.716] [GetTemp--2147478764]:i2c write failed
[2026-05-10 00:35:47.731] 5903,70,98,0.0
[2026-05-10 00:35:47.825] [GetTemp--2147478764]:i2c write failed
[2026-05-10 00:35:47.826] 5904,70,98,0.0
[2026-05-10 00:35:48.133] [GetTemp--2147478764]:i2c write failed
[2026-05-10 00:35:48.133] 5905,70,98,0.0
[2026-05-10 00:35:48.228] [GetTemp--2147478764]:i2c write failed
[2026-05-10 00:35:48.229] 5906,70,98,0.0
[2026-05-10 00:35:48.340] [GetTemp--2147478764]:i2c write failed
[2026-05-10 00:35:48.342] 5907,70,98,0.0
[2026-05-10 00:35:48.435] [GetTemp--2147478764]:i2c write failed
[2026-05-10 00:35:48.435] 5908,70,98,0.0
[2026-05-10 00:35:48.531] [GetTemp--2147478764]:i2c write failed
[2026-05-10 00:35:48.531] 5909,70,98,0.0
[2026-05-10 00:35:48.848] [GetTemp--2147478764]:i2c write failed
[2026-05-10 00:35:48.849] 5910,70,98,0.0
[2026-05-10 00:35:48.910] HR=77 SpO2=98 (raw:77/99 valid:1/1 sqi:1)
[2026-05-10 00:35:48.935] [GetTemp--2147478764]:i2c write failed
[2026-05-10 00:35:48.938] 5911,67,98,0.0
[2026-05-10 00:35:49.051] [GetTemp--2147478764]:i2c write failed
[2026-05-10 00:35:49.051] 5912,67,98,0.0
[2026-05-10 00:35:49.138] [GetTemp--2147478764]:i2c write failed
[2026-05-10 00:35:49.138] 5913,67,98,0.0
[2026-05-10 00:35:49.250] [GetTemp--2147478764]:i2c write failed
[2026-05-10 00:35:49.251] 5914,67,98,0.0
[2026-05-10 00:35:49.552] [GetTemp--2147478764]:i2c write failed
[2026-05-10 00:35:49.552] 5915,67,98,0.0
[2026-05-10 00:35:49.647] [GetTemp--2147478764]:i2c write failed
[2026-05-10 00:35:49.652] 5916,67,98,0.0
[2026-05-10 00:35:49.755] [GetTemp--2147478764]:i2c write failed
[2026-05-10 00:35:49.755] 5917,67,98,0.0
[2026-05-10 00:35:49.849] [GetTemp--2147478764]:i2c write failed
[2026-05-10 00:35:49.850] 5918,67,98,0.0
[2026-05-10 00:35:49.944] HR=77 SpO2=98 (raw:85/98 valid:1/1 sqi:1)
[2026-05-10 00:35:49.947] [GetTemp--2147478764]:i2c write failed
[2026-05-10 00:35:49.949] 5919,67,98,0.0
[2026-05-10 00:35:50.256] [GetTemp--2147478764]:i2c write failed
[2026-05-10 00:35:50.272] 5920,67,98,0.0
[2026-05-10 00:35:50.367] [GetTemp--2147478764]:i2c write failed
[2026-05-10 00:35:50.367] 5921,67,98,0.0
[2026-05-10 00:35:50.463] [GetTemp--2147478764]:i2c write failed
[2026-05-10 00:35:50.463] 5922,67,98,0.0
[2026-05-10 00:35:50.559] [GetTemp--2147478764]:i2c write failed
[2026-05-10 00:35:50.561] 5923,67,98,0.0
[2026-05-10 00:35:50.670] [GetTemp--2147478764]:i2c write failed
[2026-05-10 00:35:50.672] 5924,67,98,0.0
[2026-05-10 00:35:50.967] [GetTemp--2147478764]:i2c write failed
[2026-05-10 00:35:50.970] 5925,67,98,0.0
[2026-05-10 00:35:51.039] HR=77 SpO2=98 (raw:82/97 valid:1/1 sqi:1)
[2026-05-10 00:35:51.064] [GetTemp--2147478764]:i2c write failed
[2026-05-10 00:35:51.068] 5926,67,98,0.0
[2026-05-10 00:35:51.167] [GetTemp--2147478764]:i2c write failed
[2026-05-10 00:35:51.182] 5927,67,98,0.0
[2026-05-10 00:35:51.279] [GetTemp--2147478764]:i2c write failed
[2026-05-10 00:35:51.279] 5928,67,98,0.0
[2026-05-10 00:35:51.374] [GetTemp--2147478764]:i2c write failed
[2026-05-10 00:35:51.374] 5929,67,98,0.0
[2026-05-10 00:35:51.676] [GetTemp--2147478764]:i2c write failed
[2026-05-10 00:35:51.679] 5930,67,98,0.0
[2026-05-10 00:35:51.786] [GetTemp--2147478764]:i2c write failed
[2026-05-10 00:35:51.787] 5931,67,98,0.0
[2026-05-10 00:35:51.881] [GetTemp--2147478764]:i2c write failed
[2026-05-10 00:35:51.882] 5932,67,98,0.0
[2026-05-10 00:35:51.990] [GetTemp--2147478764]:i2c write failed
[2026-05-10 00:35:51.990] 5933,67,98,0.0
[2026-05-10 00:35:52.076] HR=78 SpO2=98 (raw:78/97 valid:1/1 sqi:1)
[2026-05-10 00:35:52.076] [GetTemp--2147478764]:i2c write failed
[2026-05-10 00:35:52.091] 5934,68,98,0.0
[2026-05-10 00:35:52.394] [GetTemp--2147478764]:i2c write failed
[2026-05-10 00:35:52.394] 5935,68,98,0.0
[2026-05-10 00:35:52.490] [GetTemp--2147478764]:i2c write failed
[2026-05-10 00:35:52.490] 5936,68,98,0.0
[2026-05-10 00:35:52.601] [GetTemp--2147478764]:i2c write failed
[2026-05-10 00:35:52.601] 5937,68,98,0.0
[2026-05-10 00:35:52.697] [GetTemp--2147478764]:i2c write failed
[2026-05-10 00:35:52.697] 5938,68,98,0.0
[2026-05-10 00:35:52.792] [GetTemp--2147478764]:i2c write failed
[2026-05-10 00:35:52.792] 5939,68,98,0.0
[2026-05-10 00:35:53.108] [GetTemp--2147478764]:i2c write failed
[2026-05-10 00:35:53.108] 5940,68,98,0.0
[2026-05-10 00:35:53.203] [GetTemp--2147478764]:i2c write failed
[2026-05-10 00:35:53.203] 5941,68,98,0.0
[2026-05-10 00:35:53.298] [GetTemp--2147478764]:i2c write failed
[2026-05-10 00:35:53.300] 5942,68,98,0.0
[2026-05-10 00:35:53.314] HR=78 SpO2=98 (raw:78/98 valid:1/1 sqi:1)
[2026-05-10 00:35:53.410] [GetTemp--2147478764]:i2c write failed
[2026-05-10 00:35:53.410] 5943,68,98,0.0
[2026-05-10 00:35:53.505] [GetTemp--2147478764]:i2c write failed
[2026-05-10 00:35:53.505] 5944,68,98,0.0
[2026-05-10 00:35:53.821] [GetTemp--2147478764]:i2c write failed
[2026-05-10 00:35:53.821] 5945,68,98,0.0
[2026-05-10 00:35:53.914] [GetTemp--2147478764]:i2c write failed
[2026-05-10 00:35:53.916] 5946,68,98,0.0
[2026-05-10 00:35:54.013] [GetTemp--2147478764]:i2c write failed
[2026-05-10 00:35:54.013] 5947,68,98,0.0
[2026-05-10 00:35:54.109] [GetTemp--2147478764]:i2c write failed
[2026-05-10 00:35:54.109] 5948,68,98,0.0
[2026-05-10 00:35:54.219] [GetTemp--2147478764]:i2c write failed
[2026-05-10 00:35:54.219] 5949,68,98,0.0
[2026-05-10 00:35:54.442] HR=78 SpO2=98 (raw:78/98 valid:1/1 sqi:1)
[2026-05-10 00:35:54.521] [GetTemp--2147478764]:i2c write failed
[2026-05-10 00:35:54.521] 5950,68,98,0.0
[2026-05-10 00:35:54.617] [GetTemp--2147478764]:i2c write failed
[2026-05-10 00:35:54.633] 5951,68,98,0.0
[2026-05-10 00:35:54.728] [GetTemp--2147478764]:i2c write failed
[2026-05-10 00:35:54.728] 5952,68,98,0.0
[2026-05-10 00:35:54.823] [GetTemp--2147478764]:i2c write failed
[2026-05-10 00:35:54.823] 5953,68,98,0.0
[2026-05-10 00:35:54.916] [GetTemp--2147478764]:i2c write failed
[2026-05-10 00:35:54.920] 5954,68,98,0.0
[2026-05-10 00:35:55.239] [GetTemp--2147478764]:i2c write failed
[2026-05-10 00:35:55.239] 5955,68,98,0.0
[2026-05-10 00:35:55.335] [GetTemp--2147478764]:i2c write failed
[2026-05-10 00:35:55.335] 5956,68,98,0.0
[2026-05-10 00:35:55.430] [GetTemp--2147478764]:i2c write failed
[2026-05-10 00:35:55.430] 5957,68,98,0.0
[2026-05-10 00:35:55.449] HR=78 SpO2=98 (raw:80/98 valid:1/1 sqi:1)
[2026-05-10 00:35:55.526] [GetTemp--2147478764]:i2c write failed
[2026-05-10 00:35:55.526] 5958,68,98,0.0
[2026-05-10 00:35:55.637] [GetTemp--2147478764]:i2c write failed
[2026-05-10 00:35:55.637] 5959,68,98,0.0
[2026-05-10 00:35:55.938] [GetTemp--2147478764]:i2c write failed
[2026-05-10 00:35:55.938] 5960,68,98,0.0
[2026-05-10 00:35:56.038] [GetTemp--2147478764]:i2c write failed
[2026-05-10 00:35:56.038] 5961,68,98,0.0
[2026-05-10 00:35:56.150] [GetTemp--2147478764]:i2c write failed
[2026-05-10 00:35:56.151] 5962,68,98,0.0
[2026-05-10 00:35:56.245] [GetTemp--2147478764]:i2c write failed
[2026-05-10 00:35:56.245] 5963,68,98,0.0
[2026-05-10 00:35:56.340] [GetTemp--2147478764]:i2c write failed
[2026-05-10 00:35:56.340] 5964,68,98,0.0
[2026-05-10 00:35:56.580] HR=78 SpO2=98 (raw:78/98 valid:1/1 sqi:1)
[2026-05-10 00:35:56.659] [GetTemp--2147478764]:i2c write failed
[2026-05-10 00:35:56.659] 5965,68,98,0.0
[2026-05-10 00:35:56.754] [GetTemp--2147478764]:i2c write failed
[2026-05-10 00:35:56.755] 5966,68,98,0.0
[2026-05-10 00:35:56.848] [GetTemp--2147478764]:i2c write failed
[2026-05-10 00:35:56.849] 5967,68,98,0.0
[2026-05-10 00:35:56.956] [GetTemp--2147478764]:i2c write failed
[2026-05-10 00:35:56.957] 5968,68,98,0.0
[2026-05-10 00:35:57.059] [GetTemp--2147478764]:i2c write failed
[2026-05-10 00:35:57.059] 5969,68,98,0.0
[2026-05-10 00:35:57.363] [GetTemp--2147478764]:i2c write failed
[2026-05-10 00:35:57.363] 5970,68,98,0.0
[2026-05-10 00:35:57.459] [GetTemp--2147478764]:i2c write failed
[2026-05-10 00:35:57.459] 5971,68,98,0.0
[2026-05-10 00:35:57.570] [GetTemp--2147478764]:i2c write failed
[2026-05-10 00:35:57.571] 5972,68,98,0.0
[2026-05-10 00:35:57.666] [GetTemp--2147478764]:i2c write failed
[2026-05-10 00:35:57.666] 5973,68,98,0.0
[2026-05-10 00:35:57.744] HR=78 SpO2=98 (raw:80/98 valid:1/1 sqi:1)
[2026-05-10 00:35:57.755] [GetTemp--2147478764]:i2c write failed
[2026-05-10 00:35:57.758] 5974,68,98,0.0
[2026-05-10 00:35:58.065] [GetTemp--2147478764]:i2c write failed
[2026-05-10 00:35:58.070] 5975,68,98,0.0
[2026-05-10 00:35:58.177] [GetTemp--2147478764]:i2c write failed
[2026-05-10 00:35:58.177] 5976,68,98,0.0
[2026-05-10 00:35:58.273] [GetTemp--2147478764]:i2c write failed
[2026-05-10 00:35:58.275] 5977,68,98,0.0
[2026-05-10 00:35:58.368] [GetTemp--2147478764]:i2c write failed
[2026-05-10 00:35:58.368] 5978,68,98,0.0
[2026-05-10 00:35:58.479] [GetTemp--2147478764]:i2c write failed
[2026-05-10 00:35:58.479] 5979,68,98,0.0
[2026-05-10 00:35:58.781] [GetTemp--2147478764]:i2c write failed
[2026-05-10 00:35:58.781] 5980,68,98,0.0
[2026-05-10 00:35:58.845] HR=80 SpO2=98 (raw:85/98 valid:1/1 sqi:1)
[2026-05-10 00:35:58.875] [GetTemp--2147478764]:i2c write failed
[2026-05-10 00:35:58.879] 5981,70,98,0.0
[2026-05-10 00:35:58.987] [GetTemp--2147478764]:i2c write failed
[2026-05-10 00:35:58.987] 5982,70,98,0.0
[2026-05-10 00:35:59.080] [GetTemp--2147478764]:i2c write failed
[2026-05-10 00:35:59.080] 5983,70,98,0.0
[2026-05-10 00:35:59.182] [GetTemp--2147478764]:i2c write failed
[2026-05-10 00:35:59.182] 5984,70,98,0.0
[2026-05-10 00:35:59.501] [GetTemp--2147478764]:i2c write failed
[2026-05-10 00:35:59.501] 5985,70,98,0.0
[2026-05-10 00:35:59.598] [GetTemp--2147478764]:i2c write failed
[2026-05-10 00:35:59.598] 5986,70,98,0.0
[2026-05-10 00:35:59.693] [GetTemp--2147478764]:i2c write failed
[2026-05-10 00:35:59.696] 5987,70,98,0.0
[2026-05-10 00:35:59.788] [GetTemp--2147478764]:i2c write failed
[2026-05-10 00:35:59.789] 5988,70,98,0.0
[2026-05-10 00:35:59.882] HR=80 SpO2=98 (raw:86/98 valid:1/1 sqi:1)
[2026-05-10 00:35:59.886] [GetTemp--2147478764]:i2c write failed
[2026-05-10 00:35:59.889] 5989,70,98,0.0
[2026-05-10 00:36:00.207] [GetTemp--2147478764]:i2c write failed
[2026-05-10 00:36:00.207] 5990,70,98,0.0
[2026-05-10 00:36:00.303] [GetTemp--2147478764]:i2c write failed
[2026-05-10 00:36:00.303] 5991,70,98,0.0
[2026-05-10 00:36:00.398] [GetTemp--2147478764]:i2c write failed
[2026-05-10 00:36:00.400] 5992,70,98,0.0
[2026-05-10 00:36:00.509] [GetTemp--2147478764]:i2c write failed
[2026-05-10 00:36:00.509] 5993,70,98,0.0
[2026-05-10 00:36:00.605] [GetTemp--2147478764]:i2c write failed
[2026-05-10 00:36:00.605] 5994,70,98,0.0
[2026-05-10 00:36:00.906] [GetTemp--2147478764]:i2c write failed
[2026-05-10 00:36:00.909] 5995,70,98,0.0
[2026-05-10 00:36:00.985] HR=85 SpO2=98 (raw:86/97 valid:1/1 sqi:1)
[2026-05-10 00:36:01.005] [GetTemp--2147478764]:i2c write failed
[2026-05-10 00:36:01.009] 5996,75,98,0.0
[2026-05-10 00:36:01.117] [GetTemp--2147478764]:i2c write failed
[2026-05-10 00:36:01.117] 5997,75,98,0.0
[2026-05-10 00:36:01.213] [GetTemp--2147478764]:i2c write failed
[2026-05-10 00:36:01.213] 5998,75,98,0.0
[2026-05-10 00:36:01.309] [GetTemp--2147478764]:i2c write failed
[2026-05-10 00:36:01.309] 5999,75,98,0.0
[2026-05-10 00:36:01.626] [GetTemp--2147478764]:i2c write failed
[2026-05-10 00:36:01.626] 6000,75,98,0.0
[2026-05-10 00:36:01.721] [GetTemp--2147478764]:i2c write failed
[2026-05-10 00:36:01.723] 6001,75,98,0.0
[2026-05-10 00:36:01.830] [GetTemp--2147478764]:i2c write failed
[2026-05-10 00:36:01.830] 6002,75,98,0.0
[2026-05-10 00:36:01.926] [GetTemp--2147478764]:i2c write failed
[2026-05-10 00:36:01.928] 6003,75,98,0.0
[2026-05-10 00:36:02.026] [GetTemp--2147478764]:i2c write failed
[2026-05-10 00:36:02.026] 6004,75,98,0.0
[2026-05-10 00:36:02.247] HR=86 SpO2=98 (raw:86/97 valid:1/1 sqi:1)
[2026-05-10 00:36:02.327] [GetTemp--2147478764]:i2c write failed
[2026-05-10 00:36:02.327] 6005,76,98,0.0
[2026-05-10 00:36:02.438] [GetTemp--2147478764]:i2c write failed
[2026-05-10 00:36:02.438] 6006,76,98,0.0
[2026-05-10 00:36:02.534] [GetTemp--2147478764]:i2c write failed
[2026-05-10 00:36:02.534] 6007,76,98,0.0
[2026-05-10 00:36:02.630] [GetTemp--2147478764]:i2c write failed
[2026-05-10 00:36:02.630] 6008,76,98,0.0
[2026-05-10 00:36:02.726] [GetTemp--2147478764]:i2c write failed
[2026-05-10 00:36:02.742] 6009,76,98,0.0
[2026-05-10 00:36:03.039] [GetTemp--2147478764]:i2c write failed
[2026-05-10 00:36:03.040] 6010,76,98,0.0
[2026-05-10 00:36:03.143] [GetTemp--2147478764]:i2c write failed
[2026-05-10 00:36:03.143] 6011,76,98,0.0
[2026-05-10 00:36:03.239] [GetTemp--2147478764]:i2c write failed
[2026-05-10 00:36:03.239] 6012,76,98,0.0
[2026-05-10 00:36:03.255] HR=86 SpO2=97 (raw:86/97 valid:1/1 sqi:1)
[2026-05-10 00:36:03.351] [GetTemp--2147478764]:i2c write failed
[2026-05-10 00:36:03.351] 6013,76,97,0.0
[2026-05-10 00:36:03.446] [GetTemp--2147478764]:i2c write failed
[2026-05-10 00:36:03.446] 6014,76,97,0.0
[2026-05-10 00:36:03.747] [GetTemp--2147478764]:i2c write failed
[2026-05-10 00:36:03.750] 6015,76,97,0.0
[2026-05-10 00:36:03.857] [GetTemp--2147478764]:i2c write failed
[2026-05-10 00:36:03.857] 6016,76,97,0.0
[2026-05-10 00:36:03.950] [GetTemp--2147478764]:i2c write failed
[2026-05-10 00:36:03.950] 6017,76,97,0.0
[2026-05-10 00:36:04.054] [GetTemp--2147478764]:i2c write failed
[2026-05-10 00:36:04.054] 6018,76,97,0.0
[2026-05-10 00:36:04.149] [GetTemp--2147478764]:i2c write failed
[2026-05-10 00:36:04.149] 6019,76,97,0.0
[2026-05-10 00:36:04.388] HR=86 SpO2=97 (raw:86/97 valid:1/1 sqi:1)
[2026-05-10 00:36:04.467] [GetTemp--2147478764]:i2c write failed
[2026-05-10 00:36:04.467] 6020,76,97,0.0
[2026-05-10 00:36:04.562] [GetTemp--2147478764]:i2c write failed
[2026-05-10 00:36:04.562] 6021,76,97,0.0
[2026-05-10 00:36:04.658] [GetTemp--2147478764]:i2c write failed
[2026-05-10 00:36:04.658] 6022,76,97,0.0
[2026-05-10 00:36:04.770] [GetTemp--2147478764]:i2c write failed
[2026-05-10 00:36:04.771] 6023,76,97,0.0
[2026-05-10 00:36:04.865] [GetTemp--2147478764]:i2c write failed
[2026-05-10 00:36:04.866] 6024,76,97,0.0
[2026-05-10 00:36:05.171] [GetTemp--2147478764]:i2c write failed
[2026-05-10 00:36:05.171] 6025,76,97,0.0
[2026-05-10 00:36:05.282] [GetTemp--2147478764]:i2c write failed
[2026-05-10 00:36:05.282] 6026,76,97,0.0
[2026-05-10 00:36:05.378] [GetTemp--2147478764]:i2c write failed
[2026-05-10 00:36:05.378] 6027,76,97,0.0
[2026-05-10 00:36:05.392] HR=86 SpO2=97 (raw:89/98 valid:1/1 sqi:1)
[2026-05-10 00:36:05.474] [GetTemp--2147478764]:i2c write failed
[2026-05-10 00:36:05.475] 6028,76,97,0.0
[2026-05-10 00:36:05.569] [GetTemp--2147478764]:i2c write failed
[2026-05-10 00:36:05.569] 6029,76,97,0.0
[2026-05-10 00:36:05.884] [GetTemp--2147478764]:i2c write failed
[2026-05-10 00:36:05.884] 6030,76,97,0.0
[2026-05-10 00:36:05.979] [GetTemp--2147478764]:i2c write failed
[2026-05-10 00:36:05.979] 6031,76,97,0.0
[2026-05-10 00:36:06.081] [GetTemp--2147478764]:i2c write failed
[2026-05-10 00:36:06.082] 6032,76,97,0.0
[2026-05-10 00:36:06.177] [GetTemp--2147478764]:i2c write failed
[2026-05-10 00:36:06.179] 6033,76,97,0.0
[2026-05-10 00:36:06.287] [GetTemp--2147478764]:i2c write failed
[2026-05-10 00:36:06.287] 6034,76,97,0.0
[2026-05-10 00:36:06.590] [GetTemp--2147478764]:i2c write failed
[2026-05-10 00:36:06.590] 6035,76,97,0.0
[2026-05-10 00:36:06.670] HR=86 SpO2=97 (raw:89/98 valid:1/1 sqi:1)
[2026-05-10 00:36:06.686] [GetTemp--2147478764]:i2c write failed
[2026-05-10 00:36:06.689] 6036,76,97,0.0
[2026-05-10 00:36:06.795] [GetTemp--2147478764]:i2c write failed
[2026-05-10 00:36:06.795] 6037,76,97,0.0
[2026-05-10 00:36:06.889] [GetTemp--2147478764]:i2c write failed
[2026-05-10 00:36:06.889] 6038,76,97,0.0
[2026-05-10 00:36:06.999] [GetTemp--2147478764]:i2c write failed
[2026-05-10 00:36:06.999] 6039,76,97,0.0
[2026-05-10 00:36:07.301] [GetTemp--2147478764]:i2c write failed
[2026-05-10 00:36:07.301] 6040,76,97,0.0
[2026-05-10 00:36:07.395] [GetTemp--2147478764]:i2c write failed
[2026-05-10 00:36:07.411] 6041,76,97,0.0
[2026-05-10 00:36:07.506] [GetTemp--2147478764]:i2c write failed
[2026-05-10 00:36:07.506] 6042,76,97,0.0
[2026-05-10 00:36:07.601] [GetTemp--2147478764]:i2c write failed
[2026-05-10 00:36:07.601] 6043,76,97,0.0
[2026-05-10 00:36:07.696] HR=89 SpO2=97 (raw:89/97 valid:1/1 sqi:1)
[2026-05-10 00:36:07.696] [GetTemp--2147478764]:i2c write failed
[2026-05-10 00:36:07.712] 6044,79,97,0.0
[2026-05-10 00:36:08.009] [GetTemp--2147478764]:i2c write failed
[2026-05-10 00:36:08.010] 6045,79,97,0.0
[2026-05-10 00:36:08.112] [GetTemp--2147478764]:i2c write failed
[2026-05-10 00:36:08.112] 6046,79,97,0.0
[2026-05-10 00:36:08.208] [GetTemp--2147478764]:i2c write failed
[2026-05-10 00:36:08.208] 6047,79,97,0.0
[2026-05-10 00:36:08.319] [GetTemp--2147478764]:i2c write failed
[2026-05-10 00:36:08.319] 6048,79,97,0.0
[2026-05-10 00:36:08.415] [GetTemp--2147478764]:i2c write failed
[2026-05-10 00:36:08.415] 6049,79,97,0.0
[2026-05-10 00:36:08.718] [GetTemp--2147478764]:i2c write failed
[2026-05-10 00:36:08.721] 6050,79,97,0.0
[2026-05-10 00:36:08.797] HR=89 SpO2=97 (raw:83/97 valid:1/1 sqi:1)
[2026-05-10 00:36:08.816] [GetTemp--2147478764]:i2c write failed
[2026-05-10 00:36:08.819] 6051,79,97,0.0
[2026-05-10 00:36:08.923] [GetTemp--2147478764]:i2c write failed
[2026-05-10 00:36:08.923] 6052,79,97,0.0
[2026-05-10 00:36:09.017] [GetTemp--2147478764]:i2c write failed
[2026-05-10 00:36:09.033] 6053,79,97,0.0
[2026-05-10 00:36:09.118] [GetTemp--2147478764]:i2c write failed
[2026-05-10 00:36:09.134] 6054,79,97,0.0
[2026-05-10 00:36:09.437] [GetTemp--2147478764]:i2c write failed
[2026-05-10 00:36:09.437] 6055,79,97,0.0
[2026-05-10 00:36:09.533] [GetTemp--2147478764]:i2c write failed
[2026-05-10 00:36:09.533] 6056,79,97,0.0
[2026-05-10 00:36:09.628] [GetTemp--2147478764]:i2c write failed
[2026-05-10 00:36:09.630] 6057,79,97,0.0
[2026-05-10 00:36:09.738] [GetTemp--2147478764]:i2c write failed
[2026-05-10 00:36:09.738] 6058,79,97,0.0
[2026-05-10 00:36:09.832] HR=89 SpO2=97 (raw:83/97 valid:1/1 sqi:1)
[2026-05-10 00:36:09.832] [GetTemp--2147478764]:i2c write failed
[2026-05-10 00:36:09.832] 6059,79,97,0.0
[2026-05-10 00:36:10.138] [GetTemp--2147478764]:i2c write failed
[2026-05-10 00:36:10.138] 6060,79,97,0.0
[2026-05-10 00:36:10.251] [GetTemp--2147478764]:i2c write failed
[2026-05-10 00:36:10.251] 6061,79,97,0.0
[2026-05-10 00:36:10.346] [GetTemp--2147478764]:i2c write failed
[2026-05-10 00:36:10.346] 6062,79,97,0.0
[2026-05-10 00:36:10.442] [GetTemp--2147478764]:i2c write failed
[2026-05-10 00:36:10.442] 6063,79,97,0.0
[2026-05-10 00:36:10.537] [GetTemp--2147478764]:i2c write failed
[2026-05-10 00:36:10.553] 6064,79,97,0.0
[2026-05-10 00:36:10.854] [GetTemp--2147478764]:i2c write failed
[2026-05-10 00:36:10.854] 6065,79,97,0.0
[2026-05-10 00:36:10.947] [GetTemp--2147478764]:i2c write failed
[2026-05-10 00:36:10.949] 6066,79,97,0.0
[2026-05-10 00:36:11.065] [GetTemp--2147478764]:i2c write failed
[2026-05-10 00:36:11.065] 6067,79,97,0.0
[2026-05-10 00:36:11.065] HR=89 SpO2=97 (raw:89/98 valid:1/1 sqi:1)
[2026-05-10 00:36:11.160] [GetTemp--2147478764]:i2c write failed
[2026-05-10 00:36:11.160] 6068,79,97,0.0
[2026-05-10 00:36:11.256] [GetTemp--2147478764]:i2c write failed
[2026-05-10 00:36:11.256] 6069,79,97,0.0
[2026-05-10 00:36:11.558] [GetTemp--2147478764]:i2c write failed
[2026-05-10 00:36:11.558] 6070,79,97,0.0
[2026-05-10 00:36:11.670] [GetTemp--2147478764]:i2c write failed
[2026-05-10 00:36:11.670] 6071,79,97,0.0
[2026-05-10 00:36:11.766] [GetTemp--2147478764]:i2c write failed
[2026-05-10 00:36:11.766] 6072,79,97,0.0
[2026-05-10 00:36:11.860] [GetTemp--2147478764]:i2c write failed
[2026-05-10 00:36:11.860] 6073,79,97,0.0
[2026-05-10 00:36:11.968] [GetTemp--2147478764]:i2c write failed
[2026-05-10 00:36:11.968] 6074,79,97,0.0
[2026-05-10 00:36:12.200] HR=89 SpO2=97 (raw:92/98 valid:1/1 sqi:1)
[2026-05-10 00:36:12.279] [GetTemp--2147478764]:i2c write failed
[2026-05-10 00:36:12.279] 6075,79,97,0.0
[2026-05-10 00:36:12.374] [GetTemp--2147478764]:i2c write failed
[2026-05-10 00:36:12.374] 6076,79,97,0.0
[2026-05-10 00:36:12.470] [GetTemp--2147478764]:i2c write failed
[2026-05-10 00:36:12.470] 6077,79,97,0.0
[2026-05-10 00:36:12.581] [GetTemp--2147478764]:i2c write failed
[2026-05-10 00:36:12.582] 6078,79,97,0.0
[2026-05-10 00:36:12.676] [GetTemp--2147478764]:i2c write failed
[2026-05-10 00:36:12.676] 6079,79,97,0.0
[2026-05-10 00:36:12.981] [GetTemp--2147478764]:i2c write failed
[2026-05-10 00:36:12.982] 6080,79,97,0.0
[2026-05-10 00:36:13.077] [GetTemp--2147478764]:i2c write failed
[2026-05-10 00:36:13.080] 6081,79,97,0.0
[2026-05-10 00:36:13.188] [GetTemp--2147478764]:i2c write failed
[2026-05-10 00:36:13.188] 6082,79,97,0.0
[2026-05-10 00:36:13.205] HR=89 SpO2=98 (raw:95/98 valid:1/1 sqi:1)
[2026-05-10 00:36:13.285] [GetTemp--2147478764]:i2c write failed
[2026-05-10 00:36:13.285] 6083,79,98,0.0
[2026-05-10 00:36:13.380] [GetTemp--2147478764]:i2c write failed
[2026-05-10 00:36:13.380] 6084,79,98,0.0
[2026-05-10 00:36:13.698] [GetTemp--2147478764]:i2c write failed
[2026-05-10 00:36:13.698] 6085,79,98,0.0
[2026-05-10 00:36:13.791] [GetTemp--2147478764]:i2c write failed
[2026-05-10 00:36:13.791] 6086,79,98,0.0
[2026-05-10 00:36:13.900] [GetTemp--2147478764]:i2c write failed
[2026-05-10 00:36:13.901] 6087,79,98,0.0
[2026-05-10 00:36:13.993] [GetTemp--2147478764]:i2c write failed
[2026-05-10 00:36:13.994] 6088,79,98,0.0
[2026-05-10 00:36:14.096] [GetTemp--2147478764]:i2c write failed
[2026-05-10 00:36:14.096] 6089,79,98,0.0
[2026-05-10 00:36:14.320] HR=92 SpO2=98 (raw:96/98 valid:1/1 sqi:1)
[2026-05-10 00:36:14.400] [GetTemp--2147478764]:i2c write failed
[2026-05-10 00:36:14.400] 6090,82,98,0.0
[2026-05-10 00:36:14.510] [GetTemp--2147478764]:i2c write failed
[2026-05-10 00:36:14.510] 6091,82,98,0.0
[2026-05-10 00:36:14.605] [GetTemp--2147478764]:i2c write failed
[2026-05-10 00:36:14.605] 6092,82,98,0.0
[2026-05-10 00:36:14.701] [GetTemp--2147478764]:i2c write failed
[2026-05-10 00:36:14.702] 6093,82,98,0.0
[2026-05-10 00:36:14.810] [GetTemp--2147478764]:i2c write failed
[2026-05-10 00:36:14.810] 6094,82,98,0.0
[2026-05-10 00:36:15.116] [GetTemp--2147478764]:i2c write failed
[2026-05-10 00:36:15.118] 6095,82,98,0.0
[2026-05-10 00:36:15.213] [GetTemp--2147478764]:i2c write failed
[2026-05-10 00:36:15.213] 6096,82,98,0.0
[2026-05-10 00:36:15.309] [GetTemp--2147478764]:i2c write failed
[2026-05-10 00:36:15.309] 6097,82,98,0.0
[2026-05-10 00:36:15.420] [GetTemp--2147478764]:i2c write failed
[2026-05-10 00:36:15.420] 6098,82,98,0.0
[2026-05-10 00:36:15.500] HR=95 SpO2=98 (raw:96/97 valid:1/1 sqi:1)
[2026-05-10 00:36:15.515] [GetTemp--2147478764]:i2c write failed
[2026-05-10 00:36:15.515] 6099,85,98,0.0
[2026-05-10 00:36:15.831] [GetTemp--2147478764]:i2c write failed
[2026-05-10 00:36:15.831] 6100,85,98,0.0
[2026-05-10 00:36:15.925] [GetTemp--2147478764]:i2c write failed
[2026-05-10 00:36:15.926] 6101,85,98,0.0
[2026-05-10 00:36:16.029] [GetTemp--2147478764]:i2c write failed
[2026-05-10 00:36:16.029] 6102,85,98,0.0
[2026-05-10 00:36:16.124] [GetTemp--2147478764]:i2c write failed
[2026-05-10 00:36:16.124] 6103,85,98,0.0
[2026-05-10 00:36:16.220] [GetTemp--2147478764]:i2c write failed
[2026-05-10 00:36:16.220] 6104,85,98,0.0
[2026-05-10 00:36:16.539] [GetTemp--2147478764]:i2c write failed
[2026-05-10 00:36:16.539] 6105,85,98,0.0
[2026-05-10 00:36:16.602] HR=95 SpO2=98 (raw:90/98 valid:1/1 sqi:1)
[2026-05-10 00:36:16.618] [GetTemp--2147478764]:i2c write failed
[2026-05-10 00:36:16.629] 6106,85,98,0.0
[2026-05-10 00:36:16.729] [GetTemp--2147478764]:i2c write failed
[2026-05-10 00:36:16.729] 6107,85,98,0.0
[2026-05-10 00:36:16.839] [GetTemp--2147478764]:i2c write failed
[2026-05-10 00:36:16.840] 6108,85,98,0.0
[2026-05-10 00:36:16.934] [GetTemp--2147478764]:i2c write failed
[2026-05-10 00:36:16.934] 6109,85,98,0.0
[2026-05-10 00:36:17.250] [GetTemp--2147478764]:i2c write failed
[2026-05-10 00:36:17.250] 6110,85,98,0.0
[2026-05-10 00:36:17.346] [GetTemp--2147478764]:i2c write failed
[2026-05-10 00:36:17.346] 6111,85,98,0.0
[2026-05-10 00:36:17.442] [GetTemp--2147478764]:i2c write failed
[2026-05-10 00:36:17.442] 6112,85,98,0.0
[2026-05-10 00:36:17.538] [GetTemp--2147478764]:i2c write failed
[2026-05-10 00:36:17.539] 6113,85,98,0.0
[2026-05-10 00:36:17.633] HR=95 SpO2=98 (raw:88/98 valid:1/1 sqi:1)
[2026-05-10 00:36:17.634] [GetTemp--2147478764]:i2c write failed
[2026-05-10 00:36:17.634] 6114,85,98,0.0
[2026-05-10 00:36:17.947] [GetTemp--2147478764]:i2c write failed
[2026-05-10 00:36:17.949] 6115,85,98,0.0
[2026-05-10 00:36:18.049] [GetTemp--2147478764]:i2c write failed
[2026-05-10 00:36:18.049] 6116,85,98,0.0
[2026-05-10 00:36:18.161] [GetTemp--2147478764]:i2c write failed
[2026-05-10 00:36:18.161] 6117,85,98,0.0
[2026-05-10 00:36:18.256] [GetTemp--2147478764]:i2c write failed
[2026-05-10 00:36:18.256] 6118,85,98,0.0
[2026-05-10 00:36:18.352] [GetTemp--2147478764]:i2c write failed
[2026-05-10 00:36:18.352] 6119,85,98,0.0
[2026-05-10 00:36:18.591] HR=90 SpO2=98 (raw:84/98 valid:1/1 sqi:1)
[2026-05-10 00:36:18.671] [GetTemp--2147478764]:i2c write failed
[2026-05-10 00:36:18.671] 6120,80,98,0.0
[2026-05-10 00:36:18.766] [GetTemp--2147478764]:i2c write failed
[2026-05-10 00:36:18.766] 6121,80,98,0.0
[2026-05-10 00:36:18.861] [GetTemp--2147478764]:i2c write failed
[2026-05-10 00:36:18.861] 6122,80,98,0.0
[2026-05-10 00:36:18.956] [GetTemp--2147478764]:i2c write failed
[2026-05-10 00:36:18.959] 6123,80,98,0.0
[2026-05-10 00:36:19.066] [GetTemp--2147478764]:i2c write failed
[2026-05-10 00:36:19.066] 6124,80,98,0.0
[2026-05-10 00:36:19.373] [GetTemp--2147478764]:i2c write failed
[2026-05-10 00:36:19.373] 6125,80,98,0.0
[2026-05-10 00:36:19.469] [GetTemp--2147478764]:i2c write failed
[2026-05-10 00:36:19.471] 6126,80,98,0.0
[2026-05-10 00:36:19.580] [GetTemp--2147478764]:i2c write failed
[2026-05-10 00:36:19.580] 6127,80,98,0.0
[2026-05-10 00:36:19.676] [GetTemp--2147478764]:i2c write failed
[2026-05-10 00:36:19.676] 6128,80,98,0.0
[2026-05-10 00:36:19.770] [GetTemp--2147478764]:i2c write failed
[2026-05-10 00:36:19.772] 6129,80,98,0.0
[2026-05-10 00:36:20.004] HR=88 SpO2=98 (raw:78/99 valid:1/1 sqi:1)
[2026-05-10 00:36:20.091] [GetTemp--2147478764]:i2c write failed
[2026-05-10 00:36:20.091] 6130,78,98,0.0
[2026-05-10 00:36:20.187] [GetTemp--2147478764]:i2c write failed
[2026-05-10 00:36:20.187] 6131,78,98,0.0
[2026-05-10 00:36:20.283] [GetTemp--2147478764]:i2c write failed
[2026-05-10 00:36:20.284] 6132,78,98,0.0
[2026-05-10 00:36:20.379] [GetTemp--2147478764]:i2c write failed
[2026-05-10 00:36:20.380] 6133,78,98,0.0
[2026-05-10 00:36:20.490] [GetTemp--2147478764]:i2c write failed
[2026-05-10 00:36:20.490] 6134,78,98,0.0
[2026-05-10 00:36:20.792] [GetTemp--2147478764]:i2c write failed
[2026-05-10 00:36:20.792] 6135,78,98,0.0
[2026-05-10 00:36:20.902] [GetTemp--2147478764]:i2c write failed
[2026-05-10 00:36:20.902] 6136,78,98,0.0
[2026-05-10 00:36:20.988] [GetTemp--2147478764]:i2c write failed
[2026-05-10 00:36:20.988] 6137,78,98,0.0
[2026-05-10 00:36:21.019] HR=84 SpO2=98 (raw:78/98 valid:1/1 sqi:1)
[2026-05-10 00:36:21.098] [GetTemp--2147478764]:i2c write failed
[2026-05-10 00:36:21.098] 6138,74,98,0.0
[2026-05-10 00:36:21.193] [GetTemp--2147478764]:i2c write failed
[2026-05-10 00:36:21.193] 6139,74,98,0.0
[2026-05-10 00:36:21.496] [GetTemp--2147478764]:i2c write failed
[2026-05-10 00:36:21.499] 6140,74,98,0.0
[2026-05-10 00:36:21.608] [GetTemp--2147478764]:i2c write failed
[2026-05-10 00:36:21.608] 6141,74,98,0.0
[2026-05-10 00:36:21.703] [GetTemp--2147478764]:i2c write failed
[2026-05-10 00:36:21.703] 6142,74,98,0.0
[2026-05-10 00:36:21.798] [GetTemp--2147478764]:i2c write failed
[2026-05-10 00:36:21.800] 6143,74,98,0.0
[2026-05-10 00:36:21.907] [GetTemp--2147478764]:i2c write failed
[2026-05-10 00:36:21.908] 6144,74,98,0.0
[2026-05-10 00:36:22.134] HR=84 SpO2=98 (raw:84/99 valid:1/1 sqi:1)
[2026-05-10 00:36:22.214] [GetTemp--2147478764]:i2c write failed
[2026-05-10 00:36:22.214] 6145,74,98,0.0
[2026-05-10 00:36:22.309] [GetTemp--2147478764]:i2c write failed
[2026-05-10 00:36:22.309] 6146,74,98,0.0
[2026-05-10 00:36:22.421] [GetTemp--2147478764]:i2c write failed
[2026-05-10 00:36:22.421] 6147,74,98,0.0
[2026-05-10 00:36:22.517] [GetTemp--2147478764]:i2c write failed
[2026-05-10 00:36:22.517] 6148,74,98,0.0
[2026-05-10 00:36:22.612] [GetTemp--2147478764]:i2c write failed
[2026-05-10 00:36:22.612] 6149,74,98,0.0
[2026-05-10 00:36:22.918] [GetTemp--2147478764]:i2c write failed
[2026-05-10 00:36:22.918] 6150,74,98,0.0
[2026-05-10 00:36:23.028] [GetTemp--2147478764]:i2c write failed
[2026-05-10 00:36:23.028] 6151,74,98,0.0
[2026-05-10 00:36:23.123] [GetTemp--2147478764]:i2c write failed
[2026-05-10 00:36:23.124] 6152,74,98,0.0
[2026-05-10 00:36:23.142] HR=84 SpO2=98 (raw:88/97 valid:1/1 sqi:1)
[2026-05-10 00:36:23.219] [GetTemp--2147478764]:i2c write failed
[2026-05-10 00:36:23.219] 6153,74,98,0.0
[2026-05-10 00:36:23.329] [GetTemp--2147478764]:i2c write failed
[2026-05-10 00:36:23.329] 6154,74,98,0.0
[2026-05-10 00:36:23.633] [GetTemp--2147478764]:i2c write failed
[2026-05-10 00:36:23.633] 6155,74,98,0.0
[2026-05-10 00:36:23.726] [GetTemp--2147478764]:i2c write failed
[2026-05-10 00:36:23.742] 6156,74,98,0.0
[2026-05-10 00:36:23.835] [GetTemp--2147478764]:i2c write failed
[2026-05-10 00:36:23.836] 6157,74,98,0.0
[2026-05-10 00:36:23.929] [GetTemp--2147478764]:i2c write failed
[2026-05-10 00:36:23.930] 6158,74,98,0.0
[2026-05-10 00:36:24.033] [GetTemp--2147478764]:i2c write failed
[2026-05-10 00:36:24.033] 6159,74,98,0.0
[2026-05-10 00:36:24.350] [GetTemp--2147478764]:i2c write failed
[2026-05-10 00:36:24.351] 6160,74,98,0.0
[2026-05-10 00:36:24.414] HR=84 SpO2=98 (raw:89/98 valid:1/1 sqi:1)
[2026-05-10 00:36:24.429] [GetTemp--2147478764]:i2c write failed
[2026-05-10 00:36:24.438] 6161,74,98,0.0
[2026-05-10 00:36:24.541] [GetTemp--2147478764]:i2c write failed
[2026-05-10 00:36:24.541] 6162,74,98,0.0
[2026-05-10 00:36:24.638] [GetTemp--2147478764]:i2c write failed
[2026-05-10 00:36:24.654] 6163,74,98,0.0
[2026-05-10 00:36:24.748] [GetTemp--2147478764]:i2c write failed
[2026-05-10 00:36:24.748] 6164,74,98,0.0
[2026-05-10 00:36:25.061] [GetTemp--2147478764]:i2c write failed
[2026-05-10 00:36:25.061] 6165,74,98,0.0
[2026-05-10 00:36:25.157] [GetTemp--2147478764]:i2c write failed
[2026-05-10 00:36:25.157] 6166,74,98,0.0
[2026-05-10 00:36:25.252] [GetTemp--2147478764]:i2c write failed
[2026-05-10 00:36:25.252] 6167,74,98,0.0
[2026-05-10 00:36:25.348] [GetTemp--2147478764]:i2c write failed
[2026-05-10 00:36:25.348] 6168,74,98,0.0
[2026-05-10 00:36:25.443] HR=88 SpO2=98 (raw:93/98 valid:1/1 sqi:1)
[2026-05-10 00:36:25.446] [GetTemp--2147478764]:i2c write failed
[2026-05-10 00:36:25.450] 6169,78,98,0.0
[2026-05-10 00:36:25.762] [GetTemp--2147478764]:i2c write failed
[2026-05-10 00:36:25.763] 6170,78,98,0.0
[2026-05-10 00:36:25.857] [GetTemp--2147478764]:i2c write failed
[2026-05-10 00:36:25.860] 6171,78,98,0.0
[2026-05-10 00:36:25.967] [GetTemp--2147478764]:i2c write failed
[2026-05-10 00:36:25.967] 6172,78,98,0.0
[2026-05-10 00:36:26.066] [GetTemp--2147478764]:i2c write failed
[2026-05-10 00:36:26.066] 6173,78,98,0.0
[2026-05-10 00:36:26.162] [GetTemp--2147478764]:i2c write failed
[2026-05-10 00:36:26.162] 6174,78,98,0.0
[2026-05-10 00:36:26.481] [GetTemp--2147478764]:i2c write failed
[2026-05-10 00:36:26.481] 6175,78,98,0.0
[2026-05-10 00:36:26.545] HR=89 SpO2=98 (raw:93/97 valid:1/1 sqi:1)
[2026-05-10 00:36:26.565] [GetTemp--2147478764]:i2c write failed
[2026-05-10 00:36:26.569] 6176,79,98,0.0
[2026-05-10 00:36:26.671] [GetTemp--2147478764]:i2c write failed
[2026-05-10 00:36:26.672] 6177,79,98,0.0
[2026-05-10 00:36:26.781] [GetTemp--2147478764]:i2c write failed
[2026-05-10 00:36:26.781] 6178,79,98,0.0
[2026-05-10 00:36:26.874] [GetTemp--2147478764]:i2c write failed
[2026-05-10 00:36:26.875] 6179,79,98,0.0
[2026-05-10 00:36:27.190] [GetTemp--2147478764]:i2c write failed
[2026-05-10 00:36:27.190] 6180,79,98,0.0
[2026-05-10 00:36:27.286] [GetTemp--2147478764]:i2c write failed
[2026-05-10 00:36:27.286] 6181,79,98,0.0
[2026-05-10 00:36:27.382] [GetTemp--2147478764]:i2c write failed
[2026-05-10 00:36:27.382] 6182,79,98,0.0
[2026-05-10 00:36:27.476] [GetTemp--2147478764]:i2c write failed
[2026-05-10 00:36:27.479] 6183,79,98,0.0
[2026-05-10 00:36:27.571] HR=92 SpO2=98 (raw:92/98 valid:1/1 sqi:1)
[2026-05-10 00:36:27.587] [GetTemp--2147478764]:i2c write failed
[2026-05-10 00:36:27.587] 6184,82,98,0.0
[2026-05-10 00:36:27.899] [GetTemp--2147478764]:i2c write failed
[2026-05-10 00:36:27.899] 6185,82,98,0.0
[2026-05-10 00:36:27.991] [GetTemp--2147478764]:i2c write failed
[2026-05-10 00:36:27.992] 6186,82,98,0.0
[2026-05-10 00:36:28.096] [GetTemp--2147478764]:i2c write failed
[2026-05-10 00:36:28.096] 6187,82,98,0.0
[2026-05-10 00:36:28.191] [GetTemp--2147478764]:i2c write failed
[2026-05-10 00:36:28.191] 6188,82,98,0.0
[2026-05-10 00:36:28.303] [GetTemp--2147478764]:i2c write failed
[2026-05-10 00:36:28.303] 6189,82,98,0.0
[2026-05-10 00:36:28.607] [GetTemp--2147478764]:i2c write failed
[2026-05-10 00:36:28.607] 6190,82,98,0.0
[2026-05-10 00:36:28.703] [GetTemp--2147478764]:i2c write failed
[2026-05-10 00:36:28.703] 6191,82,98,0.0
[2026-05-10 00:36:28.810] [GetTemp--2147478764]:i2c write failed
[2026-05-10 00:36:28.810] 6192,82,98,0.0
[2026-05-10 00:36:28.826] HR=92 SpO2=98 (raw:86/98 valid:1/1 sqi:1)
[2026-05-10 00:36:28.904] [GetTemp--2147478764]:i2c write failed
[2026-05-10 00:36:28.904] 6193,82,98,0.0
[2026-05-10 00:36:28.998] [GetTemp--2147478764]:i2c write failed
[2026-05-10 00:36:29.000] 6194,82,98,0.0
[2026-05-10 00:36:29.312] [GetTemp--2147478764]:i2c write failed
[2026-05-10 00:36:29.312] 6195,82,98,0.0
[2026-05-10 00:36:29.407] [GetTemp--2147478764]:i2c write failed
[2026-05-10 00:36:29.407] 6196,82,98,0.0
[2026-05-10 00:36:29.517] [GetTemp--2147478764]:i2c write failed
[2026-05-10 00:36:29.517] 6197,82,98,0.0
[2026-05-10 00:36:29.613] [GetTemp--2147478764]:i2c write failed
[2026-05-10 00:36:29.613] 6198,82,98,0.0
[2026-05-10 00:36:29.708] [GetTemp--2147478764]:i2c write failed
[2026-05-10 00:36:29.708] 6199,82,98,0.0
[2026-05-10 00:36:29.942] HR=92 SpO2=98 (raw:81/98 valid:1/1 sqi:1)
[2026-05-10 00:36:30.020] [GetTemp--2147478764]:i2c write failed
[2026-05-10 00:36:30.022] 6200,82,98,0.0
[2026-05-10 00:36:30.123] [GetTemp--2147478764]:i2c write failed
[2026-05-10 00:36:30.123] 6201,82,98,0.0
[2026-05-10 00:36:30.219] [GetTemp--2147478764]:i2c write failed
[2026-05-10 00:36:30.219] 6202,82,98,0.0
[2026-05-10 00:36:30.331] [GetTemp--2147478764]:i2c write failed
[2026-05-10 00:36:30.331] 6203,82,98,0.0
[2026-05-10 00:36:30.426] [GetTemp--2147478764]:i2c write failed
[2026-05-10 00:36:30.426] 6204,82,98,0.0
[2026-05-10 00:36:30.729] [GetTemp--2147478764]:i2c write failed
[2026-05-10 00:36:30.730] 6205,82,98,0.0
[2026-05-10 00:36:30.838] [GetTemp--2147478764]:i2c write failed
[2026-05-10 00:36:30.838] 6206,82,98,0.0
[2026-05-10 00:36:30.931] [GetTemp--2147478764]:i2c write failed
[2026-05-10 00:36:30.932] 6207,82,98,0.0
[2026-05-10 00:36:30.952] HR=86 SpO2=98 (raw:81/98 valid:1/1 sqi:1)
[2026-05-10 00:36:31.034] [GetTemp--2147478764]:i2c write failed
[2026-05-10 00:36:31.034] 6208,76,98,0.0
[2026-05-10 00:36:31.130] [GetTemp--2147478764]:i2c write failed
[2026-05-10 00:36:31.130] 6209,76,98,0.0
[2026-05-10 00:36:31.448] [GetTemp--2147478764]:i2c write failed
[2026-05-10 00:36:31.448] 6210,76,98,0.0
[2026-05-10 00:36:31.543] [GetTemp--2147478764]:i2c write failed
[2026-05-10 00:36:31.543] 6211,76,98,0.0
[2026-05-10 00:36:31.640] [GetTemp--2147478764]:i2c write failed
[2026-05-10 00:36:31.640] 6212,76,98,0.0
[2026-05-10 00:36:31.750] [GetTemp--2147478764]:i2c write failed
[2026-05-10 00:36:31.751] 6213,76,98,0.0
[2026-05-10 00:36:31.845] [GetTemp--2147478764]:i2c write failed
[2026-05-10 00:36:31.845] 6214,76,98,0.0
[2026-05-10 00:36:32.071] HR=81 SpO2=98 (raw:81/98 valid:1/1 sqi:1)
[2026-05-10 00:36:32.151] [GetTemp--2147478764]:i2c write failed
[2026-05-10 00:36:32.151] 6215,71,98,0.0
[2026-05-10 00:36:32.247] [GetTemp--2147478764]:i2c write failed
[2026-05-10 00:36:32.263] 6216,71,98,0.0
[2026-05-10 00:36:32.359] [GetTemp--2147478764]:i2c write failed
[2026-05-10 00:36:32.359] 6217,71,98,0.0
[2026-05-10 00:36:32.455] [GetTemp--2147478764]:i2c write failed
[2026-05-10 00:36:32.455] 6218,71,98,0.0
[2026-05-10 00:36:32.551] [GetTemp--2147478764]:i2c write failed
[2026-05-10 00:36:32.551] 6219,71,98,0.0
[2026-05-10 00:36:32.865] [GetTemp--2147478764]:i2c write failed
[2026-05-10 00:36:32.866] 6220,71,98,0.0
[2026-05-10 00:36:32.960] [GetTemp--2147478764]:i2c write failed
[2026-05-10 00:36:32.960] 6221,71,98,0.0
[2026-05-10 00:36:33.063] [GetTemp--2147478764]:i2c write failed
[2026-05-10 00:36:33.064] 6222,71,98,0.0
[2026-05-10 00:36:33.158] [GetTemp--2147478764]:i2c write failed
[2026-05-10 00:36:33.159] 6223,71,98,0.0
[2026-05-10 00:36:33.255] HR=81 SpO2=98 (raw:82/98 valid:1/1 sqi:1)
[2026-05-10 00:36:33.255] [GetTemp--2147478764]:i2c write failed
[2026-05-10 00:36:33.255] 6224,71,98,0.0
[2026-05-10 00:36:33.573] [GetTemp--2147478764]:i2c write failed
[2026-05-10 00:36:33.573] 6225,71,98,0.0
[2026-05-10 00:36:33.669] [GetTemp--2147478764]:i2c write failed
[2026-05-10 00:36:33.669] 6226,71,98,0.0
[2026-05-10 00:36:33.780] [GetTemp--2147478764]:i2c write failed
[2026-05-10 00:36:33.780] 6227,71,98,0.0
[2026-05-10 00:36:33.873] [GetTemp--2147478764]:i2c write failed
[2026-05-10 00:36:33.874] 6228,71,98,0.0
[2026-05-10 00:36:33.981] [GetTemp--2147478764]:i2c write failed
[2026-05-10 00:36:33.982] 6229,71,98,0.0
[2026-05-10 00:36:34.286] [GetTemp--2147478764]:i2c write failed
[2026-05-10 00:36:34.286] 6230,71,98,0.0
[2026-05-10 00:36:34.350] HR=81 SpO2=98 (raw:83/98 valid:1/1 sqi:1)
[2026-05-10 00:36:34.374] [GetTemp--2147478764]:i2c write failed
[2026-05-10 00:36:34.374] 6231,71,98,0.0
[2026-05-10 00:36:34.492] [GetTemp--2147478764]:i2c write failed
[2026-05-10 00:36:34.493] 6232,71,98,0.0
[2026-05-10 00:36:34.586] [GetTemp--2147478764]:i2c write failed
[2026-05-10 00:36:34.586] 6233,71,98,0.0
[2026-05-10 00:36:34.682] [GetTemp--2147478764]:i2c write failed
[2026-05-10 00:36:34.682] 6234,71,98,0.0
[2026-05-10 00:36:34.995] [GetTemp--2147478764]:i2c write failed
[2026-05-10 00:36:34.995] 6235,71,98,0.0
[2026-05-10 00:36:35.098] [GetTemp--2147478764]:i2c write failed
[2026-05-10 00:36:35.098] 6236,71,98,0.0
[2026-05-10 00:36:35.193] [GetTemp--2147478764]:i2c write failed
[2026-05-10 00:36:35.193] 6237,71,98,0.0
[2026-05-10 00:36:35.289] [GetTemp--2147478764]:i2c write failed
[2026-05-10 00:36:35.289] 6238,71,98,0.0
[2026-05-10 00:36:35.385] HR=82 SpO2=98 (raw:83/97 valid:1/1 sqi:1)
[2026-05-10 00:36:35.385] [GetTemp--2147478764]:i2c write failed
[2026-05-10 00:36:35.385] 6239,72,98,0.0
[2026-05-10 00:36:35.703] [GetTemp--2147478764]:i2c write failed
[2026-05-10 00:36:35.703] 6240,72,98,0.0
[2026-05-10 00:36:35.797] [GetTemp--2147478764]:i2c write failed
[2026-05-10 00:36:35.800] 6241,72,98,0.0
[2026-05-10 00:36:35.905] [GetTemp--2147478764]:i2c write failed
[2026-05-10 00:36:35.905] 6242,72,98,0.0
[2026-05-10 00:36:36.000] [GetTemp--2147478764]:i2c write failed
[2026-05-10 00:36:36.001] 6243,72,98,0.0
[2026-05-10 00:36:36.108] [GetTemp--2147478764]:i2c write failed
[2026-05-10 00:36:36.108] 6244,72,98,0.0
[2026-05-10 00:36:36.346] HR=83 SpO2=98 (raw:86/97 valid:1/1 sqi:1)
[2026-05-10 00:36:36.410] [GetTemp--2147478764]:i2c write failed
[2026-05-10 00:36:36.410] 6245,73,98,0.0
[2026-05-10 00:36:36.521] [GetTemp--2147478764]:i2c write failed
[2026-05-10 00:36:36.521] 6246,73,98,0.0
[2026-05-10 00:36:36.617] [GetTemp--2147478764]:i2c write failed
[2026-05-10 00:36:36.617] 6247,73,98,0.0
[2026-05-10 00:36:36.712] [GetTemp--2147478764]:i2c write failed
[2026-05-10 00:36:36.712] 6248,73,98,0.0
[2026-05-10 00:36:36.822] [GetTemp--2147478764]:i2c write failed
[2026-05-10 00:36:36.822] 6249,73,98,0.0
[2026-05-10 00:36:37.123] [GetTemp--2147478764]:i2c write failed
[2026-05-10 00:36:37.123] 6250,73,98,0.0
[2026-05-10 00:36:37.219] [GetTemp--2147478764]:i2c write failed
[2026-05-10 00:36:37.219] 6251,73,98,0.0
[2026-05-10 00:36:37.331] [GetTemp--2147478764]:i2c write failed
[2026-05-10 00:36:37.331] 6252,73,98,0.0
[2026-05-10 00:36:37.427] [GetTemp--2147478764]:i2c write failed
[2026-05-10 00:36:37.427] 6253,73,98,0.0
[2026-05-10 00:36:37.522] [GetTemp--2147478764]:i2c write failed
[2026-05-10 00:36:37.522] 6254,73,98,0.0
[2026-05-10 00:36:37.758] HR=83 SpO2=97 (raw:86/97 valid:1/1 sqi:1)
[2026-05-10 00:36:37.836] [GetTemp--2147478764]:i2c write failed
[2026-05-10 00:36:37.836] 6255,73,97,0.0
[2026-05-10 00:36:37.938] [GetTemp--2147478764]:i2c write failed
[2026-05-10 00:36:37.938] 6256,73,97,0.0
[2026-05-10 00:36:38.033] [GetTemp--2147478764]:i2c write failed
[2026-05-10 00:36:38.033] 6257,73,97,0.0
[2026-05-10 00:36:38.129] [GetTemp--2147478764]:i2c write failed
[2026-05-10 00:36:38.129] 6258,73,97,0.0
[2026-05-10 00:36:38.240] [GetTemp--2147478764]:i2c write failed
[2026-05-10 00:36:38.240] 6259,73,97,0.0
[2026-05-10 00:36:38.542] [GetTemp--2147478764]:i2c write failed
[2026-05-10 00:36:38.542] 6260,73,97,0.0
[2026-05-10 00:36:38.638] [GetTemp--2147478764]:i2c write failed
[2026-05-10 00:36:38.639] 6261,73,97,0.0
[2026-05-10 00:36:38.747] [GetTemp--2147478764]:i2c write failed
[2026-05-10 00:36:38.747] 6262,73,97,0.0
[2026-05-10 00:36:38.762] HR=86 SpO2=97 (raw:86/97 valid:1/1 sqi:1)
[2026-05-10 00:36:38.841] [GetTemp--2147478764]:i2c write failed
[2026-05-10 00:36:38.841] 6263,76,97,0.0
[2026-05-10 00:36:38.958] [GetTemp--2147478764]:i2c write failed
[2026-05-10 00:36:38.958] 6264,76,97,0.0
[2026-05-10 00:36:39.254] [GetTemp--2147478764]:i2c write failed
[2026-05-10 00:36:39.254] 6265,76,97,0.0
[2026-05-10 00:36:39.350] [GetTemp--2147478764]:i2c write failed
[2026-05-10 00:36:39.350] 6266,76,97,0.0
[2026-05-10 00:36:39.462] [GetTemp--2147478764]:i2c write failed
[2026-05-10 00:36:39.462] 6267,76,97,0.0
[2026-05-10 00:36:39.557] [GetTemp--2147478764]:i2c write failed
[2026-05-10 00:36:39.557] 6268,76,97,0.0
[2026-05-10 00:36:39.653] [GetTemp--2147478764]:i2c write failed
[2026-05-10 00:36:39.653] 6269,76,97,0.0
[2026-05-10 00:36:39.887] HR=86 SpO2=97 (raw:86/98 valid:1/1 sqi:1)
[2026-05-10 00:36:39.966] [GetTemp--2147478764]:i2c write failed
[2026-05-10 00:36:39.968] 6270,76,97,0.0
[2026-05-10 00:36:40.071] [GetTemp--2147478764]:i2c write failed
[2026-05-10 00:36:40.072] 6271,76,97,0.0
[2026-05-10 00:36:40.167] [GetTemp--2147478764]:i2c write failed
[2026-05-10 00:36:40.167] 6272,76,97,0.0
[2026-05-10 00:36:40.262] [GetTemp--2147478764]:i2c write failed
[2026-05-10 00:36:40.262] 6273,76,97,0.0
[2026-05-10 00:36:40.357] [GetTemp--2147478764]:i2c write failed
[2026-05-10 00:36:40.357] 6274,76,97,0.0
[2026-05-10 00:36:40.676] [GetTemp--2147478764]:i2c write failed
[2026-05-10 00:36:40.676] 6275,76,97,0.0
[2026-05-10 00:36:40.770] [GetTemp--2147478764]:i2c write failed
[2026-05-10 00:36:40.771] 6276,76,97,0.0
[2026-05-10 00:36:40.881] [GetTemp--2147478764]:i2c write failed
[2026-05-10 00:36:40.882] 6277,76,97,0.0
[2026-05-10 00:36:40.897] HR=86 SpO2=97 (raw:86/98 valid:1/1 sqi:1)
[2026-05-10 00:36:40.976] [GetTemp--2147478764]:i2c write failed
[2026-05-10 00:36:40.976] 6278,76,97,0.0
[2026-05-10 00:36:41.075] [GetTemp--2147478764]:i2c write failed
[2026-05-10 00:36:41.075] 6279,76,97,0.0
[2026-05-10 00:36:41.378] [GetTemp--2147478764]:i2c write failed
[2026-05-10 00:36:41.378] 6280,76,97,0.0
[2026-05-10 00:36:41.490] [GetTemp--2147478764]:i2c write failed
[2026-05-10 00:36:41.490] 6281,76,97,0.0
[2026-05-10 00:36:41.586] [GetTemp--2147478764]:i2c write failed
[2026-05-10 00:36:41.586] 6282,76,97,0.0
[2026-05-10 00:36:41.682] [GetTemp--2147478764]:i2c write failed
[2026-05-10 00:36:41.682] 6283,76,97,0.0
[2026-05-10 00:36:41.777] [GetTemp--2147478764]:i2c write failed
[2026-05-10 00:36:41.792] 6284,76,97,0.0
[2026-05-10 00:36:42.097] [GetTemp--2147478764]:i2c write failed
[2026-05-10 00:36:42.099] 6285,76,97,0.0
[2026-05-10 00:36:42.162] HR=86 SpO2=98 (raw:86/98 valid:1/1 sqi:1)
[2026-05-10 00:36:42.178] [GetTemp--2147478764]:i2c write failed
[2026-05-10 00:36:42.178] 6286,76,98,0.0
[2026-05-10 00:36:42.288] [GetTemp--2147478764]:i2c write failed
[2026-05-10 00:36:42.290] 6287,76,98,0.0
[2026-05-10 00:36:42.400] [GetTemp--2147478764]:i2c write failed
[2026-05-10 00:36:42.400] 6288,76,98,0.0
[2026-05-10 00:36:42.495] [GetTemp--2147478764]:i2c write failed
[2026-05-10 00:36:42.495] 6289,76,98,0.0
[2026-05-10 00:36:42.810] [GetTemp--2147478764]:i2c write failed
[2026-05-10 00:36:42.810] 6290,76,98,0.0
[2026-05-10 00:36:42.904] [GetTemp--2147478764]:i2c write failed
[2026-05-10 00:36:42.904] 6291,76,98,0.0
[2026-05-10 00:36:43.006] [GetTemp--2147478764]:i2c write failed
[2026-05-10 00:36:43.006] 6292,76,98,0.0
[2026-05-10 00:36:43.102] [GetTemp--2147478764]:i2c write failed
[2026-05-10 00:36:43.102] 6293,76,98,0.0
[2026-05-10 00:36:43.198] HR=86 SpO2=98 (raw:89/97 valid:1/1 sqi:1)
[2026-05-10 00:36:43.198] [GetTemp--2147478764]:i2c write failed
[2026-05-10 00:36:43.198] 6294,76,98,0.0
[2026-05-10 00:36:43.518] [GetTemp--2147478764]:i2c write failed
[2026-05-10 00:36:43.518] 6295,76,98,0.0
[2026-05-10 00:36:43.614] [GetTemp--2147478764]:i2c write failed
[2026-05-10 00:36:43.614] 6296,76,98,0.0
[2026-05-10 00:36:43.709] [GetTemp--2147478764]:i2c write failed
[2026-05-10 00:36:43.709] 6297,76,98,0.0
[2026-05-10 00:36:43.819] [GetTemp--2147478764]:i2c write failed
[2026-05-10 00:36:43.819] 6298,76,98,0.0
[2026-05-10 00:36:43.912] [GetTemp--2147478764]:i2c write failed
[2026-05-10 00:36:43.912] 6299,76,98,0.0
[2026-05-10 00:36:44.221] [GetTemp--2147478764]:i2c write failed
[2026-05-10 00:36:44.221] 6300,76,98,0.0
[2026-05-10 00:36:44.300] HR=86 SpO2=98 (raw:85/98 valid:1/1 sqi:1)
[2026-05-10 00:36:44.317] [GetTemp--2147478764]:i2c write failed
[2026-05-10 00:36:44.320] 6301,76,98,0.0
[2026-05-10 00:36:44.428] [GetTemp--2147478764]:i2c write failed
[2026-05-10 00:36:44.428] 6302,76,98,0.0
[2026-05-10 00:36:44.523] [GetTemp--2147478764]:i2c write failed
[2026-05-10 00:36:44.523] 6303,76,98,0.0
[2026-05-10 00:36:44.619] [GetTemp--2147478764]:i2c write failed
[2026-05-10 00:36:44.619] 6304,76,98,0.0
[2026-05-10 00:36:44.933] [GetTemp--2147478764]:i2c write failed
[2026-05-10 00:36:44.933] 6305,76,98,0.0
[2026-05-10 00:36:45.050] [GetTemp--2147478764]:i2c write failed
[2026-05-10 00:36:45.051] 6306,76,98,0.0
[2026-05-10 00:36:45.130] [GetTemp--2147478764]:i2c write failed
[2026-05-10 00:36:45.130] 6307,76,98,0.0
[2026-05-10 00:36:45.241] [GetTemp--2147478764]:i2c write failed
[2026-05-10 00:36:45.241] 6308,76,98,0.0
[2026-05-10 00:36:45.321] HR=86 SpO2=98 (raw:81/98 valid:1/1 sqi:1)
[2026-05-10 00:36:45.336] [GetTemp--2147478764]:i2c write failed
[2026-05-10 00:36:45.336] 6309,76,98,0.0
[2026-05-10 00:36:45.638] [GetTemp--2147478764]:i2c write failed
[2026-05-10 00:36:45.640] 6310,76,98,0.0
[2026-05-10 00:36:45.748] [GetTemp--2147478764]:i2c write failed
[2026-05-10 00:36:45.748] 6311,76,98,0.0
[2026-05-10 00:36:45.841] [GetTemp--2147478764]:i2c write failed
[2026-05-10 00:36:45.841] 6312,76,98,0.0
[2026-05-10 00:36:45.958] [GetTemp--2147478764]:i2c write failed
[2026-05-10 00:36:45.958] 6313,76,98,0.0
[2026-05-10 00:36:46.039] [GetTemp--2147478764]:i2c write failed
[2026-05-10 00:36:46.039] 6314,76,98,0.0
[2026-05-10 00:36:46.358] [GetTemp--2147478764]:i2c write failed
[2026-05-10 00:36:46.358] 6315,76,98,0.0
[2026-05-10 00:36:46.454] [GetTemp--2147478764]:i2c write failed
[2026-05-10 00:36:46.454] 6316,76,98,0.0
[2026-05-10 00:36:46.550] [GetTemp--2147478764]:i2c write failed
[2026-05-10 00:36:46.550] 6317,76,98,0.0
[2026-05-10 00:36:46.581] HR=85 SpO2=98 (raw:78/98 valid:1/1 sqi:1)
[2026-05-10 00:36:46.660] [GetTemp--2147478764]:i2c write failed
[2026-05-10 00:36:46.660] 6318,75,98,0.0
[2026-05-10 00:36:46.755] [GetTemp--2147478764]:i2c write failed
[2026-05-10 00:36:46.756] 6319,75,98,0.0
[2026-05-10 00:36:47.061] [GetTemp--2147478764]:i2c write failed
[2026-05-10 00:36:47.061] 6320,75,98,0.0
[2026-05-10 00:36:47.157] [GetTemp--2147478764]:i2c write failed
[2026-05-10 00:36:47.173] 6321,75,98,0.0
[2026-05-10 00:36:47.268] [GetTemp--2147478764]:i2c write failed
[2026-05-10 00:36:47.268] 6322,75,98,0.0
[2026-05-10 00:36:47.364] [GetTemp--2147478764]:i2c write failed
[2026-05-10 00:36:47.364] 6323,75,98,0.0
[2026-05-10 00:36:47.460] [GetTemp--2147478764]:i2c write failed
[2026-05-10 00:36:47.460] 6324,75,98,0.0
[2026-05-10 00:36:47.699] HR=81 SpO2=98 (raw:81/97 valid:1/1 sqi:1)
[2026-05-10 00:36:47.777] [GetTemp--2147478764]:i2c write failed
[2026-05-10 00:36:47.778] 6325,71,98,0.0
[2026-05-10 00:36:47.871] [GetTemp--2147478764]:i2c write failed
[2026-05-10 00:36:47.871] 6326,71,98,0.0
[2026-05-10 00:36:47.980] [GetTemp--2147478764]:i2c write failed
[2026-05-10 00:36:47.980] 6327,71,98,0.0
[2026-05-10 00:36:48.068] [GetTemp--2147478764]:i2c write failed
[2026-05-10 00:36:48.084] 6328,71,98,0.0
[2026-05-10 00:36:48.180] [GetTemp--2147478764]:i2c write failed
[2026-05-10 00:36:48.180] 6329,71,98,0.0
[2026-05-10 00:36:48.483] [GetTemp--2147478764]:i2c write failed
[2026-05-10 00:36:48.484] 6330,71,98,0.0
[2026-05-10 00:36:48.579] [GetTemp--2147478764]:i2c write failed
[2026-05-10 00:36:48.581] 6331,71,98,0.0
[2026-05-10 00:36:48.691] [GetTemp--2147478764]:i2c write failed
[2026-05-10 00:36:48.691] 6332,71,98,0.0
[2026-05-10 00:36:48.707] HR=81 SpO2=98 (raw:84/97 valid:1/1 sqi:1)
[2026-05-10 00:36:48.786] [GetTemp--2147478764]:i2c write failed
[2026-05-10 00:36:48.786] 6333,71,98,0.0
[2026-05-10 00:36:48.879] [GetTemp--2147478764]:i2c write failed
[2026-05-10 00:36:48.880] 6334,71,98,0.0
[2026-05-10 00:36:49.202] [GetTemp--2147478764]:i2c write failed
[2026-05-10 00:36:49.202] 6335,71,98,0.0
[2026-05-10 00:36:49.297] [GetTemp--2147478764]:i2c write failed
[2026-05-10 00:36:49.297] 6336,71,98,0.0
[2026-05-10 00:36:49.393] [GetTemp--2147478764]:i2c write failed
[2026-05-10 00:36:49.393] 6337,71,98,0.0
[2026-05-10 00:36:49.489] [GetTemp--2147478764]:i2c write failed
[2026-05-10 00:36:49.489] 6338,71,98,0.0
[2026-05-10 00:36:49.600] [GetTemp--2147478764]:i2c write failed
[2026-05-10 00:36:49.600] 6339,71,98,0.0
[2026-05-10 00:36:49.820] HR=81 SpO2=98 (raw:86/98 valid:1/1 sqi:1)
[2026-05-10 00:36:49.898] [GetTemp--2147478764]:i2c write failed
[2026-05-10 00:36:49.913] 6340,71,98,0.0
[2026-05-10 00:36:50.000] [GetTemp--2147478764]:i2c write failed
[2026-05-10 00:36:50.000] 6341,71,98,0.0
[2026-05-10 00:36:50.111] [GetTemp--2147478764]:i2c write failed
[2026-05-10 00:36:50.111] 6342,71,98,0.0
[2026-05-10 00:36:50.206] [GetTemp--2147478764]:i2c write failed
[2026-05-10 00:36:50.206] 6343,71,98,0.0
[2026-05-10 00:36:50.302] [GetTemp--2147478764]:i2c write failed
[2026-05-10 00:36:50.302] 6344,71,98,0.0
[2026-05-10 00:36:50.621] [GetTemp--2147478764]:i2c write failed
[2026-05-10 00:36:50.621] 6345,71,98,0.0
[2026-05-10 00:36:50.717] [GetTemp--2147478764]:i2c write failed
[2026-05-10 00:36:50.717] 6346,71,98,0.0
[2026-05-10 00:36:50.810] [GetTemp--2147478764]:i2c write failed
[2026-05-10 00:36:50.810] 6347,71,98,0.0
[2026-05-10 00:36:50.919] [GetTemp--2147478764]:i2c write failed
[2026-05-10 00:36:50.920] 6348,71,98,0.0
[2026-05-10 00:36:50.997] HR=84 SpO2=98 (raw:86/98 valid:1/1 sqi:1)
[2026-05-10 00:36:51.006] [GetTemp--2147478764]:i2c write failed
[2026-05-10 00:36:51.010] 6349,74,98,0.0
[2026-05-10 00:36:51.331] [GetTemp--2147478764]:i2c write failed
[2026-05-10 00:36:51.331] 6350,74,98,0.0
[2026-05-10 00:36:51.427] [GetTemp--2147478764]:i2c write failed
[2026-05-10 00:36:51.427] 6351,74,98,0.0
[2026-05-10 00:36:51.522] [GetTemp--2147478764]:i2c write failed
[2026-05-10 00:36:51.522] 6352,74,98,0.0
[2026-05-10 00:36:51.618] [GetTemp--2147478764]:i2c write failed
[2026-05-10 00:36:51.618] 6353,74,98,0.0
[2026-05-10 00:36:51.729] [GetTemp--2147478764]:i2c write failed
[2026-05-10 00:36:51.729] 6354,74,98,0.0
[2026-05-10 00:36:52.029] [GetTemp--2147478764]:i2c write failed
[2026-05-10 00:36:52.031] 6355,74,98,0.0
[2026-05-10 00:36:52.108] HR=85 SpO2=98 (raw:85/98 valid:1/1 sqi:1)
[2026-05-10 00:36:52.124] [GetTemp--2147478764]:i2c write failed
[2026-05-10 00:36:52.124] 6356,75,98,0.0
[2026-05-10 00:36:52.236] [GetTemp--2147478764]:i2c write failed
[2026-05-10 00:36:52.236] 6357,75,98,0.0
[2026-05-10 00:36:52.331] [GetTemp--2147478764]:i2c write failed
[2026-05-10 00:36:52.331] 6358,75,98,0.0
[2026-05-10 00:36:52.427] ReadLicenseData(), failed to get licdata string
[2026-05-10 00:36:52.427] VerifyLicense(), cannot read license data files
[2026-05-10 00:36:52.427] license_task_main() verify license invalid, reboot after 47 mins
[2026-05-10 00:36:52.432] [GetTemp--2147478764]:i2c write failed
[2026-05-10 00:36:52.434] 6359,75,98,0.0
[2026-05-10 00:36:52.744] [GetTemp--2147478764]:i2c write failed
[2026-05-10 00:36:52.745] 6360,75,98,0.0
[2026-05-10 00:36:52.838] [GetTemp--2147478764]:i2c write failed
[2026-05-10 00:36:52.844] 6361,75,98,0.0
[2026-05-10 00:36:52.955] [GetTemp--2147478764]:i2c write failed
[2026-05-10 00:36:52.955] 6362,75,98,0.0
[2026-05-10 00:36:53.051] [GetTemp--2147478764]:i2c write failed
[2026-05-10 00:36:53.051] 6363,75,98,0.0
[2026-05-10 00:36:53.131] HR=86 SpO2=98 (raw:88/98 valid:1/1 sqi:1)
[2026-05-10 00:36:53.146] [GetTemp--2147478764]:i2c write failed
[2026-05-10 00:36:53.146] 6364,76,98,0.0
[2026-05-10 00:36:53.451] [GetTemp--2147478764]:i2c write failed
[2026-05-10 00:36:53.451] 6365,76,98,0.0
[2026-05-10 00:36:53.563] [GetTemp--2147478764]:i2c write failed
[2026-05-10 00:36:53.563] 6366,76,98,0.0
[2026-05-10 00:36:53.658] [GetTemp--2147478764]:i2c write failed
[2026-05-10 00:36:53.661] 6367,76,98,0.0
[2026-05-10 00:36:53.752] [GetTemp--2147478764]:i2c write failed
[2026-05-10 00:36:53.752] 6368,76,98,0.0
[2026-05-10 00:36:53.860] [GetTemp--2147478764]:i2c write failed
[2026-05-10 00:36:53.861] 6369,76,98,0.0
[2026-05-10 00:36:54.094] HR=86 SpO2=98 (raw:85/97 valid:1/1 sqi:1)
[2026-05-10 00:36:54.158] [GetTemp--2147478764]:i2c write failed
[2026-05-10 00:36:54.158] 6370,76,98,0.0
[2026-05-10 00:36:54.269] [GetTemp--2147478764]:i2c write failed
[2026-05-10 00:36:54.269] 6371,76,98,0.0
[2026-05-10 00:36:54.365] [GetTemp--2147478764]:i2c write failed
[2026-05-10 00:36:54.365] 6372,76,98,0.0
[2026-05-10 00:36:54.460] [GetTemp--2147478764]:i2c write failed
[2026-05-10 00:36:54.460] 6373,76,98,0.0
[2026-05-10 00:36:54.571] [GetTemp--2147478764]:i2c write failed
[2026-05-10 00:36:54.573] 6374,76,98,0.0
[2026-05-10 00:36:54.871] [GetTemp--2147478764]:i2c write failed
[2026-05-10 00:36:54.872] 6375,76,98,0.0
[2026-05-10 00:36:54.979] [GetTemp--2147478764]:i2c write failed
[2026-05-10 00:36:54.980] 6376,76,98,0.0
[2026-05-10 00:36:55.083] [GetTemp--2147478764]:i2c write failed
[2026-05-10 00:36:55.083] 6377,76,98,0.0
[2026-05-10 00:36:55.179] [GetTemp--2147478764]:i2c write failed
[2026-05-10 00:36:55.179] 6378,76,98,0.0
[2026-05-10 00:36:55.274] [GetTemp--2147478764]:i2c write failed
[2026-05-10 00:36:55.274] 6379,76,98,0.0
[2026-05-10 00:36:55.497] HR=85 SpO2=98 (raw:81/98 valid:1/1 sqi:1)
[2026-05-10 00:36:55.577] [GetTemp--2147478764]:i2c write failed
[2026-05-10 00:36:55.579] 6380,75,98,0.0
[2026-05-10 00:36:55.688] [GetTemp--2147478764]:i2c write failed
[2026-05-10 00:36:55.688] 6381,75,98,0.0
[2026-05-10 00:36:55.782] [GetTemp--2147478764]:i2c write failed
[2026-05-10 00:36:55.782] 6382,75,98,0.0
[2026-05-10 00:36:55.890] [GetTemp--2147478764]:i2c write failed
[2026-05-10 00:36:55.892] 6383,75,98,0.0
[2026-05-10 00:36:55.985] [GetTemp--2147478764]:i2c write failed
[2026-05-10 00:36:55.986] 6384,75,98,0.0
[2026-05-10 00:36:56.299] [GetTemp--2147478764]:i2c write failed
[2026-05-10 00:36:56.300] 6385,75,98,0.0
[2026-05-10 00:36:56.394] [GetTemp--2147478764]:i2c write failed
[2026-05-10 00:36:56.394] 6386,75,98,0.0
[2026-05-10 00:36:56.490] [GetTemp--2147478764]:i2c write failed
[2026-05-10 00:36:56.490] 6387,75,98,0.0
[2026-05-10 00:36:56.511] HR=85 SpO2=98 (raw:78/98 valid:1/1 sqi:1)
[2026-05-10 00:36:56.601] [GetTemp--2147478764]:i2c write failed
[2026-05-10 00:36:56.601] 6388,75,98,0.0
[2026-05-10 00:36:56.696] [GetTemp--2147478764]:i2c write failed
[2026-05-10 00:36:56.697] 6389,75,98,0.0
[2026-05-10 00:36:57.001] [GetTemp--2147478764]:i2c write failed
[2026-05-10 00:36:57.001] 6390,75,98,0.0
[2026-05-10 00:36:57.098] [GetTemp--2147478764]:i2c write failed
[2026-05-10 00:36:57.100] 6391,75,98,0.0
[2026-05-10 00:36:57.208] [GetTemp--2147478764]:i2c write failed
[2026-05-10 00:36:57.208] 6392,75,98,0.0
[2026-05-10 00:36:57.303] [GetTemp--2147478764]:i2c write failed
[2026-05-10 00:36:57.303] 6393,75,98,0.0
[2026-05-10 00:36:57.399] [GetTemp--2147478764]:i2c write failed
[2026-05-10 00:36:57.401] 6394,75,98,0.0
[2026-05-10 00:36:57.639] HR=81 SpO2=98 (raw:80/98 valid:1/1 sqi:1)
[2026-05-10 00:36:57.718] [GetTemp--2147478764]:i2c write failed
[2026-05-10 00:36:57.718] 6395,71,98,0.0
[2026-05-10 00:36:57.812] [GetTemp--2147478764]:i2c write failed
[2026-05-10 00:36:57.813] 6396,71,98,0.0
[2026-05-10 00:36:57.922] [GetTemp--2147478764]:i2c write failed
[2026-05-10 00:36:57.922] 6397,71,98,0.0
[2026-05-10 00:36:58.016] [GetTemp--2147478764]:i2c write failed
[2026-05-10 00:36:58.017] 6398,71,98,0.0
[2026-05-10 00:36:58.107] [GetTemp--2147478764]:i2c write failed
[2026-05-10 00:36:58.107] 6399,71,98,0.0
[2026-05-10 00:36:58.425] [GetTemp--2147478764]:i2c write failed
[2026-05-10 00:36:58.425] 6400,71,98,0.0
[2026-05-10 00:36:58.519] [GetTemp--2147478764]:i2c write failed
[2026-05-10 00:36:58.519] 6401,71,98,0.0
[2026-05-10 00:36:58.631] [GetTemp--2147478764]:i2c write failed
[2026-05-10 00:36:58.631] 6402,71,98,0.0
[2026-05-10 00:36:58.635] HR=80 SpO2=98 (raw:77/98 valid:1/1 sqi:1)
[2026-05-10 00:36:58.727] [GetTemp--2147478764]:i2c write failed
[2026-05-10 00:36:58.728] 6403,70,98,0.0
[2026-05-10 00:36:58.822] [GetTemp--2147478764]:i2c write failed
[2026-05-10 00:36:58.823] 6404,70,98,0.0
[2026-05-10 00:36:59.128] [GetTemp--2147478764]:i2c write failed
[2026-05-10 00:36:59.131] 6405,70,98,0.0
[2026-05-10 00:36:59.240] [GetTemp--2147478764]:i2c write failed
[2026-05-10 00:36:59.240] 6406,70,98,0.0
[2026-05-10 00:36:59.335] [GetTemp--2147478764]:i2c write failed
[2026-05-10 00:36:59.335] 6407,70,98,0.0
[2026-05-10 00:36:59.430] [GetTemp--2147478764]:i2c write failed
[2026-05-10 00:36:59.432] 6408,70,98,0.0
[2026-05-10 00:36:59.541] [GetTemp--2147478764]:i2c write failed
[2026-05-10 00:36:59.541] 6409,70,98,0.0
[2026-05-10 00:36:59.842] [GetTemp--2147478764]:i2c write failed
[2026-05-10 00:36:59.842] 6410,70,98,0.0
[2026-05-10 00:36:59.920] HR=80 SpO2=98 (raw:82/97 valid:1/1 sqi:1)
[2026-05-10 00:36:59.937] [GetTemp--2147478764]:i2c write failed
[2026-05-10 00:36:59.940] 6411,70,98,0.0
[2026-05-10 00:37:00.052] [GetTemp--2147478764]:i2c write failed
[2026-05-10 00:37:00.052] 6412,70,98,0.0
[2026-05-10 00:37:00.148] [GetTemp--2147478764]:i2c write failed
[2026-05-10 00:37:00.148] 6413,70,98,0.0
[2026-05-10 00:37:00.244] [GetTemp--2147478764]:i2c write failed
[2026-05-10 00:37:00.244] 6414,70,98,0.0
[2026-05-10 00:37:00.547] [GetTemp--2147478764]:i2c write failed
[2026-05-10 00:37:00.547] 6415,70,98,0.0
[2026-05-10 00:37:00.658] [GetTemp--2147478764]:i2c write failed
[2026-05-10 00:37:00.658] 6416,70,98,0.0
[2026-05-10 00:37:00.754] [GetTemp--2147478764]:i2c write failed
[2026-05-10 00:37:00.755] 6417,70,98,0.0
[2026-05-10 00:37:00.847] [GetTemp--2147478764]:i2c write failed
[2026-05-10 00:37:00.850] 6418,70,98,0.0
[2026-05-10 00:37:00.940] HR=80 SpO2=98 (raw:82/97 valid:1/1 sqi:1)
[2026-05-10 00:37:00.947] [GetTemp--2147478764]:i2c write failed
[2026-05-10 00:37:00.950] 6419,70,98,0.0
[2026-05-10 00:37:01.265] [GetTemp--2147478764]:i2c write failed
[2026-05-10 00:37:01.265] 6420,70,98,0.0
[2026-05-10 00:37:01.361] [GetTemp--2147478764]:i2c write failed
[2026-05-10 00:37:01.361] 6421,70,98,0.0
[2026-05-10 00:37:01.457] [GetTemp--2147478764]:i2c write failed
[2026-05-10 00:37:01.474] 6422,70,98,0.0
[2026-05-10 00:37:01.569] [GetTemp--2147478764]:i2c write failed
[2026-05-10 00:37:01.569] 6423,70,98,0.0
[2026-05-10 00:37:01.664] [GetTemp--2147478764]:i2c write failed
[2026-05-10 00:37:01.664] 6424,70,98,0.0
[2026-05-10 00:37:01.980] [GetTemp--2147478764]:i2c write failed
[2026-05-10 00:37:01.981] 6425,70,98,0.0
[2026-05-10 00:37:02.043] HR=82 SpO2=97 (raw:82/97 valid:1/1 sqi:1)
[2026-05-10 00:37:02.066] [GetTemp--2147478764]:i2c write failed
[2026-05-10 00:37:02.070] 6426,72,97,0.0
[2026-05-10 00:37:02.177] [GetTemp--2147478764]:i2c write failed
[2026-05-10 00:37:02.177] 6427,72,97,0.0
[2026-05-10 00:37:02.272] [GetTemp--2147478764]:i2c write failed
[2026-05-10 00:37:02.273] 6428,72,97,0.0
[2026-05-10 00:37:02.368] [GetTemp--2147478764]:i2c write failed
[2026-05-10 00:37:02.383] 6429,72,97,0.0
[2026-05-10 00:37:02.686] [GetTemp--2147478764]:i2c write failed
[2026-05-10 00:37:02.687] 6430,72,97,0.0
[2026-05-10 00:37:02.779] [GetTemp--2147478764]:i2c write failed
[2026-05-10 00:37:02.780] 6431,72,97,0.0
[2026-05-10 00:37:02.887] [GetTemp--2147478764]:i2c write failed
[2026-05-10 00:37:02.888] 6432,72,97,0.0
[2026-05-10 00:37:02.980] [GetTemp--2147478764]:i2c write failed
[2026-05-10 00:37:02.981] 6433,72,97,0.0
[2026-05-10 00:37:03.073] HR=82 SpO2=97 (raw:81/97 valid:1/1 sqi:1)
[2026-05-10 00:37:03.073] [GetTemp--2147478764]:i2c write failed
[2026-05-10 00:37:03.073] 6434,72,97,0.0
[2026-05-10 00:37:03.392] [GetTemp--2147478764]:i2c write failed
[2026-05-10 00:37:03.394] 6435,72,97,0.0
[2026-05-10 00:37:03.487] [GetTemp--2147478764]:i2c write failed
[2026-05-10 00:37:03.490] 6436,72,97,0.0
[2026-05-10 00:37:03.599] [GetTemp--2147478764]:i2c write failed
[2026-05-10 00:37:03.599] 6437,72,97,0.0
[2026-05-10 00:37:03.693] [GetTemp--2147478764]:i2c write failed
[2026-05-10 00:37:03.693] 6438,72,97,0.0
[2026-05-10 00:37:03.788] [GetTemp--2147478764]:i2c write failed
[2026-05-10 00:37:03.791] 6439,72,97,0.0
[2026-05-10 00:37:04.110] [GetTemp--2147478764]:i2c write failed
[2026-05-10 00:37:04.110] 6440,72,97,0.0
[2026-05-10 00:37:04.206] [GetTemp--2147478764]:i2c write failed
[2026-05-10 00:37:04.206] 6441,72,97,0.0
[2026-05-10 00:37:04.302] [GetTemp--2147478764]:i2c write failed
[2026-05-10 00:37:04.302] 6442,72,97,0.0
[2026-05-10 00:37:04.319] HR=82 SpO2=97 (raw:81/98 valid:1/1 sqi:1)
[2026-05-10 00:37:04.398] [GetTemp--2147478764]:i2c write failed
[2026-05-10 00:37:04.398] 6443,72,97,0.0
[2026-05-10 00:37:04.510] [GetTemp--2147478764]:i2c write failed
[2026-05-10 00:37:04.510] 6444,72,97,0.0
[2026-05-10 00:37:04.810] [GetTemp--2147478764]:i2c write failed
[2026-05-10 00:37:04.810] 6445,72,97,0.0
[2026-05-10 00:37:04.919] [GetTemp--2147478764]:i2c write failed
[2026-05-10 00:37:04.919] 6446,72,97,0.0
[2026-05-10 00:37:05.014] [GetTemp--2147478764]:i2c write failed
[2026-05-10 00:37:05.015] 6447,72,97,0.0
[2026-05-10 00:37:05.118] [GetTemp--2147478764]:i2c write failed
[2026-05-10 00:37:05.118] 6448,72,97,0.0
[2026-05-10 00:37:05.215] [GetTemp--2147478764]:i2c write failed
[2026-05-10 00:37:05.215] 6449,72,97,0.0
[2026-05-10 00:37:05.437] HR=82 SpO2=97 (raw:82/99 valid:1/1 sqi:1)
[2026-05-10 00:37:05.532] [GetTemp--2147478764]:i2c write failed
[2026-05-10 00:37:05.535] 6450,72,97,0.0
[2026-05-10 00:37:05.628] [GetTemp--2147478764]:i2c write failed
[2026-05-10 00:37:05.628] 6451,72,97,0.0
[2026-05-10 00:37:05.722] [GetTemp--2147478764]:i2c write failed
[2026-05-10 00:37:05.723] 6452,72,97,0.0
[2026-05-10 00:37:05.828] [GetTemp--2147478764]:i2c write failed
[2026-05-10 00:37:05.829] 6453,72,97,0.0
[2026-05-10 00:37:05.921] [GetTemp--2147478764]:i2c write failed
[2026-05-10 00:37:05.922] 6454,72,97,0.0
[2026-05-10 00:37:06.236] [GetTemp--2147478764]:i2c write failed
[2026-05-10 00:37:06.236] 6455,72,97,0.0
[2026-05-10 00:37:06.332] [GetTemp--2147478764]:i2c write failed
[2026-05-10 00:37:06.332] 6456,72,97,0.0
[2026-05-10 00:37:06.442] [GetTemp--2147478764]:i2c write failed
[2026-05-10 00:37:06.444] 6457,72,97,0.0
[2026-05-10 00:37:06.458] HR=81 SpO2=98 (raw:77/98 valid:1/1 sqi:1)
[2026-05-10 00:37:06.538] [GetTemp--2147478764]:i2c write failed
[2026-05-10 00:37:06.538] 6458,71,98,0.0
[2026-05-10 00:37:06.633] [GetTemp--2147478764]:i2c write failed
[2026-05-10 00:37:06.633] 6459,71,98,0.0
[2026-05-10 00:37:06.947] [GetTemp--2147478764]:i2c write failed
[2026-05-10 00:37:06.948] 6460,71,98,0.0
[2026-05-10 00:37:07.041] [GetTemp--2147478764]:i2c write failed
[2026-05-10 00:37:07.042] 6461,71,98,0.0
[2026-05-10 00:37:07.144] [GetTemp--2147478764]:i2c write failed
[2026-05-10 00:37:07.144] 6462,71,98,0.0
[2026-05-10 00:37:07.239] [GetTemp--2147478764]:i2c write failed
[2026-05-10 00:37:07.239] 6463,71,98,0.0
[2026-05-10 00:37:07.350] [GetTemp--2147478764]:i2c write failed
[2026-05-10 00:37:07.350] 6464,71,98,0.0
[2026-05-10 00:37:07.573] HR=81 SpO2=98 (raw:78/97 valid:1/1 sqi:1)
[2026-05-10 00:37:07.653] [GetTemp--2147478764]:i2c write failed
[2026-05-10 00:37:07.653] 6465,71,98,0.0
[2026-05-10 00:37:07.749] [GetTemp--2147478764]:i2c write failed
[2026-05-10 00:37:07.749] 6466,71,98,0.0
[2026-05-10 00:37:07.858] [GetTemp--2147478764]:i2c write failed
[2026-05-10 00:37:07.859] 6467,71,98,0.0
[2026-05-10 00:37:07.952] [GetTemp--2147478764]:i2c write failed
[2026-05-10 00:37:07.953] 6468,71,98,0.0
[2026-05-10 00:37:08.069] [GetTemp--2147478764]:i2c write failed
[2026-05-10 00:37:08.070] 6469,71,98,0.0
[2026-05-10 00:37:08.357] [GetTemp--2147478764]:i2c write failed
[2026-05-10 00:37:08.357] 6470,71,98,0.0
[2026-05-10 00:37:08.468] [GetTemp--2147478764]:i2c write failed
[2026-05-10 00:37:08.468] 6471,71,98,0.0
[2026-05-10 00:37:08.564] [GetTemp--2147478764]:i2c write failed
[2026-05-10 00:37:08.565] 6472,71,98,0.0
[2026-05-10 00:37:08.659] [GetTemp--2147478764]:i2c write failed
[2026-05-10 00:37:08.662] 6473,71,98,0.0
[2026-05-10 00:37:08.753] HR=81 SpO2=98 (raw:84/97 valid:1/1 sqi:1)
[2026-05-10 00:37:08.758] [GetTemp--2147478764]:i2c write failed
[2026-05-10 00:37:08.761] 6474,71,98,0.0
[2026-05-10 00:37:09.077] [GetTemp--2147478764]:i2c write failed
[2026-05-10 00:37:09.077] 6475,71,98,0.0
[2026-05-10 00:37:09.173] [GetTemp--2147478764]:i2c write failed
[2026-05-10 00:37:09.173] 6476,71,98,0.0
[2026-05-10 00:37:09.269] [GetTemp--2147478764]:i2c write failed
[2026-05-10 00:37:09.270] 6477,71,98,0.0
[2026-05-10 00:37:09.380] [GetTemp--2147478764]:i2c write failed
[2026-05-10 00:37:09.381] 6478,71,98,0.0
[2026-05-10 00:37:09.476] [GetTemp--2147478764]:i2c write failed
[2026-05-10 00:37:09.476] 6479,71,98,0.0
[2026-05-10 00:37:09.780] [GetTemp--2147478764]:i2c write failed
[2026-05-10 00:37:09.781] 6480,71,98,0.0
[2026-05-10 00:37:09.860] HR=82 SpO2=98 (raw:83/98 valid:1/1 sqi:1)
[2026-05-10 00:37:09.877] [GetTemp--2147478764]:i2c write failed
[2026-05-10 00:37:09.880] 6481,72,98,0.0
[2026-05-10 00:37:09.983] [GetTemp--2147478764]:i2c write failed
[2026-05-10 00:37:09.984] 6482,72,98,0.0
[2026-05-10 00:37:10.080] [GetTemp--2147478764]:i2c write failed
[2026-05-10 00:37:10.080] 6483,72,98,0.0
[2026-05-10 00:37:10.192] [GetTemp--2147478764]:i2c write failed
[2026-05-10 00:37:10.192] 6484,72,98,0.0
[2026-05-10 00:37:10.494] [GetTemp--2147478764]:i2c write failed
[2026-05-10 00:37:10.494] 6485,72,98,0.0
[2026-05-10 00:37:10.589] [GetTemp--2147478764]:i2c write failed
[2026-05-10 00:37:10.591] 6486,72,98,0.0
[2026-05-10 00:37:10.701] [GetTemp--2147478764]:i2c write failed
[2026-05-10 00:37:10.703] 6487,72,98,0.0
[2026-05-10 00:37:10.796] [GetTemp--2147478764]:i2c write failed
[2026-05-10 00:37:10.797] 6488,72,98,0.0
[2026-05-10 00:37:10.889] HR=82 SpO2=98 (raw:82/98 valid:1/1 sqi:1)
[2026-05-10 00:37:10.889] [GetTemp--2147478764]:i2c write failed
[2026-05-10 00:37:10.890] 6489,72,98,0.0
[2026-05-10 00:37:11.202] [GetTemp--2147478764]:i2c write failed
[2026-05-10 00:37:11.202] 6490,72,98,0.0
[2026-05-10 00:37:11.298] [GetTemp--2147478764]:i2c write failed
[2026-05-10 00:37:11.298] 6491,72,98,0.0
[2026-05-10 00:37:11.409] [GetTemp--2147478764]:i2c write failed
[2026-05-10 00:37:11.410] 6492,72,98,0.0
[2026-05-10 00:37:11.505] [GetTemp--2147478764]:i2c write failed
[2026-05-10 00:37:11.506] 6493,72,98,0.0
[2026-05-10 00:37:11.600] [GetTemp--2147478764]:i2c write failed
[2026-05-10 00:37:11.600] 6494,72,98,0.0
[2026-05-10 00:37:11.852] HR=83 SpO2=98 (raw:83/98 valid:1/1 sqi:1)
[2026-05-10 00:37:11.914] [GetTemp--2147478764]:i2c write failed
[2026-05-10 00:37:11.915] 6495,73,98,0.0
[2026-05-10 00:37:12.020] [GetTemp--2147478764]:i2c write failed
[2026-05-10 00:37:12.021] 6496,73,98,0.0
[2026-05-10 00:37:12.111] [GetTemp--2147478764]:i2c write failed
[2026-05-10 00:37:12.111] 6497,73,98,0.0
[2026-05-10 00:37:12.223] [GetTemp--2147478764]:i2c write failed
[2026-05-10 00:37:12.226] 6498,73,98,0.0
[2026-05-10 00:37:12.319] [GetTemp--2147478764]:i2c write failed
[2026-05-10 00:37:12.320] 6499,73,98,0.0
[2026-05-10 00:37:12.622] [GetTemp--2147478764]:i2c write failed
[2026-05-10 00:37:12.622] 6500,73,98,0.0
[2026-05-10 00:37:12.718] [GetTemp--2147478764]:i2c write failed
[2026-05-10 00:37:12.718] 6501,73,98,0.0
[2026-05-10 00:37:12.828] [GetTemp--2147478764]:i2c write failed
[2026-05-10 00:37:12.829] 6502,73,98,0.0
[2026-05-10 00:37:12.922] [GetTemp--2147478764]:i2c write failed
[2026-05-10 00:37:12.923] 6503,73,98,0.0
[2026-05-10 00:37:13.018] [GetTemp--2147478764]:i2c write failed
[2026-05-10 00:37:13.034] 6504,73,98,0.0
[2026-05-10 00:37:13.262] HR=83 SpO2=98 (raw:82/98 valid:1/1 sqi:1)
[2026-05-10 00:37:13.342] [GetTemp--2147478764]:i2c write failed
[2026-05-10 00:37:13.342] 6505,73,98,0.0
[2026-05-10 00:37:13.437] [GetTemp--2147478764]:i2c write failed
[2026-05-10 00:37:13.437] 6506,73,98,0.0
[2026-05-10 00:37:13.532] [GetTemp--2147478764]:i2c write failed
[2026-05-10 00:37:13.532] 6507,73,98,0.0
[2026-05-10 00:37:13.628] [GetTemp--2147478764]:i2c write failed
[2026-05-10 00:37:13.628] 6508,73,98,0.0
[2026-05-10 00:37:13.739] [GetTemp--2147478764]:i2c write failed
[2026-05-10 00:37:13.740] 6509,73,98,0.0
[2026-05-10 00:37:14.046] [GetTemp--2147478764]:i2c write failed
[2026-05-10 00:37:14.046] 6510,73,98,0.0
[2026-05-10 00:37:14.142] [GetTemp--2147478764]:i2c write failed
[2026-05-10 00:37:14.142] 6511,73,98,0.0
[2026-05-10 00:37:14.238] [GetTemp--2147478764]:i2c write failed
[2026-05-10 00:37:14.238] 6512,73,98,0.0
[2026-05-10 00:37:14.253] HR=83 SpO2=98 (raw:83/99 valid:1/1 sqi:1)
[2026-05-10 00:37:14.349] [GetTemp--2147478764]:i2c write failed
[2026-05-10 00:37:14.350] 6513,73,98,0.0
[2026-05-10 00:37:14.445] [GetTemp--2147478764]:i2c write failed
[2026-05-10 00:37:14.445] 6514,73,98,0.0
[2026-05-10 00:37:14.762] [GetTemp--2147478764]:i2c write failed
[2026-05-10 00:37:14.763] 6515,73,98,0.0
[2026-05-10 00:37:14.857] [GetTemp--2147478764]:i2c write failed
[2026-05-10 00:37:14.858] 6516,73,98,0.0
[2026-05-10 00:37:14.952] [GetTemp--2147478764]:i2c write failed
[2026-05-10 00:37:14.952] 6517,73,98,0.0
[2026-05-10 00:37:15.050] [GetTemp--2147478764]:i2c write failed
[2026-05-10 00:37:15.050] 6518,73,98,0.0
[2026-05-10 00:37:15.162] [GetTemp--2147478764]:i2c write failed
[2026-05-10 00:37:15.162] 6519,73,98,0.0
[2026-05-10 00:37:15.385] HR=83 SpO2=98 (raw:84/98 valid:1/1 sqi:1)
[2026-05-10 00:37:15.465] [GetTemp--2147478764]:i2c write failed
[2026-05-10 00:37:15.465] 6520,73,98,0.0
[2026-05-10 00:37:15.560] [GetTemp--2147478764]:i2c write failed
[2026-05-10 00:37:15.560] 6521,73,98,0.0
[2026-05-10 00:37:15.670] [GetTemp--2147478764]:i2c write failed
[2026-05-10 00:37:15.670] 6522,73,98,0.0
[2026-05-10 00:37:15.766] [GetTemp--2147478764]:i2c write failed
[2026-05-10 00:37:15.767] 6523,73,98,0.0
[2026-05-10 00:37:15.859] [GetTemp--2147478764]:i2c write failed
[2026-05-10 00:37:15.860] 6524,73,98,0.0
[2026-05-10 00:37:16.170] [GetTemp--2147478764]:i2c write failed
[2026-05-10 00:37:16.174] 6525,73,98,0.0
[2026-05-10 00:37:16.282] [GetTemp--2147478764]:i2c write failed
[2026-05-10 00:37:16.283] 6526,73,98,0.0
[2026-05-10 00:37:16.378] [GetTemp--2147478764]:i2c write failed
[2026-05-10 00:37:16.380] 6527,73,98,0.0
[2026-05-10 00:37:16.394] HR=83 SpO2=98 (raw:86/97 valid:1/1 sqi:1)
[2026-05-10 00:37:16.473] [GetTemp--2147478764]:i2c write failed
[2026-05-10 00:37:16.473] 6528,73,98,0.0
[2026-05-10 00:37:16.569] [GetTemp--2147478764]:i2c write failed
[2026-05-10 00:37:16.569] 6529,73,98,0.0
[2026-05-10 00:37:16.884] [GetTemp--2147478764]:i2c write failed
[2026-05-10 00:37:16.885] 6530,73,98,0.0
[2026-05-10 00:37:16.977] [GetTemp--2147478764]:i2c write failed
[2026-05-10 00:37:16.980] 6531,73,98,0.0
[2026-05-10 00:37:17.080] [GetTemp--2147478764]:i2c write failed
[2026-05-10 00:37:17.080] 6532,73,98,0.0
[2026-05-10 00:37:17.192] [GetTemp--2147478764]:i2c write failed
[2026-05-10 00:37:17.192] 6533,73,98,0.0
[2026-05-10 00:37:17.287] [GetTemp--2147478764]:i2c write failed
[2026-05-10 00:37:17.287] 6534,73,98,0.0
[2026-05-10 00:37:17.589] [GetTemp--2147478764]:i2c write failed
[2026-05-10 00:37:17.589] 6535,73,98,0.0
[2026-05-10 00:37:17.669] HR=84 SpO2=98 (raw:92/98 valid:1/1 sqi:1)
[2026-05-10 00:37:17.687] [GetTemp--2147478764]:i2c write failed
[2026-05-10 00:37:17.690] 6536,74,98,0.0
[2026-05-10 00:37:17.795] [GetTemp--2147478764]:i2c write failed
[2026-05-10 00:37:17.796] 6537,74,98,0.0
[2026-05-10 00:37:17.889] [GetTemp--2147478764]:i2c write failed
[2026-05-10 00:37:17.890] 6538,74,98,0.0
[2026-05-10 00:37:17.997] [GetTemp--2147478764]:i2c write failed
[2026-05-10 00:37:17.998] 6539,74,98,0.0
[2026-05-10 00:37:18.311] [GetTemp--2147478764]:i2c write failed
[2026-05-10 00:37:18.311] 6540,74,98,0.0
[2026-05-10 00:37:18.406] [GetTemp--2147478764]:i2c write failed
[2026-05-10 00:37:18.406] 6541,74,98,0.0
[2026-05-10 00:37:18.502] [GetTemp--2147478764]:i2c write failed
[2026-05-10 00:37:18.502] 6542,74,98,0.0
[2026-05-10 00:37:18.598] [GetTemp--2147478764]:i2c write failed
[2026-05-10 00:37:18.599] 6543,74,98,0.0
[2026-05-10 00:37:18.694] HR=86 SpO2=98 (raw:95/98 valid:1/1 sqi:1)
[2026-05-10 00:37:18.710] [GetTemp--2147478764]:i2c write failed
[2026-05-10 00:37:18.711] 6544,76,98,0.0
[2026-05-10 00:37:19.009] [GetTemp--2147478764]:i2c write failed
[2026-05-10 00:37:19.013] 6545,76,98,0.0
[2026-05-10 00:37:19.126] [GetTemp--2147478764]:i2c write failed
[2026-05-10 00:37:19.126] 6546,76,98,0.0
[2026-05-10 00:37:19.221] [GetTemp--2147478764]:i2c write failed
[2026-05-10 00:37:19.221] 6547,76,98,0.0
[2026-05-10 00:37:19.316] [GetTemp--2147478764]:i2c write failed
[2026-05-10 00:37:19.316] 6548,76,98,0.0
[2026-05-10 00:37:19.412] [GetTemp--2147478764]:i2c write failed
[2026-05-10 00:37:19.412] 6549,76,98,0.0
[2026-05-10 00:37:19.731] [GetTemp--2147478764]:i2c write failed
[2026-05-10 00:37:19.731] 6550,76,98,0.0
[2026-05-10 00:37:19.795] HR=92 SpO2=98 (raw:95/98 valid:1/1 sqi:1)
[2026-05-10 00:37:19.811] [GetTemp--2147478764]:i2c write failed
[2026-05-10 00:37:19.820] 6551,82,98,0.0
[2026-05-10 00:37:19.921] [GetTemp--2147478764]:i2c write failed
[2026-05-10 00:37:19.922] 6552,82,98,0.0
[2026-05-10 00:37:20.031] [GetTemp--2147478764]:i2c write failed
[2026-05-10 00:37:20.032] 6553,82,98,0.0
[2026-05-10 00:37:20.124] [GetTemp--2147478764]:i2c write failed
[2026-05-10 00:37:20.125] 6554,82,98,0.0
[2026-05-10 00:37:20.434] [GetTemp--2147478764]:i2c write failed
[2026-05-10 00:37:20.434] 6555,82,98,0.0
[2026-05-10 00:37:20.529] [GetTemp--2147478764]:i2c write failed
[2026-05-10 00:37:20.532] 6556,82,98,0.0
[2026-05-10 00:37:20.641] [GetTemp--2147478764]:i2c write failed
[2026-05-10 00:37:20.641] 6557,82,98,0.0
[2026-05-10 00:37:20.737] [GetTemp--2147478764]:i2c write failed
[2026-05-10 00:37:20.737] 6558,82,98,0.0
[2026-05-10 00:37:20.832] HR=92 SpO2=98 (raw:88/98 valid:1/1 sqi:1)
[2026-05-10 00:37:20.833] [GetTemp--2147478764]:i2c write failed
[2026-05-10 00:37:20.835] 6559,82,98,0.0
[2026-05-10 00:37:21.139] [GetTemp--2147478764]:i2c write failed
[2026-05-10 00:37:21.139] 6560,82,98,0.0
[2026-05-10 00:37:21.250] [GetTemp--2147478764]:i2c write failed
[2026-05-10 00:37:21.250] 6561,82,98,0.0
[2026-05-10 00:37:21.345] [GetTemp--2147478764]:i2c write failed
[2026-05-10 00:37:21.345] 6562,82,98,0.0
[2026-05-10 00:37:21.440] [GetTemp--2147478764]:i2c write failed
[2026-05-10 00:37:21.440] 6563,82,98,0.0
[2026-05-10 00:37:21.552] [GetTemp--2147478764]:i2c write failed
[2026-05-10 00:37:21.552] 6564,82,98,0.0
[2026-05-10 00:37:21.853] [GetTemp--2147478764]:i2c write failed
[2026-05-10 00:37:21.853] 6565,82,98,0.0
[2026-05-10 00:37:21.948] [GetTemp--2147478764]:i2c write failed
[2026-05-10 00:37:21.950] 6566,82,98,0.0
[2026-05-10 00:37:22.056] [GetTemp--2147478764]:i2c write failed
[2026-05-10 00:37:22.057] 6567,82,98,0.0
[2026-05-10 00:37:22.072] HR=92 SpO2=98 (raw:88/98 valid:1/1 sqi:1)
[2026-05-10 00:37:22.159] [GetTemp--2147478764]:i2c write failed
[2026-05-10 00:37:22.159] 6568,82,98,0.0
[2026-05-10 00:37:22.255] [GetTemp--2147478764]:i2c write failed
[2026-05-10 00:37:22.255] 6569,82,98,0.0
[2026-05-10 00:37:22.557] [GetTemp--2147478764]:i2c write failed
[2026-05-10 00:37:22.557] 6570,82,98,0.0
[2026-05-10 00:37:22.669] [GetTemp--2147478764]:i2c write failed
[2026-05-10 00:37:22.669] 6571,82,98,0.0
[2026-05-10 00:37:22.763] [GetTemp--2147478764]:i2c write failed
[2026-05-10 00:37:22.763] 6572,82,98,0.0
[2026-05-10 00:37:22.872] [GetTemp--2147478764]:i2c write failed
[2026-05-10 00:37:22.872] 6573,82,98,0.0
[2026-05-10 00:37:22.966] [GetTemp--2147478764]:i2c write failed
[2026-05-10 00:37:22.967] 6574,82,98,0.0
[2026-05-10 00:37:23.203] HR=88 SpO2=98 (raw:86/98 valid:1/1 sqi:1)
[2026-05-10 00:37:23.283] [GetTemp--2147478764]:i2c write failed
[2026-05-10 00:37:23.283] 6575,78,98,0.0
[2026-05-10 00:37:23.378] [GetTemp--2147478764]:i2c write failed
[2026-05-10 00:37:23.378] 6576,78,98,0.0
[2026-05-10 00:37:23.473] [GetTemp--2147478764]:i2c write failed
[2026-05-10 00:37:23.473] 6577,78,98,0.0
[2026-05-10 00:37:23.569] [GetTemp--2147478764]:i2c write failed
[2026-05-10 00:37:23.571] 6578,78,98,0.0
[2026-05-10 00:37:23.680] [GetTemp--2147478764]:i2c write failed
[2026-05-10 00:37:23.681] 6579,78,98,0.0
[2026-05-10 00:37:23.978] [GetTemp--2147478764]:i2c write failed
[2026-05-10 00:37:23.994] 6580,78,98,0.0
[2026-05-10 00:37:24.081] [GetTemp--2147478764]:i2c write failed
[2026-05-10 00:37:24.081] 6581,78,98,0.0
[2026-05-10 00:37:24.191] [GetTemp--2147478764]:i2c write failed
[2026-05-10 00:37:24.191] 6582,78,98,0.0
[2026-05-10 00:37:24.207] HR=88 SpO2=98 (raw:85/98 valid:1/1 sqi:1)
[2026-05-10 00:37:24.286] [GetTemp--2147478764]:i2c write failed
[2026-05-10 00:37:24.286] 6583,78,98,0.0
[2026-05-10 00:37:24.382] [GetTemp--2147478764]:i2c write failed
[2026-05-10 00:37:24.382] 6584,78,98,0.0
[2026-05-10 00:37:24.698] [GetTemp--2147478764]:i2c write failed
[2026-05-10 00:37:24.699] 6585,78,98,0.0
[2026-05-10 00:37:24.793] [GetTemp--2147478764]:i2c write failed
[2026-05-10 00:37:24.793] 6586,78,98,0.0
[2026-05-10 00:37:24.902] [GetTemp--2147478764]:i2c write failed
[2026-05-10 00:37:24.903] 6587,78,98,0.0
[2026-05-10 00:37:24.998] [GetTemp--2147478764]:i2c write failed
[2026-05-10 00:37:24.998] 6588,78,98,0.0
[2026-05-10 00:37:25.094] [GetTemp--2147478764]:i2c write failed
[2026-05-10 00:37:25.094] 6589,78,98,0.0
[2026-05-10 00:37:25.318] HR=86 SpO2=98 (raw:84/98 valid:1/1 sqi:1)
[2026-05-10 00:37:25.398] [GetTemp--2147478764]:i2c write failed
[2026-05-10 00:37:25.413] 6590,76,98,0.0
[2026-05-10 00:37:25.509] [GetTemp--2147478764]:i2c write failed
[2026-05-10 00:37:25.509] 6591,76,98,0.0
[2026-05-10 00:37:25.605] [GetTemp--2147478764]:i2c write failed
[2026-05-10 00:37:25.605] 6592,76,98,0.0
[2026-05-10 00:37:25.701] [GetTemp--2147478764]:i2c write failed
[2026-05-10 00:37:25.702] 6593,76,98,0.0
[2026-05-10 00:37:25.811] [GetTemp--2147478764]:i2c write failed
[2026-05-10 00:37:25.811] 6594,76,98,0.0
[2026-05-10 00:37:26.117] [GetTemp--2147478764]:i2c write failed
[2026-05-10 00:37:26.117] 6595,76,98,0.0
[2026-05-10 00:37:26.212] [GetTemp--2147478764]:i2c write failed
[2026-05-10 00:37:26.212] 6596,76,98,0.0
[2026-05-10 00:37:26.308] [GetTemp--2147478764]:i2c write failed
[2026-05-10 00:37:26.308] 6597,76,98,0.0
[2026-05-10 00:37:26.419] [GetTemp--2147478764]:i2c write failed
[2026-05-10 00:37:26.419] 6598,76,98,0.0
[2026-05-10 00:37:26.498] HR=85 SpO2=98 (raw:81/98 valid:1/1 sqi:1)
[2026-05-10 00:37:26.514] [GetTemp--2147478764]:i2c write failed
[2026-05-10 00:37:26.514] 6599,75,98,0.0
[2026-05-10 00:37:26.833] [GetTemp--2147478764]:i2c write failed
[2026-05-10 00:37:26.833] 6600,75,98,0.0
[2026-05-10 00:37:26.928] [GetTemp--2147478764]:i2c write failed
[2026-05-10 00:37:26.929] 6601,75,98,0.0
[2026-05-10 00:37:27.021] [GetTemp--2147478764]:i2c write failed
[2026-05-10 00:37:27.022] 6602,75,98,0.0
[2026-05-10 00:37:27.123] [GetTemp--2147478764]:i2c write failed
[2026-05-10 00:37:27.123] 6603,75,98,0.0
[2026-05-10 00:37:27.219] [GetTemp--2147478764]:i2c write failed
[2026-05-10 00:37:27.235] 6604,75,98,0.0
[2026-05-10 00:37:27.538] [GetTemp--2147478764]:i2c write failed
[2026-05-10 00:37:27.540] 6605,75,98,0.0
[2026-05-10 00:37:27.601] HR=84 SpO2=98 (raw:76/98 valid:1/1 sqi:1)
[2026-05-10 00:37:27.618] [GetTemp--2147478764]:i2c write failed
[2026-05-10 00:37:27.629] 6606,74,98,0.0
[2026-05-10 00:37:27.729] [GetTemp--2147478764]:i2c write failed
[2026-05-10 00:37:27.729] 6607,74,98,0.0
[2026-05-10 00:37:27.840] [GetTemp--2147478764]:i2c write failed
[2026-05-10 00:37:27.841] 6608,74,98,0.0
[2026-05-10 00:37:27.933] [GetTemp--2147478764]:i2c write failed
[2026-05-10 00:37:27.933] 6609,74,98,0.0
[2026-05-10 00:37:28.241] [GetTemp--2147478764]:i2c write failed
[2026-05-10 00:37:28.241] 6610,74,98,0.0
[2026-05-10 00:37:28.352] [GetTemp--2147478764]:i2c write failed
[2026-05-10 00:37:28.352] 6611,74,98,0.0
[2026-05-10 00:37:28.447] [GetTemp--2147478764]:i2c write failed
[2026-05-10 00:37:28.447] 6612,74,98,0.0
[2026-05-10 00:37:28.543] [GetTemp--2147478764]:i2c write failed
[2026-05-10 00:37:28.543] 6613,74,98,0.0
[2026-05-10 00:37:28.638] HR=81 SpO2=98 (raw:78/98 valid:1/1 sqi:1)
[2026-05-10 00:37:28.638] [GetTemp--2147478764]:i2c write failed
[2026-05-10 00:37:28.638] 6614,71,98,0.0
[2026-05-10 00:37:28.950] [GetTemp--2147478764]:i2c write failed
[2026-05-10 00:37:28.951] 6615,71,98,0.0
[2026-05-10 00:37:29.055] [GetTemp--2147478764]:i2c write failed
[2026-05-10 00:37:29.055] 6616,71,98,0.0
[2026-05-10 00:37:29.151] [GetTemp--2147478764]:i2c write failed
[2026-05-10 00:37:29.151] 6617,71,98,0.0
[2026-05-10 00:37:29.263] [GetTemp--2147478764]:i2c write failed
[2026-05-10 00:37:29.263] 6618,71,98,0.0
[2026-05-10 00:37:29.358] [GetTemp--2147478764]:i2c write failed
[2026-05-10 00:37:29.358] 6619,71,98,0.0
[2026-05-10 00:37:29.597] HR=81 SpO2=98 (raw:86/97 valid:1/1 sqi:1)
[2026-05-10 00:37:29.661] [GetTemp--2147478764]:i2c write failed
[2026-05-10 00:37:29.661] 6620,71,98,0.0
[2026-05-10 00:37:29.771] [GetTemp--2147478764]:i2c write failed
[2026-05-10 00:37:29.772] 6621,71,98,0.0
[2026-05-10 00:37:29.864] [GetTemp--2147478764]:i2c write failed
[2026-05-10 00:37:29.864] 6622,71,98,0.0
[2026-05-10 00:37:29.958] [GetTemp--2147478764]:i2c write failed
[2026-05-10 00:37:29.961] 6623,71,98,0.0
[2026-05-10 00:37:30.076] [GetTemp--2147478764]:i2c write failed
[2026-05-10 00:37:30.077] 6624,71,98,0.0
[2026-05-10 00:37:30.378] [GetTemp--2147478764]:i2c write failed
[2026-05-10 00:37:30.378] 6625,71,98,0.0
[2026-05-10 00:37:30.474] [GetTemp--2147478764]:i2c write failed
[2026-05-10 00:37:30.476] 6626,71,98,0.0
[2026-05-10 00:37:30.570] [GetTemp--2147478764]:i2c write failed
[2026-05-10 00:37:30.570] 6627,71,98,0.0
[2026-05-10 00:37:30.682] [GetTemp--2147478764]:i2c write failed
[2026-05-10 00:37:30.682] 6628,71,98,0.0
[2026-05-10 00:37:30.777] [GetTemp--2147478764]:i2c write failed
[2026-05-10 00:37:30.778] 6629,71,98,0.0
[2026-05-10 00:37:31.011] HR=81 SpO2=98 (raw:82/97 valid:1/1 sqi:1)
[2026-05-10 00:37:31.082] [GetTemp--2147478764]:i2c write failed
[2026-05-10 00:37:31.082] 6630,71,98,0.0
[2026-05-10 00:37:31.178] [GetTemp--2147478764]:i2c write failed
[2026-05-10 00:37:31.180] 6631,71,98,0.0
[2026-05-10 00:37:31.290] [GetTemp--2147478764]:i2c write failed
[2026-05-10 00:37:31.290] 6632,71,98,0.0
[2026-05-10 00:37:31.386] [GetTemp--2147478764]:i2c write failed
[2026-05-10 00:37:31.386] 6633,71,98,0.0
[2026-05-10 00:37:31.481] [GetTemp--2147478764]:i2c write failed
[2026-05-10 00:37:31.481] 6634,71,98,0.0
[2026-05-10 00:37:31.799] [GetTemp--2147478764]:i2c write failed
[2026-05-10 00:37:31.799] 6635,71,98,0.0
[2026-05-10 00:37:31.892] [GetTemp--2147478764]:i2c write failed
[2026-05-10 00:37:31.892] 6636,71,98,0.0
[2026-05-10 00:37:32.000] [GetTemp--2147478764]:i2c write failed
[2026-05-10 00:37:32.000] 6637,71,98,0.0
[2026-05-10 00:37:32.011] HR=82 SpO2=98 (raw:82/98 valid:1/1 sqi:1)
[2026-05-10 00:37:32.095] [GetTemp--2147478764]:i2c write failed
[2026-05-10 00:37:32.095] 6638,72,98,0.0
[2026-05-10 00:37:32.191] [GetTemp--2147478764]:i2c write failed
[2026-05-10 00:37:32.191] 6639,72,98,0.0
[2026-05-10 00:37:32.509] [GetTemp--2147478764]:i2c write failed
[2026-05-10 00:37:32.509] 6640,72,98,0.0
[2026-05-10 00:37:32.604] [GetTemp--2147478764]:i2c write failed
[2026-05-10 00:37:32.604] 6641,72,98,0.0
[2026-05-10 00:37:32.699] [GetTemp--2147478764]:i2c write failed
[2026-05-10 00:37:32.699] 6642,72,98,0.0
[2026-05-10 00:37:32.808] [GetTemp--2147478764]:i2c write failed
[2026-05-10 00:37:32.808] 6643,72,98,0.0
[2026-05-10 00:37:32.902] [GetTemp--2147478764]:i2c write failed
[2026-05-10 00:37:32.903] 6644,72,98,0.0
[2026-05-10 00:37:33.131] HR=82 SpO2=98 (raw:82/98 valid:1/1 sqi:1)
[2026-05-10 00:37:33.211] [GetTemp--2147478764]:i2c write failed
[2026-05-10 00:37:33.211] 6645,72,98,0.0
[2026-05-10 00:37:33.307] [GetTemp--2147478764]:i2c write failed
[2026-05-10 00:37:33.307] 6646,72,98,0.0
[2026-05-10 00:37:33.419] [GetTemp--2147478764]:i2c write failed
[2026-05-10 00:37:33.419] 6647,72,98,0.0
[2026-05-10 00:37:33.515] [GetTemp--2147478764]:i2c write failed
[2026-05-10 00:37:33.515] 6648,72,98,0.0
[2026-05-10 00:37:33.610] [GetTemp--2147478764]:i2c write failed
[2026-05-10 00:37:33.610] 6649,72,98,0.0
[2026-05-10 00:37:33.926] [GetTemp--2147478764]:i2c write failed
[2026-05-10 00:37:33.926] 6650,72,98,0.0
[2026-05-10 00:37:34.019] [GetTemp--2147478764]:i2c write failed
[2026-05-10 00:37:34.022] 6651,72,98,0.0
[2026-05-10 00:37:34.122] [GetTemp--2147478764]:i2c write failed
[2026-05-10 00:37:34.122] 6652,72,98,0.0
[2026-05-10 00:37:34.143] HR=82 SpO2=98 (raw:81/99 valid:1/1 sqi:1)
[2026-05-10 00:37:34.233] [GetTemp--2147478764]:i2c write failed
[2026-05-10 00:37:34.233] 6653,72,98,0.0
[2026-05-10 00:37:34.328] [GetTemp--2147478764]:i2c write failed
[2026-05-10 00:37:34.328] 6654,72,98,0.0
[2026-05-10 00:37:34.630] [GetTemp--2147478764]:i2c write failed
[2026-05-10 00:37:34.630] 6655,72,98,0.0
[2026-05-10 00:37:34.740] [GetTemp--2147478764]:i2c write failed
[2026-05-10 00:37:34.740] 6656,72,98,0.0
[2026-05-10 00:37:34.834] [GetTemp--2147478764]:i2c write failed
[2026-05-10 00:37:34.834] 6657,72,98,0.0
[2026-05-10 00:37:34.928] [GetTemp--2147478764]:i2c write failed
[2026-05-10 00:37:34.930] 6658,72,98,0.0
[2026-05-10 00:37:35.031] [GetTemp--2147478764]:i2c write failed
[2026-05-10 00:37:35.047] 6659,72,98,0.0
[2026-05-10 00:37:35.350] [GetTemp--2147478764]:i2c write failed
[2026-05-10 00:37:35.350] 6660,72,98,0.0
[2026-05-10 00:37:35.413] HR=82 SpO2=98 (raw:81/97 valid:1/1 sqi:1)
[2026-05-10 00:37:35.429] [GetTemp--2147478764]:i2c write failed
[2026-05-10 00:37:35.429] 6661,72,98,0.0
[2026-05-10 00:37:35.541] [GetTemp--2147478764]:i2c write failed
[2026-05-10 00:37:35.541] 6662,72,98,0.0
[2026-05-10 00:37:35.653] [GetTemp--2147478764]:i2c write failed
[2026-05-10 00:37:35.653] 6663,72,98,0.0
[2026-05-10 00:37:35.747] [GetTemp--2147478764]:i2c write failed
[2026-05-10 00:37:35.748] 6664,72,98,0.0
[2026-05-10 00:37:36.056] [GetTemp--2147478764]:i2c write failed
[2026-05-10 00:37:36.057] 6665,72,98,0.0
[2026-05-10 00:37:36.151] [GetTemp--2147478764]:i2c write failed
[2026-05-10 00:37:36.151] 6666,72,98,0.0
[2026-05-10 00:37:36.263] [GetTemp--2147478764]:i2c write failed
[2026-05-10 00:37:36.263] 6667,72,98,0.0
[2026-05-10 00:37:36.359] [GetTemp--2147478764]:i2c write failed
[2026-05-10 00:37:36.359] 6668,72,98,0.0
[2026-05-10 00:37:36.439] HR=82 SpO2=98 (raw:82/97 valid:1/1 sqi:1)
[2026-05-10 00:37:36.441] [GetTemp--2147478764]:i2c write failed
[2026-05-10 00:37:36.441] 6669,72,98,0.0
[2026-05-10 00:37:36.772] [GetTemp--2147478764]:i2c write failed
[2026-05-10 00:37:36.772] 6670,72,98,0.0
[2026-05-10 00:37:36.866] [GetTemp--2147478764]:i2c write failed
[2026-05-10 00:37:36.866] 6671,72,98,0.0
[2026-05-10 00:37:36.968] [GetTemp--2147478764]:i2c write failed
[2026-05-10 00:37:36.968] 6672,72,98,0.0
[2026-05-10 00:37:37.064] [GetTemp--2147478764]:i2c write failed
[2026-05-10 00:37:37.065] 6673,72,98,0.0
[2026-05-10 00:37:37.159] [GetTemp--2147478764]:i2c write failed
[2026-05-10 00:37:37.159] 6674,72,98,0.0
[2026-05-10 00:37:37.477] [GetTemp--2147478764]:i2c write failed
[2026-05-10 00:37:37.479] 6675,72,98,0.0
[2026-05-10 00:37:37.541] HR=82 SpO2=97 (raw:85/97 valid:1/1 sqi:1)
[2026-05-10 00:37:37.573] [GetTemp--2147478764]:i2c write failed
[2026-05-10 00:37:37.573] 6676,72,97,0.0
[2026-05-10 00:37:37.682] [GetTemp--2147478764]:i2c write failed
[2026-05-10 00:37:37.683] 6677,72,97,0.0
[2026-05-10 00:37:37.775] [GetTemp--2147478764]:i2c write failed
[2026-05-10 00:37:37.775] 6678,72,97,0.0
[2026-05-10 00:37:37.869] [GetTemp--2147478764]:i2c write failed
[2026-05-10 00:37:37.871] 6679,72,97,0.0
[2026-05-10 00:37:38.181] [GetTemp--2147478764]:i2c write failed
[2026-05-10 00:37:38.181] 6680,72,97,0.0
[2026-05-10 00:37:38.292] [GetTemp--2147478764]:i2c write failed
[2026-05-10 00:37:38.292] 6681,72,97,0.0
[2026-05-10 00:37:38.388] [GetTemp--2147478764]:i2c write failed
[2026-05-10 00:37:38.389] 6682,72,97,0.0
[2026-05-10 00:37:38.484] [GetTemp--2147478764]:i2c write failed
[2026-05-10 00:37:38.484] 6683,72,97,0.0
[2026-05-10 00:37:38.579] HR=82 SpO2=97 (raw:86/97 valid:1/1 sqi:1)
[2026-05-10 00:37:38.579] [GetTemp--2147478764]:i2c write failed
[2026-05-10 00:37:38.579] 6684,72,97,0.0
[2026-05-10 00:37:38.894] [GetTemp--2147478764]:i2c write failed
[2026-05-10 00:37:38.894] 6685,72,97,0.0
[2026-05-10 00:37:38.988] [GetTemp--2147478764]:i2c write failed
[2026-05-10 00:37:38.991] 6686,72,97,0.0
[2026-05-10 00:37:39.092] [GetTemp--2147478764]:i2c write failed
[2026-05-10 00:37:39.092] 6687,72,97,0.0
[2026-05-10 00:37:39.202] [GetTemp--2147478764]:i2c write failed
[2026-05-10 00:37:39.202] 6688,72,97,0.0
[2026-05-10 00:37:39.297] [GetTemp--2147478764]:i2c write failed
[2026-05-10 00:37:39.297] 6689,72,97,0.0
[2026-05-10 00:37:39.600] [GetTemp--2147478764]:i2c write failed
[2026-05-10 00:37:39.600] 6690,72,97,0.0
[2026-05-10 00:37:39.711] [GetTemp--2147478764]:i2c write failed
[2026-05-10 00:37:39.712] 6691,72,97,0.0
[2026-05-10 00:37:39.804] [GetTemp--2147478764]:i2c write failed
[2026-05-10 00:37:39.804] 6692,72,97,0.0
[2026-05-10 00:37:39.821] HR=85 SpO2=97 (raw:86/98 valid:1/1 sqi:1)
[2026-05-10 00:37:39.897] [GetTemp--2147478764]:i2c write failed
[2026-05-10 00:37:39.900] 6693,75,97,0.0
[2026-05-10 00:37:40.000] [GetTemp--2147478764]:i2c write failed
[2026-05-10 00:37:40.000] 6694,75,97,0.0
[2026-05-10 00:37:40.319] [GetTemp--2147478764]:i2c write failed
[2026-05-10 00:37:40.319] 6695,75,97,0.0
[2026-05-10 00:37:40.415] [GetTemp--2147478764]:i2c write failed
[2026-05-10 00:37:40.415] 6696,75,97,0.0
[2026-05-10 00:37:40.510] [GetTemp--2147478764]:i2c write failed
[2026-05-10 00:37:40.512] 6697,75,97,0.0
[2026-05-10 00:37:40.621] [GetTemp--2147478764]:i2c write failed
[2026-05-10 00:37:40.621] 6698,75,97,0.0
[2026-05-10 00:37:40.715] [GetTemp--2147478764]:i2c write failed
[2026-05-10 00:37:40.717] 6699,75,97,0.0
[2026-05-10 00:37:40.950] HR=86 SpO2=97 (raw:88/97 valid:1/1 sqi:1)
[2026-05-10 00:37:41.022] [GetTemp--2147478764]:i2c write failed
[2026-05-10 00:37:41.022] 6700,76,97,0.0
[2026-05-10 00:37:41.118] [GetTemp--2147478764]:i2c write failed
[2026-05-10 00:37:41.119] 6701,76,97,0.0
[2026-05-10 00:37:41.229] [GetTemp--2147478764]:i2c write failed
[2026-05-10 00:37:41.229] 6702,76,97,0.0
[2026-05-10 00:37:41.325] [GetTemp--2147478764]:i2c write failed
[2026-05-10 00:37:41.325] 6703,76,97,0.0
[2026-05-10 00:37:41.419] [GetTemp--2147478764]:i2c write failed
[2026-05-10 00:37:41.419] 6704,76,97,0.0
[2026-05-10 00:37:41.736] [GetTemp--2147478764]:i2c write failed
[2026-05-10 00:37:41.737] 6705,76,97,0.0
[2026-05-10 00:37:41.829] [GetTemp--2147478764]:i2c write failed
[2026-05-10 00:37:41.834] 6706,76,97,0.0
[2026-05-10 00:37:41.938] [GetTemp--2147478764]:i2c write failed
[2026-05-10 00:37:41.938] 6707,76,97,0.0
[2026-05-10 00:37:41.954] HR=86 SpO2=97 (raw:90/98 valid:1/1 sqi:1)
[2026-05-10 00:37:42.042] [GetTemp--2147478764]:i2c write failed
[2026-05-10 00:37:42.042] 6708,76,97,0.0
[2026-05-10 00:37:42.138] [GetTemp--2147478764]:i2c write failed
[2026-05-10 00:37:42.138] 6709,76,97,0.0
[2026-05-10 00:37:42.439] [GetTemp--2147478764]:i2c write failed
[2026-05-10 00:37:42.442] 6710,76,97,0.0
[2026-05-10 00:37:42.551] [GetTemp--2147478764]:i2c write failed
[2026-05-10 00:37:42.551] 6711,76,97,0.0
[2026-05-10 00:37:42.647] [GetTemp--2147478764]:i2c write failed
[2026-05-10 00:37:42.647] 6712,76,97,0.0
[2026-05-10 00:37:42.742] [GetTemp--2147478764]:i2c write failed
[2026-05-10 00:37:42.742] 6713,76,97,0.0
[2026-05-10 00:37:42.852] [GetTemp--2147478764]:i2c write failed
[2026-05-10 00:37:42.852] 6714,76,97,0.0
[2026-05-10 00:37:43.079] HR=88 SpO2=97 (raw:90/97 valid:1/1 sqi:1)
[2026-05-10 00:37:43.158] [GetTemp--2147478764]:i2c write failed
[2026-05-10 00:37:43.158] 6715,78,97,0.0
[2026-05-10 00:37:43.254] [GetTemp--2147478764]:i2c write failed
[2026-05-10 00:37:43.254] 6716,78,97,0.0
[2026-05-10 00:37:43.348] [GetTemp--2147478764]:i2c write failed
[2026-05-10 00:37:43.348] 6717,78,97,0.0
[2026-05-10 00:37:43.458] [GetTemp--2147478764]:i2c write failed
[2026-05-10 00:37:43.458] 6718,78,97,0.0
[2026-05-10 00:37:43.554] [GetTemp--2147478764]:i2c write failed
[2026-05-10 00:37:43.554] 6719,78,97,0.0
[2026-05-10 00:37:43.868] [GetTemp--2147478764]:i2c write failed
[2026-05-10 00:37:43.869] 6720,78,97,0.0
[2026-05-10 00:37:43.961] [GetTemp--2147478764]:i2c write failed
[2026-05-10 00:37:43.961] 6721,78,97,0.0
[2026-05-10 00:37:44.064] [GetTemp--2147478764]:i2c write failed
[2026-05-10 00:37:44.064] 6722,78,97,0.0
[2026-05-10 00:37:44.158] [GetTemp--2147478764]:i2c write failed
[2026-05-10 00:37:44.174] 6723,78,97,0.0
[2026-05-10 00:37:44.254] HR=90 SpO2=98 (raw:92/98 valid:1/1 sqi:1)
[2026-05-10 00:37:44.254] [GetTemp--2147478764]:i2c write failed
[2026-05-10 00:37:44.254] 6724,80,98,0.0
[2026-05-10 00:37:44.573] [GetTemp--2147478764]:i2c write failed
[2026-05-10 00:37:44.573] 6725,80,98,0.0
[2026-05-10 00:37:44.669] [GetTemp--2147478764]:i2c write failed
[2026-05-10 00:37:44.669] 6726,80,98,0.0
[2026-05-10 00:37:44.780] [GetTemp--2147478764]:i2c write failed
[2026-05-10 00:37:44.780] 6727,80,98,0.0
[2026-05-10 00:37:44.874] [GetTemp--2147478764]:i2c write failed
[2026-05-10 00:37:44.875] 6728,80,98,0.0
[2026-05-10 00:37:44.968] [GetTemp--2147478764]:i2c write failed
[2026-05-10 00:37:44.971] 6729,80,98,0.0
[2026-05-10 00:37:45.282] [GetTemp--2147478764]:i2c write failed
[2026-05-10 00:37:45.282] 6730,80,98,0.0
[2026-05-10 00:37:45.362] HR=90 SpO2=98 (raw:92/98 valid:1/1 sqi:1)
[2026-05-10 00:37:45.378] [GetTemp--2147478764]:i2c write failed
[2026-05-10 00:37:45.378] 6731,80,98,0.0
[2026-05-10 00:37:45.489] [GetTemp--2147478764]:i2c write failed
[2026-05-10 00:37:45.489] 6732,80,98,0.0
[2026-05-10 00:37:45.584] [GetTemp--2147478764]:i2c write failed
[2026-05-10 00:37:45.584] 6733,80,98,0.0
[2026-05-10 00:37:45.680] [GetTemp--2147478764]:i2c write failed
[2026-05-10 00:37:45.681] 6734,80,98,0.0
[2026-05-10 00:37:45.993] [GetTemp--2147478764]:i2c write failed
[2026-05-10 00:37:45.993] 6735,80,98,0.0
[2026-05-10 00:37:46.092] [GetTemp--2147478764]:i2c write failed
[2026-05-10 00:37:46.092] 6736,80,98,0.0
[2026-05-10 00:37:46.188] [GetTemp--2147478764]:i2c write failed
[2026-05-10 00:37:46.204] 6737,80,98,0.0
[2026-05-10 00:37:46.299] [GetTemp--2147478764]:i2c write failed
[2026-05-10 00:37:46.299] 6738,80,98,0.0
[2026-05-10 00:37:46.395] HR=92 SpO2=98 (raw:100/97 valid:1/1 sqi:1)
[2026-05-10 00:37:46.395] [GetTemp--2147478764]:i2c write failed
[2026-05-10 00:37:46.395] 6739,82,98,0.0
[2026-05-10 00:37:46.713] [GetTemp--2147478764]:i2c write failed
[2026-05-10 00:37:46.713] 6740,82,98,0.0
[2026-05-10 00:37:46.808] [GetTemp--2147478764]:i2c write failed
[2026-05-10 00:37:46.808] 6741,82,98,0.0
[2026-05-10 00:37:46.902] [GetTemp--2147478764]:i2c write failed
[2026-05-10 00:37:46.902] 6742,82,98,0.0
[2026-05-10 00:37:47.013] [GetTemp--2147478764]:i2c write failed
[2026-05-10 00:37:47.014] 6743,82,98,0.0
[2026-05-10 00:37:47.112] [GetTemp--2147478764]:i2c write failed
[2026-05-10 00:37:47.112] 6744,82,98,0.0
[2026-05-10 00:37:47.351] HR=92 SpO2=97 (raw:100/97 valid:1/1 sqi:1)
[2026-05-10 00:37:47.414] [GetTemp--2147478764]:i2c write failed
[2026-05-10 00:37:47.414] 6745,82,97,0.0
[2026-05-10 00:37:47.509] [GetTemp--2147478764]:i2c write failed
[2026-05-10 00:37:47.509] 6746,82,97,0.0
[2026-05-10 00:37:47.621] [GetTemp--2147478764]:i2c write failed
[2026-05-10 00:37:47.621] 6747,82,97,0.0
[2026-05-10 00:37:47.715] [GetTemp--2147478764]:i2c write failed
[2026-05-10 00:37:47.715] 6748,82,97,0.0
[2026-05-10 00:37:47.809] [GetTemp--2147478764]:i2c write failed
[2026-05-10 00:37:47.824] 6749,82,97,0.0
[2026-05-10 00:37:48.131] [GetTemp--2147478764]:i2c write failed
[2026-05-10 00:37:48.131] 6750,82,97,0.0
[2026-05-10 00:37:48.227] [GetTemp--2147478764]:i2c write failed
[2026-05-10 00:37:48.227] 6751,82,97,0.0
[2026-05-10 00:37:48.323] [GetTemp--2147478764]:i2c write failed
[2026-05-10 00:37:48.323] 6752,82,97,0.0
[2026-05-10 00:37:48.418] [GetTemp--2147478764]:i2c write failed
[2026-05-10 00:37:48.418] 6753,82,97,0.0
[2026-05-10 00:37:48.530] [GetTemp--2147478764]:i2c write failed
[2026-05-10 00:37:48.530] 6754,82,97,0.0
[2026-05-10 00:37:48.753] HR=100 SpO2=98 (raw:100/98 valid:1/1 sqi:1)
[2026-05-10 00:37:48.832] [GetTemp--2147478764]:i2c write failed
[2026-05-10 00:37:48.832] 6755,90,98,0.0
[2026-05-10 00:37:48.941] [GetTemp--2147478764]:i2c write failed
[2026-05-10 00:37:48.942] 6756,90,98,0.0
[2026-05-10 00:37:49.035] [GetTemp--2147478764]:i2c write failed
[2026-05-10 00:37:49.035] 6757,90,98,0.0
[2026-05-10 00:37:49.137] [GetTemp--2147478764]:i2c write failed
[2026-05-10 00:37:49.137] 6758,90,98,0.0
[2026-05-10 00:37:49.233] [GetTemp--2147478764]:i2c write failed
[2026-05-10 00:37:49.233] 6759,90,98,0.0
[2026-05-10 00:37:49.552] [GetTemp--2147478764]:i2c write failed
[2026-05-10 00:37:49.552] 6760,90,98,0.0
[2026-05-10 00:37:49.648] [GetTemp--2147478764]:i2c write failed
[2026-05-10 00:37:49.648] 6761,90,98,0.0
[2026-05-10 00:37:49.743] [GetTemp--2147478764]:i2c write failed
[2026-05-10 00:37:49.743] 6762,90,98,0.0
[2026-05-10 00:37:49.762] HR=100 SpO2=98 (raw:83/98 valid:1/1 sqi:1)
[2026-05-10 00:37:49.853] [GetTemp--2147478764]:i2c write failed
[2026-05-10 00:37:49.854] 6763,90,98,0.0
[2026-05-10 00:37:49.948] [GetTemp--2147478764]:i2c write failed
[2026-05-10 00:37:49.948] 6764,90,98,0.0
[2026-05-10 00:37:50.256] [GetTemp--2147478764]:i2c write failed
[2026-05-10 00:37:50.256] 6765,90,98,0.0
[2026-05-10 00:37:50.352] [GetTemp--2147478764]:i2c write failed
[2026-05-10 00:37:50.352] 6766,90,98,0.0
[2026-05-10 00:37:50.448] [GetTemp--2147478764]:i2c write failed
[2026-05-10 00:37:50.450] 6767,90,98,0.0
[2026-05-10 00:37:50.559] [GetTemp--2147478764]:i2c write failed
[2026-05-10 00:37:50.559] 6768,90,98,0.0
[2026-05-10 00:37:50.655] [GetTemp--2147478764]:i2c write failed
[2026-05-10 00:37:50.655] 6769,90,98,0.0
[2026-05-10 00:37:50.890] HR=100 SpO2=98 (raw:83/98 valid:1/1 sqi:1)
[2026-05-10 00:37:50.969] [GetTemp--2147478764]:i2c write failed
[2026-05-10 00:37:50.969] 6770,90,98,0.0
[2026-05-10 00:37:51.064] [GetTemp--2147478764]:i2c write failed
[2026-05-10 00:37:51.064] 6771,90,98,0.0
[2026-05-10 00:37:51.159] [GetTemp--2147478764]:i2c write failed
[2026-05-10 00:37:51.162] 6772,90,98,0.0
[2026-05-10 00:37:51.271] [GetTemp--2147478764]:i2c write failed
[2026-05-10 00:37:51.271] 6773,90,98,0.0
[2026-05-10 00:37:51.365] [GetTemp--2147478764]:i2c write failed
[2026-05-10 00:37:51.365] 6774,90,98,0.0
[2026-05-10 00:37:51.668] [GetTemp--2147478764]:i2c write failed
[2026-05-10 00:37:51.669] 6775,90,98,0.0
[2026-05-10 00:37:51.778] [GetTemp--2147478764]:i2c write failed
[2026-05-10 00:37:51.778] 6776,90,98,0.0
[2026-05-10 00:37:51.871] [GetTemp--2147478764]:i2c write failed
[2026-05-10 00:37:51.871] 6777,90,98,0.0
[2026-05-10 00:37:51.901] HR=85 SpO2=98 (raw:78/97 valid:1/1 sqi:1)
[2026-05-10 00:37:51.980] [GetTemp--2147478764]:i2c write failed
[2026-05-10 00:37:51.980] 6778,75,98,0.0
[2026-05-10 00:37:52.067] [GetTemp--2147478764]:i2c write failed
[2026-05-10 00:37:52.070] 6779,75,98,0.0
[2026-05-10 00:37:52.385] [GetTemp--2147478764]:i2c write failed
[2026-05-10 00:37:52.385] 6780,75,98,0.0
[2026-05-10 00:37:52.480] [GetTemp--2147478764]:i2c write failed
[2026-05-10 00:37:52.482] 6781,75,98,0.0
[2026-05-10 00:37:52.591] [GetTemp--2147478764]:i2c write failed
[2026-05-10 00:37:52.591] 6782,75,98,0.0
[2026-05-10 00:37:52.686] [GetTemp--2147478764]:i2c write failed
[2026-05-10 00:37:52.687] 6783,75,98,0.0
[2026-05-10 00:37:52.780] [GetTemp--2147478764]:i2c write failed
[2026-05-10 00:37:52.781] 6784,75,98,0.0
[2026-05-10 00:37:53.091] [GetTemp--2147478764]:i2c write failed
[2026-05-10 00:37:53.091] 6785,75,98,0.0
[2026-05-10 00:37:53.171] HR=85 SpO2=98 (raw:78/98 valid:1/1 sqi:1)
[2026-05-10 00:37:53.187] [GetTemp--2147478764]:i2c write failed
[2026-05-10 00:37:53.187] 6786,75,98,0.0
[2026-05-10 00:37:53.298] [GetTemp--2147478764]:i2c write failed
[2026-05-10 00:37:53.298] 6787,75,98,0.0
[2026-05-10 00:37:53.393] [GetTemp--2147478764]:i2c write failed
[2026-05-10 00:37:53.393] 6788,75,98,0.0
[2026-05-10 00:37:53.489] [GetTemp--2147478764]:i2c write failed
[2026-05-10 00:37:53.489] 6789,75,98,0.0
[2026-05-10 00:37:53.805] [GetTemp--2147478764]:i2c write failed
[2026-05-10 00:37:53.805] 6790,75,98,0.0
[2026-05-10 00:37:53.899] [GetTemp--2147478764]:i2c write failed
[2026-05-10 00:37:53.915] 6791,75,98,0.0
[2026-05-10 00:37:54.016] [GetTemp--2147478764]:i2c write failed
[2026-05-10 00:37:54.017] 6792,75,98,0.0
[2026-05-10 00:37:54.111] [GetTemp--2147478764]:i2c write failed
[2026-05-10 00:37:54.112] 6793,75,98,0.0
[2026-05-10 00:37:54.191] HR=85 SpO2=98 (raw:78/98 valid:1/1 sqi:1)
[2026-05-10 00:37:54.207] [GetTemp--2147478764]:i2c write failed
[2026-05-10 00:37:54.207] 6794,75,98,0.0
[2026-05-10 00:37:54.511] [GetTemp--2147478764]:i2c write failed
[2026-05-10 00:37:54.511] 6795,75,98,0.0
[2026-05-10 00:37:54.623] [GetTemp--2147478764]:i2c write failed
[2026-05-10 00:37:54.623] 6796,75,98,0.0
[2026-05-10 00:37:54.718] [GetTemp--2147478764]:i2c write failed
[2026-05-10 00:37:54.719] 6797,75,98,0.0
[2026-05-10 00:37:54.812] [GetTemp--2147478764]:i2c write failed
[2026-05-10 00:37:54.813] 6798,75,98,0.0
[2026-05-10 00:37:54.921] [GetTemp--2147478764]:i2c write failed
[2026-05-10 00:37:54.922] 6799,75,98,0.0
[2026-05-10 00:37:55.224] [GetTemp--2147478764]:i2c write failed
[2026-05-10 00:37:55.224] 6800,75,98,0.0
[2026-05-10 00:37:55.304] HR=78 SpO2=98 (raw:78/98 valid:1/1 sqi:1)
[2026-05-10 00:37:55.320] [GetTemp--2147478764]:i2c write failed
[2026-05-10 00:37:55.322] 6801,68,98,0.0
[2026-05-10 00:37:55.432] [GetTemp--2147478764]:i2c write failed
[2026-05-10 00:37:55.435] 6802,68,98,0.0
[2026-05-10 00:37:55.529] [GetTemp--2147478764]:i2c write failed
[2026-05-10 00:37:55.529] 6803,68,98,0.0
[2026-05-10 00:37:55.624] [GetTemp--2147478764]:i2c write failed
[2026-05-10 00:37:55.624] 6804,68,98,0.0
[2026-05-10 00:37:55.938] [GetTemp--2147478764]:i2c write failed
[2026-05-10 00:37:55.938] 6805,68,98,0.0
[2026-05-10 00:37:56.040] [GetTemp--2147478764]:i2c write failed
[2026-05-10 00:37:56.040] 6806,68,98,0.0
[2026-05-10 00:37:56.136] [GetTemp--2147478764]:i2c write failed
[2026-05-10 00:37:56.137] 6807,68,98,0.0
[2026-05-10 00:37:56.231] [GetTemp--2147478764]:i2c write failed
[2026-05-10 00:37:56.231] 6808,68,98,0.0
[2026-05-10 00:37:56.311] HR=78 SpO2=98 (raw:78/99 valid:1/1 sqi:1)
[2026-05-10 00:37:56.329] [GetTemp--2147478764]:i2c write failed
[2026-05-10 00:37:56.329] 6809,68,98,0.0
[2026-05-10 00:37:56.647] [GetTemp--2147478764]:i2c write failed
[2026-05-10 00:37:56.647] 6810,68,98,0.0
[2026-05-10 00:37:56.740] [GetTemp--2147478764]:i2c write failed
[2026-05-10 00:37:56.741] 6811,68,98,0.0
[2026-05-10 00:37:56.850] [GetTemp--2147478764]:i2c write failed
[2026-05-10 00:37:56.851] 6812,68,98,0.0
[2026-05-10 00:37:56.949] [GetTemp--2147478764]:i2c write failed
[2026-05-10 00:37:56.949] 6813,68,98,0.0
[2026-05-10 00:37:57.047] [GetTemp--2147478764]:i2c write failed
[2026-05-10 00:37:57.047] 6814,68,98,0.0
[2026-05-10 00:37:57.349] [GetTemp--2147478764]:i2c write failed
[2026-05-10 00:37:57.349] 6815,68,98,0.0
[2026-05-10 00:37:57.461] [GetTemp--2147478764]:i2c write failed
[2026-05-10 00:37:57.461] 6816,68,98,0.0
[2026-05-10 00:37:57.557] [GetTemp--2147478764]:i2c write failed
[2026-05-10 00:37:57.557] 6817,68,98,0.0
[2026-05-10 00:37:57.571] HR=78 SpO2=98 (raw:80/97 valid:1/1 sqi:1)
[2026-05-10 00:37:57.651] [GetTemp--2147478764]:i2c write failed
[2026-05-10 00:37:57.651] 6818,68,98,0.0
[2026-05-10 00:37:57.761] [GetTemp--2147478764]:i2c write failed
[2026-05-10 00:37:57.762] 6819,68,98,0.0
[2026-05-10 00:37:58.062] [GetTemp--2147478764]:i2c write failed
[2026-05-10 00:37:58.062] 6820,68,98,0.0
[2026-05-10 00:37:58.173] [GetTemp--2147478764]:i2c write failed
[2026-05-10 00:37:58.173] 6821,68,98,0.0
[2026-05-10 00:37:58.269] [GetTemp--2147478764]:i2c write failed
[2026-05-10 00:37:58.269] 6822,68,98,0.0
[2026-05-10 00:37:58.365] [GetTemp--2147478764]:i2c write failed
[2026-05-10 00:37:58.365] 6823,68,98,0.0
[2026-05-10 00:37:58.460] [GetTemp--2147478764]:i2c write failed
[2026-05-10 00:37:58.463] 6824,68,98,0.0
[2026-05-10 00:37:58.699] HR=78 SpO2=98 (raw:82/97 valid:1/1 sqi:1)
[2026-05-10 00:37:58.777] [GetTemp--2147478764]:i2c write failed
[2026-05-10 00:37:58.777] 6825,68,98,0.0
[2026-05-10 00:37:58.870] [GetTemp--2147478764]:i2c write failed
[2026-05-10 00:37:58.872] 6826,68,98,0.0
[2026-05-10 00:37:58.973] [GetTemp--2147478764]:i2c write failed
[2026-05-10 00:37:58.973] 6827,68,98,0.0
[2026-05-10 00:37:59.069] [GetTemp--2147478764]:i2c write failed
[2026-05-10 00:37:59.084] 6828,68,98,0.0
[2026-05-10 00:37:59.179] [GetTemp--2147478764]:i2c write failed
[2026-05-10 00:37:59.179] 6829,68,98,0.0
[2026-05-10 00:37:59.482] [GetTemp--2147478764]:i2c write failed
[2026-05-10 00:37:59.482] 6830,68,98,0.0
[2026-05-10 00:37:59.578] [GetTemp--2147478764]:i2c write failed
[2026-05-10 00:37:59.579] 6831,68,98,0.0
[2026-05-10 00:37:59.687] [GetTemp--2147478764]:i2c write failed
[2026-05-10 00:37:59.688] 6832,68,98,0.0
[2026-05-10 00:37:59.703] HR=80 SpO2=97 (raw:83/97 valid:1/1 sqi:1)
[2026-05-10 00:37:59.781] [GetTemp--2147478764]:i2c write failed
[2026-05-10 00:37:59.781] 6833,70,97,0.0
[2026-05-10 00:37:59.890] [GetTemp--2147478764]:i2c write failed
[2026-05-10 00:37:59.890] 6834,70,97,0.0
[2026-05-10 00:38:00.201] [GetTemp--2147478764]:i2c write failed
[2026-05-10 00:38:00.201] 6835,70,97,0.0
[2026-05-10 00:38:00.297] [GetTemp--2147478764]:i2c write failed
[2026-05-10 00:38:00.298] 6836,70,97,0.0
[2026-05-10 00:38:00.393] [GetTemp--2147478764]:i2c write failed
[2026-05-10 00:38:00.393] 6837,70,97,0.0
[2026-05-10 00:38:00.489] [GetTemp--2147478764]:i2c write failed
[2026-05-10 00:38:00.491] 6838,70,97,0.0
[2026-05-10 00:38:00.600] [GetTemp--2147478764]:i2c write failed
[2026-05-10 00:38:00.600] 6839,70,97,0.0
[2026-05-10 00:38:00.821] HR=82 SpO2=97 (raw:86/97 valid:1/1 sqi:1)
[2026-05-10 00:38:00.899] [GetTemp--2147478764]:i2c write failed
[2026-05-10 00:38:00.914] 6840,72,97,0.0
[2026-05-10 00:38:01.001] [GetTemp--2147478764]:i2c write failed
[2026-05-10 00:38:01.001] 6841,72,97,0.0
[2026-05-10 00:38:01.113] [GetTemp--2147478764]:i2c write failed
[2026-05-10 00:38:01.113] 6842,72,97,0.0
[2026-05-10 00:38:01.209] [GetTemp--2147478764]:i2c write failed
[2026-05-10 00:38:01.209] 6843,72,97,0.0
[2026-05-10 00:38:01.305] [GetTemp--2147478764]:i2c write failed
[2026-05-10 00:38:01.306] 6844,72,97,0.0
[2026-05-10 00:38:01.622] [GetTemp--2147478764]:i2c write failed
[2026-05-10 00:38:01.623] 6845,72,97,0.0
[2026-05-10 00:38:01.715] [GetTemp--2147478764]:i2c write failed
[2026-05-10 00:38:01.715] 6846,72,97,0.0
[2026-05-10 00:38:01.808] [GetTemp--2147478764]:i2c write failed
[2026-05-10 00:38:01.811] 6847,72,97,0.0
[2026-05-10 00:38:01.913] [GetTemp--2147478764]:i2c write failed
[2026-05-10 00:38:01.913] 6848,72,97,0.0
[2026-05-10 00:38:02.009] HR=82 SpO2=97 (raw:81/98 valid:1/1 sqi:1)
[2026-05-10 00:38:02.009] [GetTemp--2147478764]:i2c write failed
[2026-05-10 00:38:02.011] 6849,72,97,0.0
[2026-05-10 00:38:02.327] [GetTemp--2147478764]:i2c write failed
[2026-05-10 00:38:02.327] 6850,72,97,0.0
[2026-05-10 00:38:02.327] ReadLicenseData(), failed to get licdata string
[2026-05-10 00:38:02.343] VerifyLicense(), cannot read license data files
[2026-05-10 00:38:02.343] license_task_main() verify license invalid, reboot after 46 mins
[2026-05-10 00:38:02.423] [GetTemp--2147478764]:i2c write failed
[2026-05-10 00:38:02.423] 6851,72,97,0.0
[2026-05-10 00:38:02.513] [GetTemp--2147478764]:i2c write failed
[2026-05-10 00:38:02.519] 6852,72,97,0.0
[2026-05-10 00:38:02.628] [GetTemp--2147478764]:i2c write failed
[2026-05-10 00:38:02.628] 6853,72,97,0.0
[2026-05-10 00:38:02.723] [GetTemp--2147478764]:i2c write failed
[2026-05-10 00:38:02.723] 6854,72,97,0.0
[2026-05-10 00:38:03.027] [GetTemp--2147478764]:i2c write failed
[2026-05-10 00:38:03.030] 6855,72,97,0.0
[2026-05-10 00:38:03.103] HR=82 SpO2=97 (raw:77/98 valid:1/1 sqi:1)
[2026-05-10 00:38:03.118] [GetTemp--2147478764]:i2c write failed
[2026-05-10 00:38:03.118] 6856,72,97,0.0
[2026-05-10 00:38:03.230] [GetTemp--2147478764]:i2c write failed
[2026-05-10 00:38:03.230] 6857,72,97,0.0
[2026-05-10 00:38:03.326] [GetTemp--2147478764]:i2c write failed
[2026-05-10 00:38:03.330] 6858,72,97,0.0
[2026-05-10 00:38:03.427] [GetTemp--2147478764]:i2c write failed
[2026-05-10 00:38:03.431] 6859,72,97,0.0
[2026-05-10 00:38:03.737] [GetTemp--2147478764]:i2c write failed
[2026-05-10 00:38:03.737] 6860,72,97,0.0
[2026-05-10 00:38:03.833] [GetTemp--2147478764]:i2c write failed
[2026-05-10 00:38:03.833] 6861,72,97,0.0
[2026-05-10 00:38:03.931] [GetTemp--2147478764]:i2c write failed
[2026-05-10 00:38:03.931] 6862,72,97,0.0
[2026-05-10 00:38:04.023] [GetTemp--2147478764]:i2c write failed
[2026-05-10 00:38:04.039] 6863,72,97,0.0
[2026-05-10 00:38:04.118] HR=81 SpO2=97 (raw:75/97 valid:1/1 sqi:1)
[2026-05-10 00:38:04.137] [GetTemp--2147478764]:i2c write failed
[2026-05-10 00:38:04.137] 6864,71,97,0.0
[2026-05-10 00:38:04.452] [GetTemp--2147478764]:i2c write failed
[2026-05-10 00:38:04.453] 6865,71,97,0.0
[2026-05-10 00:38:04.564] [GetTemp--2147478764]:i2c write failed
[2026-05-10 00:38:04.564] 6866,71,97,0.0
[2026-05-10 00:38:04.658] [GetTemp--2147478764]:i2c write failed
[2026-05-10 00:38:04.658] 6867,71,97,0.0
[2026-05-10 00:38:04.754] [GetTemp--2147478764]:i2c write failed
[2026-05-10 00:38:04.754] 6868,71,97,0.0
[2026-05-10 00:38:04.849] [GetTemp--2147478764]:i2c write failed
[2026-05-10 00:38:04.851] 6869,71,97,0.0
[2026-05-10 00:38:05.168] [GetTemp--2147478764]:i2c write failed
[2026-05-10 00:38:05.168] 6870,71,97,0.0
[2026-05-10 00:38:05.232] HR=77 SpO2=98 (raw:75/98 valid:1/1 sqi:1)
[2026-05-10 00:38:05.263] [GetTemp--2147478764]:i2c write failed
[2026-05-10 00:38:05.263] 6871,67,98,0.0
[2026-05-10 00:38:05.359] [GetTemp--2147478764]:i2c write failed
[2026-05-10 00:38:05.374] 6872,67,98,0.0
[2026-05-10 00:38:05.470] [GetTemp--2147478764]:i2c write failed
[2026-05-10 00:38:05.470] 6873,67,98,0.0
[2026-05-10 00:38:05.565] [GetTemp--2147478764]:i2c write failed
[2026-05-10 00:38:05.565] 6874,67,98,0.0
[2026-05-10 00:38:05.868] [GetTemp--2147478764]:i2c write failed
[2026-05-10 00:38:05.884] 6875,67,98,0.0
[2026-05-10 00:38:05.980] [GetTemp--2147478764]:i2c write failed
[2026-05-10 00:38:05.980] 6876,67,98,0.0
[2026-05-10 00:38:06.075] [GetTemp--2147478764]:i2c write failed
[2026-05-10 00:38:06.075] 6877,67,98,0.0
[2026-05-10 00:38:06.170] [GetTemp--2147478764]:i2c write failed
[2026-05-10 00:38:06.170] 6878,67,98,0.0
[2026-05-10 00:38:06.282] [GetTemp--2147478764]:i2c write failed
[2026-05-10 00:38:06.282] 6879,67,98,0.0
[2026-05-10 00:38:06.505] HR=76 SpO2=98 (raw:76/98 valid:1/1 sqi:1)
[2026-05-10 00:38:06.585] [GetTemp--2147478764]:i2c write failed
[2026-05-10 00:38:06.585] 6880,66,98,0.0
[2026-05-10 00:38:06.680] [GetTemp--2147478764]:i2c write failed
[2026-05-10 00:38:06.680] 6881,66,98,0.0
[2026-05-10 00:38:06.791] [GetTemp--2147478764]:i2c write failed
[2026-05-10 00:38:06.791] 6882,66,98,0.0
[2026-05-10 00:38:06.887] [GetTemp--2147478764]:i2c write failed
[2026-05-10 00:38:06.887] 6883,66,98,0.0
[2026-05-10 00:38:06.982] [GetTemp--2147478764]:i2c write failed
[2026-05-10 00:38:06.982] 6884,66,98,0.0
